LF,7,
LR,8,
LHST,9,
Left Front,10,
Left Rear,11,
Left-Hand Side,12,
RF,13,
RR,14,
RHST,15,
Right Front,16,
Right Rear,17,
Right-Hand Side,18,
Left Side Seat or Trim,19,
Right Side Seat or Trim,20,
Power Steering Column,21,
Premium Audio,22,
Left Hand Drive,23,
Right Hand Drive,24,
All Wheel Drive,25,
Rear Wheel Drive,26,
Premium Mirror with Powerfold,27,
Region Europe,28,
Region North America,29,
Active Suspension,30,
Coil Suspension,31,
Seat Belt Reminder Switch,32,
Occupant Classification System,33,
Seat Track Position Sensor,34,
Rear Display,35,
Charge Port China,36,
Active Vent Airbag,37,
Knee Airbag,38,
Far Side Airbag,39,
Pedestrian Protection,40,
Automatic Locking Retractor,41,
Premium Interior Lighting,42,
Tweeter,43,
Interior Cabin Radar,44,
Fascia Camera,45,
Trailer,46,
Lumbar,47,
Integrated Lumbar,48,
Second Row Heat Pad Cushion,49,
LHST,50,
RHST,51,
PCOLM,52,
PAUDIO,53,
LHD,54,
RHD,55,
AWD,56,
RWD,57,
PMIRR,58,
REEU,59,
RENA,60,
ASUSP,61,
CSUSP,62,
SBR,63,
OCS,64,
STPS,65,
DISP,66,
CPGB,67,
AVAB,68,
KAB,69,
FSAB,70,
PPRO,71,
ALR,72,
PINLT,73,
TWTR,74,
ICR,75,
FCM,76,
TOW,77,
LMBR,78,
LMBR2,79,
HEAT,80,
Table of Contents,81,
Vehicle Controller Layout,82,
Active Suspension,83,
Audio - LHD,84,
Audio - Microphones,85,
Audio - Premium Amp,86,
Audio - RHD,87,
Braking and Stability,88,
Braking and Stability - Wheel Speed Sensors,89,
CAN - Chassis,90,
CAN - Party,91,
CAN - Vehicle,92,
Center Console,93,
Charge Port Inlet,94,
Diagnostics,95,
Door - Front Left,96,
Door - Front Right,97,
Door - Rear Left,98,
Door - Rear Right,99,
Drive Inverters - Power and Comms,100,
Driver Inverters - Resolvers and Pedals,101,
Driver Assistance - LHD,102,
Driver Assistance - RHD,103,
Frunk Actuators / Sensors,104,
Grounding - Cabin,105,
Grounding - Frunk,106,
Grounding - Trunk,107,
Headliner,108,
HV Battery and HVIL,109,
HV Penthouse - PCS,110,
HVAC - Cabin,111,
HVAC - Case Subassembly,112,
HVAC - Heat Pump,113,
HVAC - Powertrain,114,
Instrument Panel,115,
Liftgate Actuators / Sensors,116,
Lights Exterior,117,
LIN,118,
Power Distribution - Main,119,
Power Distribution - VCFront 1/2,120,
Power Distribution - VCFront 2/2,121,
Power Distribution - VCLeft 1/2,122,
Power Distribution - VCLeft 2/2,123,
Power Distribution - VCRight 1/3,124,
Power Distribution - VCRight 2/3,125,
Power Distribution - VCRight 3/3,126,
Restraints Control Module - Airbags,127,
Restraints Control Module - Seatbelts,128,
Restraints Control Module - Sensors,129,
RF/Special Cables - LHD,130,
RF/Special Cables - RHD,131,
Seats - 1R Left,132,
Seats - 1R Right,133,
Seats - 2R,134,
Security Controls,135,
Steering,136,
Towing Interface,137,
Table 3: Wire Color Designators,138,
BK,139,
BN,140,
BU,141,
GN,142,
GY,143,
OG,144,
Black,145,
Brown,146,
Blue,147,
Green,148,
Gray,149,
Orange,150,
Red,151,
Tan,152,
Violet (Purple),153,
White,154,
Yellow,155,
Table 4: Wire Type Designators,156,
FLRY,157,
FLRB,158,
MCIV,159,
XR15,160,
FLXB,161,
3TBL,162,
F91X,163,
RD,164,
TN,165,
VT,166,
WH,167,
YE,168,
Table 1: Abbreviations,169,
"Thin wall 105C rated, regular stranded PVC insulated [FLRY-A]",170,
"Thin wall 105C rated, bunched conductor PVC insulated [FLRY-B]",171,
"Thin wall 105C rated, compressed conductor PVC (halogen free)",172,
insulated,173,
"Thin wall 150C rated, cross-linked polyolefin, high flexible",174,
"Thin wall 125C rated, cross-linked polyolefin, high flexible, ",175,
halogen free insulated,176,
"Thick wall 105C rated, aluminum conductor PVC insulated",177,
"Thin wall 150C rated, cross-linked polyethylene, high flexible",178,
Table 2: Harness Designators,179,
Des,180,
Name,181,
Harness Part Number Base,182,
2897315-XX-X,183,
1897316-XX-X,184,
1897340-XX-X,185,
1743022-XX-X,186,
1897321-XX-X,187,
1764461-XX-X,188,
2897318-XX-X,189,
1897319-XX-X,190,
1732579-XX-X,191,
1547266-XX-X,192,
1897343-XX-X(LHD)/,193,
1897344-XX-X(RHD),194,
1768837-XX-X,195,
1768838-XX-X,196,
1897345-XX-X,197,
1897320-XX-X,198,
1489051-XX-X,199,
1897322-XX-X,200,
1897346-XX-X,201,
1897323-XX-X,202,
1764463-XX-X,203,
1897324-XX-X,204,
1897325-XX-X,205,
2068767-XX-X,206,
1897317-XX-X,207,
2897330-XX-X,208,
1897329-XX-X,209,
1897333-XX-X,210,
1806516-00-X,211,
1344763-00-X,212,
1344764-00-X,213,
1344783-00-X,214,
1344784-00-X,215,
LH Body,216,
RH Body,217,
Center Console ,218,
Center Console Extention,219,
Front Door Left,220,
Front Door Trim,221,
Front Fascia,222,
Rear Fascia,223,
HV Penthouse,224,
HVAC Case,225,
IP,226,
IP Trim Left,227,
IP Trim Right,228,
Headliner,229,
FEM,230,
F Subframe,231,
Front Door Right,232,
Parcel Shelf,233,
Rear Door Left,234,
Rear Door Trim,235,
Rear Door Right,236,
Liftgate,237,
"Thermal Bar, Heat Pump",238,
Glass,239,
Frunk,240,
Rear Subframe,241,
1R Seat,242,
B2B Jumper,243,
Chassis Pigtail LF,244,
Chassis Pigtail RF,245,
Chassis Pigtail LR,246,
Chassis Pigtail RR,247,
A,248,
B,249,
C,250,
CE,251,
D,252,
DT,253,
F,254,
G,255,
H,256,
HVAC,257,
J,258,
JTL,259,
JTR,260,
K,261,
L,262,
N,263,
P,264,
Q,265,
R,266,
RT,267,
S,268,
T,269,
UHP,270,
V,271,
W,272,
X,273,
Y,274,
Z,275,
General Notes:,276,
1) Switches [Relays] are shown in their inactive [de-energized] state.,277,
2) Splices may be split across pages for visual clarity with respect to the function ,278,
     displayed on the particular page.,279,
3) Some connectors are split across multiple pages for clarity.,280,
     There is no overall reference in this document for the signals routed to a ,281,
     specific connector.,282,
4) Wire sizes are specified in mm^2 cross-sectional area (CSA) per SAE 1127/8,283,
"5) Wire Specification: 60V, thin-wall PVC (ISO type or equivalent).",284,
     Default wire type to be rated 60VDC/25VAC and -40C to 105C operating temperature.,285,
     See DIN 13602 or ISO 6722 for detailed specifications.,286,
"6) Unless otherwise specified at the device pins, terminal plating is to be Tin or Pre-Tin",287,
7) Inline connector gender specification is based on the terminal type.,288,
"     Inline connectors with ""M"" suffix have male, tab or pin terminals",289,
"     Inline connectors with ""F"" suffix have female, receptacle or socket terminals",290,
Page  Description,291,
Table 5: Option Codes,292,
1,293,
2,294,
3,295,
4,296,
5,297,
6,298,
7,299,
8,300,
9,301,
10,302,
11,303,
12,304,
13,305,
14,306,
15,307,
16,308,
17,309,
18,310,
19,311,
20,312,
21,313,
22,314,
23,315,
24,316,
25,317,
26,318,
27,319,
28,320,
29,321,
30,322,
31,323,
32,324,
33,325,
34,326,
35,327,
36,328,
37,329,
38,330,
39,331,
40,332,
41,333,
42,334,
43,335,
44,336,
45,337,
46,338,
47,339,
48,340,
49,341,
50,342,
51,343,
52,344,
53,345,
54,346,
55,347,
56,348,
57,349,
GOLD TERMINAL NECESSARY,350,
SILVER PLATING NECESSARY,351,
TERMINAL PLATING,352,
LT,419,
Left Controller,10310,
Right Controller,10311,
Front Controller,10312,
FRONT,10313,
DOOR,10314,
X053A/B,10315,
FRONT,10316,
SEAT,10317,
X052,10318,
HIGH POWER,10319,
X012,10320,
MAIN,10321,
X010,10322,
FRUNK,10323,
X057,10324,
THERMAL,10325,
X021,10326,
DCDC,10327,
X015,10328,
BODY 1,10329,
X050A/B,10330,
BODY 3,10331,
X060,10332,
B+,10333,
X014,10334,
FRUNK,10335,
X037,10336,
HVAC,10337,
X058,10338,
BODY 1,10339,
X030A/B,10340,
POWER & GND,10341,
X056,10342,
DASH,10343,
X055,10344,
BODY 4,10345,
X059,10346,
BODY 2,10347,
X051,10348,
FRONT,10349,
SEAT,10350,
X032,10351,
BODY 2,10352,
X031,10353,
HVAC,10354,
X038,10355,
BODY 3,10356,
X039,10357,
POWER & GND,10358,
X036,10359,
DASH,10360,
X035,10361,
FRONT,10362,
DOOR,10363,
X033A/B,10364,
HIGH POWER,10365,
X011,10366,
FRONT-FRONT,10370,
DOOR-DOOR,10371,
DOOR-X053A/B,10372,
HIGH POWER-HIGH POWER,10376,
FRONT-X012,10377,
MAIN-MAIN,10378,
X010-X010,10379,
X021-X021,10383,
DCDC-DCDC,10384,
DCDC-X015,10385,
BODY 3-BODY 3,10388,
X060-X060,10389,
X021-B+,10390,
X021-X014,10391,
FRONT-HVAC,10394,
DOOR-X058,10395,
POWER & GND-POWER & GND,10398,
X056-X056,10399,
DASH-DASH,10400,
X021-BODY 4,10402,
X021-X059,10403,
BODY 2-BODY 2,10404,
POWER & GND-X051,10405,
BODY 2-BODY 2,10409,
X031-X031,10410,
HIGH POWER-HVAC,10411,
HIGH POWER-X038,10412,
BODY 3-BODY 3,10413,
BODY 3-X039,10414,
POWER & GND-POWER & GND,10415,
BODY 3-X036,10416,
FRONT-FRONT,10419,
MAIN-DOOR,10420,
X010-X033A/B,10421,
POWER & GND-HIGH POWER,10422,
BODY 3-X011,10423,
CAU63-A,20000,
CAU62-B,20001,
CAU61-B,20002,
TAS24-A,20003,
TAS23-A,20004,
CAU88-A,20005,
CAU87-A,20006,
CAU86-A,20007,
CAU85-A,20008,
CAU74-A,20009,
CAU73-A,20010,
CAU72-A,20011,
CAU71-A,20012,
CAU84-A,20013,
CAU83-A,20014,
CAU82-A,20015,
CAU81-A,20016,
CAU78-A,20017,
CAU77-A,20018,
CAU76-A,20019,
CAU75-A,20020,
TAS22-A,20021,
TAS21-A,20022,
TAS28-A,20023,
TAS27-A,20024,
TAS16-B,20025,
TAS15-B,20026,
TAS26-A,20027,
TAS25-A,20028,
CAU61-A,20029,
CAU62-A,20030,
CAU54-A,20031,
CAU53-A,20032,
CAU52-A,20033,
CAU51-A,20034,
TAS14-A,20035,
TAS13-A,20036,
TAS12-A,20037,
TAS11-A,20038,
TAS17-A,20039,
TAS18-A,20040,
TAS15-A,20041,
TAS16-A,20042,
CAU64-A,20043,
X157A,20276,
X156A,20277,
X076,20278,
X156B,20279,
X155B,20280,
X157B,20281,
X154B,20282,
X075,20283,
X078,20284,
X162A,20285,
X077,20286,
X162B,20287,
X157AM,20288,
X156AM,20289,
X155A,20290,
X154A,20291,
X155A,20292,
X154AF,20293,
X155AF,20294,
X154A,20295,
X163A,20296,
X155AF,20297,
X163B,20298,
X154AF,20299,
X059,20300,
X050,20301,
X057,20302,
X057,20303,
X952F,20584,
X952M,20585,
X952M,20586,
X952F,20587,
X935M,20588,
X935F,20589,
X935M,20590,
X935F,20591,
Adaptive Damper Valve RF,20304,interactive.device.adaptivedampervalverf
Adaptive Damper Valve LF,20305,interactive.device.adaptivedampervalvelf
Adaptive Damper Valve RR,20306,interactive.device.adaptivedampervalverr
Adaptive Damper Valve LR,20307,interactive.device.adaptivedampervalvelr
Wheel Speed Sensor and Accelerometer RR Inline,20308,interactive.device.wheelspeedsensorandaccelerometerrrinline
Wheel Speed Sensor and Accelerometer LR Inline,20309,interactive.device.wheelspeedsensorandaccelerometerlrinline
EPB and Adaptive Damper Valve LR,20310,interactive.device.epbandadaptivedampervalvelr
"Wheel Speed Sensor, Accelerometer and Adaptive Damper Valve LF Inline",20311,interactive.device.wheelspeedsensoraccelerometerandadaptivedampervalvelfinline
"Wheel Speed Sensor, Accelerometer and Adaptive Damper Valve RF Inline",20312,interactive.device.wheelspeedsensoraccelerometerandadaptivedampervalverfinline
"Wheel Speed Sensor, Accelerometer and Adaptive Damper Valve LF Inline",20313,interactive.device.wheelspeedsensoraccelerometerandadaptivedampervalvelfinline
EPB and Adaptive Damper Valve RR,20314,interactive.device.epbandadaptivedampervalverr
"Wheel Speed Sensor, Accelerometer and Adaptive Damper Valve RF Inline",20315,interactive.device.wheelspeedsensoraccelerometerandadaptivedampervalverfinline
Body Controller Right,20316,interactive.device.bodycontrollerright
"Wheel Speed Sensor, Accelerometer LR Endpoint",20317,interactive.device.wheelspeedsensoraccelerometerlrendpoint
"Wheel Speed Sensor, Accelerometer RF Endpoint",20318,interactive.device.wheelspeedsensoraccelerometerrfendpoint
"Wheel Speed Sensor, Accelerometer RR Endpoint",20319,interactive.device.wheelspeedsensoraccelerometerrrendpoint
"Wheel Speed Sensor, Accelerometer LF Endpoint",20320,interactive.device.wheelspeedsensoraccelerometerlfendpoint
Control +,20418,interactive.pin.name.controlpositive
Control -,20419,interactive.pin.name.control
Control +,20420,interactive.pin.name.controlpositive
Control -,20421,interactive.pin.name.control
Control +,20422,interactive.pin.name.controlpositive
Control -,20423,interactive.pin.name.control
Control +,20424,interactive.pin.name.controlpositive
Control -,20425,interactive.pin.name.control
AP,20426,
AN,20427,
BP,20428,
BN,20429,
AN,20430,
AP,20431,
BP,20432,
BN,20433,
AP,20434,
AN,20435,
AN,20436,
AP,20437,
BP,20438,
BN,20439,
Control +,20440,interactive.pin.name.controlpositive
Control -,20441,interactive.pin.name.control
Control +,20442,interactive.pin.name.controlpositive
Control -,20443,interactive.pin.name.control
AP,20444,
AN,20445,
AN,20446,
AP,20447,
BP,20448,
BN,20449,
Control +,20450,interactive.pin.name.controlpositive
Control -,20451,interactive.pin.name.control
Control +,20452,interactive.pin.name.controlpositive
Control -,20453,interactive.pin.name.control
Control +,20454,interactive.pin.name.controlpositive
Control -,20455,interactive.pin.name.control
Control +,20456,interactive.pin.name.controlpositive
Control -,20457,interactive.pin.name.control
Control +,20458,interactive.pin.name.controlpositive
Control -,20459,interactive.pin.name.control
Control +,20460,interactive.pin.name.controlpositive
Control -,20461,interactive.pin.name.control
AP,20462,
AN,20463,
BP,20464,
BN,20465,
AN,20466,
AP,20467,
BP,20468,
BN,20469,
DAMPER_VALVE_FRONT_RIGHT,20470,
DAMPER_VALVE_FRONT_RIGHT_RETURN,20471,
DAMPER_VALVE_FRONT_LEFT,20472,
DAMPER_VALVE_FRONT_LEFT_RETURN,20473,
DAMPER_VALVE_REAR_RIGHT_RETURN,20474,
DAMPER_VALVE_REAR_RIGHT,20475,
DAMPER_VALVE_REAR_LEFT,20476,
DAMPER_VALVE_REAR_LEFT_RETURN,20477,
SUSPENSION_ACCELEROMETER_FRONT_A2B_P,20478,
SUSPENSION_ACCELEROMETER_FRONT_A2B_N,20479,
SUSPENSION_ACCELEROMETER_REAR_A2B_N,20480,
SUSPENSION_ACCELEROMETER_REAR_A2B_P,20481,
AN,20482,
AP,20483,
BP,20484,
BN,20485,
AN,20486,
AP,20487,
BP,20488,
BN,20489,
AN,20490,
AP,20491,
BP,20492,
BN,20493,
AN,20494,
AP,20495,
BP,20496,
BN,20497,
11,20498,
11,20499,
12,20500,
12,20501,
1,20502,
1,20503,
2,20504,
2,20505,
X076-1,20338,
X076-2,20339,
X075-1,20340,
X075-2,20341,
X078-1,20342,
X078-2,20343,
X077-1,20344,
X077-2,20345,
X157A-2,20346,
X157A-1,20347,
X157A-3,20348,
X157A-4,20349,
157AM-1,20350,
157AM-2,20351,
157AM-3,20352,
157AM-4,20353,
X156A-2,20354,
X156A-1,20355,
156AM-1,20356,
156AM-2,20357,
156AM-3,20358,
156AM-4,20359,
X162A-1,20360,
X162A-2,20361,
X162B-1,20362,
X162B-2,20363,
X154A-2,20364,
X154A-1,20365,
154AF-1,20366,
154AF-2,20367,
154AF-3,20368,
154AF-4,20369,
X155A-5,20370,
X155A-6,20371,
155AF-5,20372,
155AF-6,20373,
X154A-5,20374,
X154A-6,20375,
154AF-5,20376,
154AF-6,20377,
X163A-1,20378,
X163A-2,20379,
X163B-1,20380,
X163B-2,20381,
X155A-2,20382,
X155A-1,20383,
X155A-3,20384,
X155A-4,20385,
155AF-1,20386,
155AF-2,20387,
155AF-3,20388,
155AF-4,20389,
X057-5,20390,
X057-4,20391,
X057-16,20392,
X057-17,20393,
X059-32,20394,
X059-33,20395,
X059-35,20396,
X059-36,20397,
X057-20,20398,
X057-21,20399,
X050-59,20400,
X050-60,20401,
X156B-1,20402,
X156B-2,20403,
X156B-3,20404,
X156B-4,20405,
X155B-1,20406,
X155B-2,20407,
X155B-3,20408,
X155B-4,20409,
X157B-1,20410,
X157B-2,20411,
X157B-3,20412,
X157B-4,20413,
X154B-1,20414,
X154B-2,20415,
X154B-3,20416,
X154B-4,20417,
X952F-11,20592,
X952M-11,20593,
X952M-12,20594,
X952F-12,20595,
X935M-1,20596,
X935F-1,20597,
X935M-2,20598,
X935F-2,20599,
AUD71-B,30000,
AUD43-C,30001,
AUD29-C,30002,
AUD44-C,30003,
AUD30-C,30004,
AUD39-C,30005,
AUD40-C,30006,
AUD33-C,30007,
AUD34-C,30008,
AUD72-B,30009,
AUD32-C,30010,
AUD30-B,30011,
AUD29-B,30012,
AUD71-C,30013,
AUD72-C,30014,
AUD65_A-A,30015,
AUD66_A-A,30016,
AUD63_A-A,30017,
AUD64_A-A,30018,
AUD44-B,30019,
AUD43-B,30020,
AUD34-B,30021,
AUD33-B,30022,
CBR02-B,30023,
CBR01-B,30024,
AUD38_A-A,30025,
AUD22_A-A,30026,
AUD26_A-A,30027,
AUD25_A-A,30028,
AUD37_A-A,30029,
AUD21_A-A,30030,
AUD62_A-A,30031,
AUD61_A-A,30032,
AUD40-B,30033,
AUD32-A,30034,
AUD39-B,30035,
AUD31-A,30036,
AUD26_A-B,30037,
AUD25_A-B,30038,
AUD81-A,30039,
AUD36_A-A,30040,
AUD35_A-A,30041,
AUD31-C,30042,
AUD36_A-B,30043,
AUD35_A-B,30044,
AUD35_B-A,30045,
AUD35_B-B,30046,
AUD36_B-A,30047,
AUD36_B-B,30048,
AUD37_B-B,30049,
AUD37_B-A,30050,
AUD38_B-B,30051,
AUD38_B-A,30052,
AUD23-B,30053,
AUD23-A,30054,
AUD24-B,30055,
AUD24-A,30056,
AUD43-A,30057,
AUD29-A,30058,
AUD44-A,30059,
AUD30-A,30060,
AUD39-A,30061,
AUD31-D,30062,
AUD40-A,30063,
AUD32-D,30064,
AUD33-A,30065,
AUD34-A,30066,
AUD27-B,30067,
AUD28-A,30068,
AUD28-B,30069,
AUD31-E,30070,
AUD32-E,30071,
G612-A,30072,
AUD63_B-A,30073,
AUD64_B-A,30074,
AUD61_B-A,30075,
AUD65_B-A,30076,
AUD66_B-A,30077,
AUD62_B-A,30078,
AUD22_B-A,30079,
AUD21_B-A,30080,
AUD26_B-A,30081,
AUD25_B-A,30082,
AUD27-A,30083,
X171,30552,
X175,30553,
X171,30554,
X175,30555,
X175,30556,
X171,30557,
X171,30558,
X175,30559,
X562,30560,
X059,30561,
X051,30562,
X050,30563,
X039,30564,
X031,30565,
X033B,30566,
X562,30567,
X055,30568,
X053A,30569,
X053B,30570,
X575,30571,
X566,30572,
X595,30573,
X578,30574,
X568,30575,
X576,30576,
X604,30577,
X602,30578,
X033A,30579,
X586,30580,
X565,30581,
X569,30582,
X591,30583,
X579,30584,
X924M,30944,
X924F,30945,
X924F,30946,
X926F,30947,
X926F,30948,
X926M,30949,
X926M,30950,
X936M,30951,
X936F,30952,
X936F,30953,
X936F,30954,
X936M,30955,
X936F,30956,
X936M,30957,
X936F,30958,
X936F,30959,
X936M,30960,
X936F,30961,
X936M,30962,
X936M,30963,
X936M,30964,
X936M,30965,
X936F,30966,
X949M,30967,
X949F,30968,
X949F,30969,
X949M,30970,
X935F,30971,
X935F,30972,
X935M,30973,
X935M,30974,
X908F,30975,
X908M,30976,
X908M,30977,
X908F,30978,
X922M,30979,
X922M,30980,
X922F,30981,
X922F,30982,
X923F,30983,
X923M,30984,
X923F,30985,
X923M,30986,
X923F,30987,
X923M,30988,
X923F,30989,
X923M,30990,
X922F,30991,
X922M,30992,
X922F,30993,
X922M,30994,
X981M,30995,
X981F,30996,
X927M,30997,
X927F,30998,
X981M,30999,
X981F,31000,
X927M,31001,
X927F,31002,
X981M,31003,
X981F,31004,
X981M,31005,
X981F,31006,
X924M,31007,
X901F,31008,
X901M,31009,
X901F,31010,
X901M,31011,
X925M,31012,
X925F,31013,
X925M,31014,
X925F,31015,
G042,31160,
Speaker Pedestrian Warning Rear,30585,interactive.device.speakerpedestrianwarningrear
Speaker Superhorn,30586,interactive.device.speakersuperhorn
MCU (LHD),30587,interactive.device.mculhd
Body Controller Right,30588,interactive.device.bodycontrollerright
Body Controller Right,30589,interactive.device.bodycontrollerright
Body Controller Left,30590,interactive.device.bodycontrollerleft
Speaker Front Right Door Base,30591,interactive.device.speakerfrontrightdoorbase
Speaker IP Center,30592,interactive.device.speakeripcenter
Speaker Headliner Right,30593,interactive.device.speakerheadlinerright
Speaker Front Left Door Tweeter,30594,interactive.device.speakerfrontleftdoortweeter
Speaker Rear Left Door,30595,interactive.device.speakerrearleftdoor
Speaker Headliner Left,30596,interactive.device.speakerheadlinerleft
Speaker IP Left,30597,interactive.device.speakeripleft
Speaker Rear Right Door,30598,interactive.device.speakerrearrightdoor
Speaker IP Right,30599,interactive.device.speakeripright
Speaker Front Left Door Base,30600,interactive.device.speakerfrontleftdoorbase
Speaker Front Right Door Tweeter,30601,interactive.device.speakerfrontrightdoortweeter
Radio Tuner,30602,interactive.device.radiotuner
Speaker P,30704,interactive.pin.name.speakerp
Speaker N,30705,interactive.pin.name.speakern
Speaker P,30706,interactive.pin.name.speakerp
Speaker N,30707,interactive.pin.name.speakern
RADIO-BR-ETH_P,30708,
RADIO-BR-ETH_N,30709,
AMP2_4P,30710,
AMP2_4N,30711,
AMP3_1_N,30712,
AMP3_1_P,30713,
AMP3_3_N,30714,
AMP3_3_P,30715,
AMP3_4_P,30716,
AMP3_4_N,30717,
AMP2_2N,30718,
AMP2_2P,30719,
AMP2_1N,30720,
AMP2_1P,30721,
AMP3_2_P,30722,
AMP3_2_N,30723,
AMP2_3P,30724,
AMP2_3N,30725,
RPWS-AUD-OUT_N,30726,
RPWS-AUD-OUT_P,30727,
RADIO_TUNER,30728,
AUDIO_SPEAKER_CAP_FRONT_DOOR_PASSTHROUGH_P,30729,
AUDIO_TWEETER_FRONT_DOOR_PASSTHROUGH_P,30730,
AUDIO_TWEETER_FRONT_DOOR_PASSTHROUGH_N,30731,
AUDIO_TWEETER_FRONT_DOOR_PASSTHROUGH_P,30732,
AUDIO_TWEETER_FRONT_DOOR_PASSTHROUGH_N,30733,
AUDIO_SPEAKER_FRONT_DOOR_PASSTHROUGH_P,30734,
AUDIO_SPEAKER_FRONT_DOOR_PASSTHROUGH_N,30735,
AUDIO_SPEAKER_FRONT_DOOR_PASSTHROUGH_P,30736,
AUDIO_SPEAKER_FRONT_DOOR_PASSTHROUGH_N,30737,
AUDIO_SPEAKER_CAP_FRONT_DOOR_PASSTHROUGH_N,30738,
RIGHT_DASHBOARD_SPEAKER_PASSTHROUGH_N,30739,
RIGHT_DASHBOARD_SPEAKER_PASSTHROUGH_P,30740,
LEFT_DASHBOARD_SPEAKER_PASSTHROUGH_N,30741,
LEFT_DASHBOARD_SPEAKER_PASSTHROUGH_P,30742,
CENTER_DASHBOARD_SPEAKER_PASSTHROUGH_N,30743,
CENTER_DASHBOARD_SPEAKER_PASSTHROUGH_P,30744,
RIGHT_DASHBOARD_SPEAKER_PASSTHROUGH_N,30745,
RIGHT_DASHBOARD_SPEAKER_PASSTHROUGH_P,30746,
LEFT_DASHBOARD_SPEAKER_PASSTHROUGH_N,30747,
LEFT_DASHBOARD_SPEAKER_PASSTHROUGH_P,30748,
CENTER_DASHBOARD_SPEAKER_PASSTHROUGH_N,30749,
CENTER_DASHBOARD_SPEAKER_PASSTHROUGH_P,30750,
AUDIO_SPEAKER_FRONT_DOOR_PASSTHROUGH_P,30751,
AUDIO_SPEAKER_FRONT_DOOR_PASSTHROUGH_N,30752,
AUDIO_SPEAKER_FRONT_DOOR_PASSTHROUGH_P,30753,
AUDIO_SPEAKER_FRONT_DOOR_PASSTHROUGH_N,30754,
AUDIO_TWEETER_FRONT_DOOR_PASSTHROUGH_N,30755,
AUDIO_TWEETER_FRONT_DOOR_PASSTHROUGH_P,30756,
AUDIO_TWEETER_FRONT_DOOR_PASSTHROUGH_N,30757,
AUDIO_TWEETER_FRONT_DOOR_PASSTHROUGH_P,30758,
AUDIO_SPEAKER_CAP_FRONT_DOOR_PASSTHROUGH_P,30759,
AUDIO_SPEAKER_CAP_FRONT_DOOR_PASSTHROUGH_N,30760,
Speaker P,30761,interactive.pin.name.speakerp
Speaker N,30762,interactive.pin.name.speakern
Speaker P,30763,interactive.pin.name.speakerp
Speaker N,30764,interactive.pin.name.speakern
Speaker P,30765,interactive.pin.name.speakerp
Speaker N,30766,interactive.pin.name.speakern
Speaker N,30767,interactive.pin.name.speakern
Speaker P,30768,interactive.pin.name.speakerp
Speaker P,30769,interactive.pin.name.speakerp
Speaker N,30770,interactive.pin.name.speakern
Speaker N,30771,interactive.pin.name.speakern
Speaker P,30772,interactive.pin.name.speakerp
Speaker P,30773,interactive.pin.name.speakerp
Speaker N,30774,interactive.pin.name.speakern
Speaker N,30775,interactive.pin.name.speakern
Speaker P,30776,interactive.pin.name.speakerp
Speaker P,30777,interactive.pin.name.speakerp
Speaker N,30778,interactive.pin.name.speakern
Speaker P,30779,interactive.pin.name.speakerp
Speaker N,30780,interactive.pin.name.speakern
Speaker P,30781,interactive.pin.name.speakerp
Speaker N,30782,interactive.pin.name.speakern
ACC,30783,
Ground,30784,interactive.pin.name.ground
BR-,30785,
BR+,30786,
14,30787,
14,30788,
26,30789,
26,30790,
14,30791,
14,30792,
26,30793,
11,30794,
23,30795,
15,30796,
18,30797,
15,30798,
4,30799,
1,30800,
14,30801,
26,30802,
14,30803,
11,30804,
18,30805,
4,30806,
23,30807,
26,30808,
1,30809,
12,30810,
6,30811,
12,30812,
6,30813,
32,30814,
16,30815,
32,30816,
16,30817,
5,30818,
5,30819,
6,30820,
6,30821,
1,30822,
12,30823,
1,30824,
12,30825,
1,30826,
1,30827,
12,30828,
12,30829,
1,30830,
1,30831,
12,30832,
12,30833,
1,30834,
1,30835,
12,30836,
12,30837,
10,30838,
10,30839,
1,30840,
1,30841,
18,30842,
18,30843,
12,30844,
12,30845,
1,30846,
1,30847,
11,30848,
11,30849,
26,30850,
2,30851,
2,30852,
3,30853,
3,30854,
12,30855,
12,30856,
1,30857,
1,30858,
X604-1,30621,
X604-2,30622,
X602-1,30623,
X602-2,30624,
X175-11,30625,
X175-12,30626,
X171-7,30627,
X171-8,30628,
X175-9,30629,
X175-10,30630,
X175-3,30631,
X175-4,30632,
X175-7,30633,
X175-8,30634,
X171-5,30635,
X171-6,30636,
X171-1,30637,
X171-2,30638,
X175-13,30639,
X175-14,30640,
X171-3,30641,
X171-4,30642,
X171-15,30643,
X171-16,30644,
X050-45,30645,
X053A-5,30646,
X059-5,30647,
X059-6,30648,
X053A-22,30649,
X053A-23,30650,
X051-19,30651,
X051-35,30652,
X053B-2,30653,
X053B-1,30654,
X053A-6,30655,
X051-33,30656,
X051-34,30657,
X051-31,30658,
X051-32,30659,
X051-15,30660,
X051-16,30661,
X055-36,30662,
X055-35,30663,
X055-38,30664,
X055-37,30665,
X055-40,30666,
X055-39,30667,
X031-34,30668,
X031-33,30669,
X033B-3,30670,
X033B-4,30671,
X039-14,30672,
X039-15,30673,
X033A-6,30674,
X033A-5,30675,
X033B-1,30676,
X033B-2,30677,
X578-1,30678,
X578-2,30679,
X595-1,30680,
X595-2,30681,
X579-1,30682,
X579-2,30683,
X565-2,30684,
X565-1,30685,
X586-1,30686,
X586-2,30687,
X569-2,30688,
X569-1,30689,
X566-1,30690,
X566-2,30691,
X591-2,30692,
X591-1,30693,
X576-1,30694,
X576-2,30695,
X568-1,30696,
X568-2,30697,
X575-1,30698,
X575-2,30699,
X562-1,30700,
X562-4,30701,
X562-9,30702,
X562-7,30703,
X924M-14,31016,
X924F-14,31017,
X924F-26,31018,
X926F-26,31019,
X926F-14,31020,
X926M-14,31021,
X926M-26,31022,
X936M-11,31023,
X936F-23,31024,
X936F-15,31025,
X936F-18,31026,
X936M-15,31027,
X936F-4,31028,
X936M-1,31029,
X936F-14,31030,
X936F-26,31031,
X936M-14,31032,
X936F-11,31033,
X936M-18,31034,
X936M-4,31035,
X936M-23,31036,
X936M-26,31037,
X936F-1,31038,
X949M-12,31039,
X949F-6,31040,
X949F-12,31041,
X949M-6,31042,
X935F-32,31043,
X935F-16,31044,
X935M-32,31045,
X935M-16,31046,
X908F-5,31047,
X908M-5,31048,
X908M-6,31049,
X908F-6,31050,
X922M-1,31051,
X922M-12,31052,
X922F-1,31053,
X922F-12,31054,
X923F-1,31055,
X923M-1,31056,
X923F-12,31057,
X923M-12,31058,
X923F-1,31059,
X923M-1,31060,
X923F-12,31061,
X923M-12,31062,
X922F-1,31063,
X922M-1,31064,
X922F-12,31065,
X922M-12,31066,
X981M-10,31067,
X981F-10,31068,
X927M-1,31069,
X927F-1,31070,
X981M-18,31071,
X981F-18,31072,
X927M-12,31073,
X927F-12,31074,
X981M-1,31075,
X981F-1,31076,
X981M-11,31077,
X981F-11,31078,
X924M-26,31079,
X901F-2,31080,
X901M-2,31081,
X901F-3,31082,
X901M-3,31083,
X925M-12,31084,
X925F-12,31085,
X925M-1,31086,
X925F-1,31087,
INL02-A,40000,
INL01-A,40001,
CAU06-A,40002,
CAU04-A,40003,
CAU05-A,40004,
CAU07-A,40005,
CAU08-A,40006,
CAU08-B,40007,
CAU07-B,40008,
CAU01-B,40009,
CAU01-A,40010,
CAU04-B,40011,
CAU03-B,40012,
CAU02-A,40013,
CAU02-B,40014,
+ETH03-A,40015,
+ETH03-B,40016,
+TCU01-B,40017,
+TCU01-A,40018,
CAU07-C,40019,
CAU08-C,40020,
CAU04-C,40021,
CAU03-C,40022,
CAU03-A,40023,
X299,40145,
X608,40146,
X608,40147,
X609,40148,
X609,40149,
X563,40150,
X607,40151,
X825,40152,
X607,40153,
X175A,40154,
X833A,40155,
X171A,40156,
X833,40157,
X171,40158,
X175,40159,
X981M,40278,
X981F,40279,
X981M,40280,
X981F,40281,
X981M,40282,
X981F,40283,
X981M,40284,
X981F,40285,
X936M,40286,
X936F,40287,
X936F,40288,
X936F,40289,
X936F,40290,
X936M,40291,
X936M,40292,
X936M,40293,
Front Overhead Module,40160,interactive.device.frontoverheadmodule
Microphone - Overhead Left,40161,interactive.device.microphoneoverheadleft
Microphone - Overhead Right,40162,interactive.device.microphoneoverheadright
Premium Amp Audio,40163,interactive.device.premiumampaudio
TCU,40164,
MCU (RHD),40165,interactive.device.mcurhd
MCU (LHD),40166,interactive.device.mculhd
Ground,40202,interactive.pin.name.ground
Ground,40203,interactive.pin.name.ground
A-,40204,
A+,40205,
Ground,40206,interactive.pin.name.ground
B+,40207,
B-,40208,
A-,40209,
A+,40210,
Ground,40211,interactive.pin.name.ground
B+,40212,
B-,40213,
A2bInP,40214,interactive.pin.name.a2binp
A2bInN,40215,interactive.pin.name.a2binn
A2B_OUT_UP_P,40216,
A2B_OUT_UP_N,40217,
VBAT,40218,
A2B_OUT_DOWN_N,40219,
A2B_OUT_DOWN_P,40220,
Ethernet,40221,interactive.pin.name.ethernet
A2B-A-OUT_N,40222,
A2B-A-OUT_P,40223,
Ethernet,40224,interactive.pin.name.ethernet
PVBAT-TCU,40225,
A2B-A-OUT_P,40226,
A2B-A-OUT_N,40227,
PVBAT-TCU,40228,
Ethernet,40229,interactive.pin.name.ethernet
15,40230,
15,40231,
14,40232,
14,40233,
6,40234,
6,40235,
5,40236,
5,40237,
8,40238,
8,40239,
7,40240,
20,40241,
21,40242,
21,40243,
7,40244,
20,40245,
X299-8,40174,
X299-16,40175,
X608-1,40176,
X608-2,40177,
X608-3,40178,
X608-4,40179,
X608-5,40180,
X609-1,40181,
X609-2,40182,
X609-3,40183,
X609-4,40184,
X609-5,40185,
X563-7,40186,
X563-8,40187,
X607-3,40188,
X607-4,40189,
X607-5,40190,
X607-7,40191,
X607-8,40192,
X825-H,40193,
X175A-15,40194,
X175A-16,40195,
X833A-H,40196,
X171A-14,40197,
X175-16,40198,
X175-15,40199,
X171-14,40200,
X833-H,40201,
X981M-15,40294,
X981F-15,40295,
X981M-14,40296,
X981F-14,40297,
X981M-6,40298,
X981F-6,40299,
X981M-5,40300,
X981F-5,40301,
X936M-8,40302,
X936F-8,40303,
X936F-7,40304,
X936F-20,40305,
X936F-21,40306,
X936M-21,40307,
X936M-7,40308,
X936M-20,40309,
AMP08-A,50000,
AMP06-A,50001,
AMP05-A,50002,
AMP29-C,50003,
AMP30-C,50004,
CAU07-C,50005,
CAU08-C,50006,
AMP07-A,50007,
AMP32-D,50008,
AMP31-D,50009,
AMP29-B,50010,
AMP30-B,50011,
CAU07-B,50012,
CAU08-B,50013,
AMP26_A-A,50014,
AMP25_A-B,50015,
AMP32-B,50016,
AMP31-B,50017,
AMP25_A-A,50018,
AMP26_A-B,50019,
AMP01-A,50020,
AMP04-A,50021,
AMP21_A-A,50022,
AMP22_A-A,50023,
AMP53_A-A,50024,
AMP54_A-A,50025,
AMP03-A,50026,
G091-A,50027,
AMP91-A,50028,
AMP52_A-B,50029,
AMP51_A-B,50030,
AMP51_A-A,50031,
AMP52_A-A,50032,
AMP02-A,50033,
CAU06-A,50034,
CAU05-A,50035,
AMP54_B-B,50036,
AMP53_B-B,50037,
AMP29-A,50038,
AMP30-A,50039,
AMP21_B-A,50040,
AMP22_B-A,50041,
AMP51_B-B,50042,
AMP52_B-B,50043,
AMP01-B,50044,
AMP26_B-A,50045,
AMP25_B-A,50046,
AMP04-B,50047,
AMP03-B,50048,
AMP51_B-A,50049,
AMP52_B-A,50050,
AMP54_B-A,50051,
AMP53_B-A,50052,
AMP32-C,50053,
AMP31-C,50054,
AMP31-A,50055,
AMP32-A,50056,
CAU07-A,50057,
CAU08-A,50058,
AMP02-B,50059,
X561,50398,
X560,50399,
X561,50400,
X563,50401,
X561,50402,
X561,50403,
X560,50404,
X560,50405,
X051,50406,
X060,50407,
X031,50408,
X580,50409,
X591,50410,
X577,50411,
X570,50412,
X601,50413,
X600,50414,
X567,50415,
X588,50416,
X586,50417,
X609,50418,
X053B,50419,
X033B,50420,
X593,50421,
X924M,50700,
X924F,50701,
X924F,50702,
X926F,50703,
X926M,50704,
X926F,50705,
X926M,50706,
X936F,50707,
X936M,50708,
X936F,50709,
X936M,50710,
X936F,50711,
X936M,50712,
X936M,50713,
X936M,50714,
X936F,50715,
X936F,50716,
X936F,50717,
X936M,50718,
X970M,50719,
X970M,50720,
X970M,50721,
X935M,50722,
X935M,50723,
X935F,50724,
X935F,50725,
X970M,50726,
X922F,50727,
X922M,50728,
X922F,50729,
X922M,50730,
X923F,50731,
X923M,50732,
X923F,50733,
X923M,50734,
X924M,50735,
X927M,50736,
X927F,50737,
X927M,50738,
X927F,50739,
X925M,50740,
X925F,50741,
X925M,50742,
X925F,50743,
X970F,50744,
X970F,50745,
X970F,50746,
X970F,50747,
X981F,50748,
X981F,50749,
X981M,50750,
X981M,50751,
G042,50856,
Speaker Front Right Door 80mm,50422,interactive.device.speakerfrontrightdoor80mm
Speaker Rear Right Door,50423,interactive.device.speakerrearrightdoor
Speaker Front Right Door Prem Woofer,50424,interactive.device.speakerfrontrightdoorpremwoofer
Speaker Front Left Door 80mm,50425,interactive.device.speakerfrontleftdoor80mm
Speaker Parcel Shelf Right,50426,interactive.device.speakerparcelshelfright
Speaker Subwoofer Left Parcel Shelf,50427,interactive.device.speakersubwooferleftparcelshelf
Speaker Subwoofer Right Parcel Shelf,50428,interactive.device.speakersubwooferrightparcelshelf
Speaker Front Left Door Prem Woofer,50429,interactive.device.speakerfrontleftdoorpremwoofer
Speaker Parcel Shelf Left,50430,interactive.device.speakerparcelshelfleft
Speaker Rear Left Door,50431,interactive.device.speakerrearleftdoor
Premium Amp Audio,50432,interactive.device.premiumampaudio
Microphone - Overhead Right,50433,interactive.device.microphoneoverheadright
Body Controller Right,50434,interactive.device.bodycontrollerright
Body Controller Left,50435,interactive.device.bodycontrollerleft
Body Controller Right,50436,interactive.device.bodycontrollerright
26,50517,
26,50518,
14,50519,
14,50520,
14,50521,
26,50522,
26,50523,
15,50524,
20,50525,
1,50526,
21,50527,
14,50528,
26,50529,
15,50530,
1,50531,
20,50532,
26,50533,
21,50534,
14,50535,
1,50536,
4,50537,
3,50538,
6,50539,
5,50540,
5,50541,
6,50542,
2,50543,
11,50544,
11,50545,
20,50546,
20,50547,
20,50548,
20,50549,
11,50550,
11,50551,
14,50552,
1,50553,
1,50554,
12,50555,
12,50556,
12,50557,
1,50558,
1,50559,
12,50560,
2,50561,
4,50562,
1,50563,
3,50564,
15,50565,
14,50566,
15,50567,
14,50568,
Speaker P,50569,interactive.pin.name.speakerp
Speaker N,50570,interactive.pin.name.speakern
Speaker P,50571,interactive.pin.name.speakerp
Speaker N,50572,interactive.pin.name.speakern
Speaker P,50573,interactive.pin.name.speakerp
Speaker N,50574,interactive.pin.name.speakern
Speaker P,50575,interactive.pin.name.speakerp
Speaker N,50576,interactive.pin.name.speakern
Speaker P,50577,interactive.pin.name.speakerp
Speaker N,50578,interactive.pin.name.speakern
Speaker P,50579,interactive.pin.name.speakerp
Speaker N,50580,interactive.pin.name.speakern
Speaker P,50581,interactive.pin.name.speakerp
Speaker N,50582,interactive.pin.name.speakern
Speaker P,50583,interactive.pin.name.speakerp
Speaker N,50584,interactive.pin.name.speakern
Speaker P,50585,interactive.pin.name.speakerp
Speaker N,50586,interactive.pin.name.speakern
Speaker P,50587,interactive.pin.name.speakerp
Speaker N,50588,interactive.pin.name.speakern
Left Rear Door Speaker N,50589,interactive.pin.name.leftreardoorspeakern
Left Rear Door Speaker P,50590,interactive.pin.name.leftreardoorspeakerp
Right Rear Door Speaker P,50591,interactive.pin.name.rightreardoorspeakerp
Right Rear Door Speaker N,50592,interactive.pin.name.rightreardoorspeakern
Right Parcel Shelf Speaker N,50593,interactive.pin.name.rightparcelshelfspeakern
Right Parcel Shelf Speaker P,50594,interactive.pin.name.rightparcelshelfspeakerp
Left Parcel Shelf Speaker N,50595,interactive.pin.name.leftparcelshelfspeakern
Left Parcel Shelf Speaker P,50596,interactive.pin.name.leftparcelshelfspeakerp
Right Front Door Woofer N,50597,interactive.pin.name.rightfrontdoorwoofern
Right Front Door Woofer P,50598,interactive.pin.name.rightfrontdoorwooferp
Subwoofer VC1 N,50599,interactive.pin.name.subwoofervc1n
Subwoofer VC2 P,50600,interactive.pin.name.subwoofervc2p
Gnd,50601,
VbatAccIn14v0,50602,interactive.pin.name.vbataccin14v0
Left Front Door Woofer N,50603,interactive.pin.name.leftfrontdoorwoofern
Left Front Door Woofer P,50604,interactive.pin.name.leftfrontdoorwooferp
Subwoofer VC1 P,50605,interactive.pin.name.subwoofervc1p
Subwoofer VC2 N,50606,interactive.pin.name.subwoofervc2n
A2bInP,50607,interactive.pin.name.a2binp
A2bInN,50608,interactive.pin.name.a2binn
Right Front Door A3E N,50609,interactive.pin.name.rightfrontdoora3en
Right Front Door A3E P,50610,interactive.pin.name.rightfrontdoora3ep
Left Front Door A3E P,50611,interactive.pin.name.leftfrontdoora3ep
Left Front Door A3E N,50612,interactive.pin.name.leftfrontdoora3en
A-,50613,
A+,50614,
B+,50615,
B-,50616,
PREMIUM_AMP_ECU,50617,
AUDIO_80MM_SPEAKER_FRONT_DOOR_PASSTHROUGH_P,50618,
AUDIO_80MM_SPEAKER_FRONT_DOOR_PASSTHROUGH_N,50619,
AUDIO_80MM_SPEAKER_FRONT_DOOR_PASSTHROUGH_P,50620,
AUDIO_80MM_SPEAKER_FRONT_DOOR_PASSTHROUGH_N,50621,
AUDIO_SPEAKER_FRONT_DOOR_PASSTHROUGH_P,50622,
AUDIO_SPEAKER_FRONT_DOOR_PASSTHROUGH_N,50623,
AUDIO_SPEAKER_FRONT_DOOR_PASSTHROUGH_P,50624,
AUDIO_SPEAKER_FRONT_DOOR_PASSTHROUGH_N,50625,
AUDIO_SPEAKER_FRONT_DOOR_PASSTHROUGH_P,50626,
AUDIO_SPEAKER_FRONT_DOOR_PASSTHROUGH_N,50627,
AUDIO_SPEAKER_FRONT_DOOR_PASSTHROUGH_P,50628,
AUDIO_SPEAKER_FRONT_DOOR_PASSTHROUGH_N,50629,
AUDIO_80MM_SPEAKER_FRONT_DOOR_PASSTHROUGH_P,50630,
AUDIO_80MM_SPEAKER_FRONT_DOOR_PASSTHROUGH_N,50631,
AUDIO_80MM_SPEAKER_FRONT_DOOR_PASSTHROUGH_P,50632,
AUDIO_80MM_SPEAKER_FRONT_DOOR_PASSTHROUGH_N,50633,
X580-1,50452,
X580-2,50453,
X591-1,50454,
X591-2,50455,
X577-1,50456,
X577-2,50457,
X570-1,50458,
X570-2,50459,
X593-1,50460,
X593-2,50461,
X601-1,50462,
X601-2,50463,
X600-1,50464,
X600-2,50465,
X567-1,50466,
X567-2,50467,
X588-1,50468,
X588-2,50469,
X586-1,50470,
X586-2,50471,
X560-1,50472,
X560-2,50473,
X560-3,50474,
X560-4,50475,
X560-5,50476,
X560-6,50477,
X560-11,50478,
X560-12,50479,
X561-1,50480,
X561-2,50481,
X561-3,50482,
X561-4,50483,
X561-5,50484,
X561-6,50485,
X561-7,50486,
X561-8,50487,
X561-9,50488,
X561-10,50489,
X563-7,50490,
X563-8,50491,
X560-7,50492,
X560-8,50493,
X560-9,50494,
X560-10,50495,
X609-1,50496,
X609-2,50497,
X609-4,50498,
X609-5,50499,
X060-1,50500,
X031-36,50501,
X031-35,50502,
X033B-5,50503,
X033B-6,50504,
X031-34,50505,
X031-33,50506,
X033B-3,50507,
X033B-4,50508,
X051-19,50509,
X051-35,50510,
X053B-2,50511,
X053B-1,50512,
X051-20,50513,
X051-36,50514,
X053B-6,50515,
X053B-5,50516,
X924M-26,50752,
X924F-26,50753,
X924F-14,50754,
X926F-14,50755,
X926M-14,50756,
X926F-26,50757,
X926M-26,50758,
X936F-15,50759,
X936M-20,50760,
X936F-1,50761,
X936M-21,50762,
X936F-14,50763,
X936M-26,50764,
X936M-15,50765,
X936M-1,50766,
X936F-20,50767,
X936F-26,50768,
X936F-21,50769,
X936M-14,50770,
X970M-1,50771,
X970M-4,50772,
X970M-3,50773,
X935M-6,50774,
X935M-5,50775,
X935F-5,50776,
X935F-6,50777,
X970M-2,50778,
X922F-11,50779,
X922M-11,50780,
X922F-20,50781,
X922M-20,50782,
X923F-20,50783,
X923M-20,50784,
X923F-11,50785,
X923M-11,50786,
X924M-14,50787,
X927M-1,50788,
X927F-1,50789,
X927M-12,50790,
X927F-12,50791,
X925M-12,50792,
X925F-1,50793,
X925M-1,50794,
X925F-12,50795,
X970F-2,50796,
X970F-4,50797,
X970F-1,50798,
X970F-3,50799,
X981F-15,50800,
X981F-14,50801,
X981M-15,50802,
X981M-14,50803,
AUD71-B,60000,
AUD43-C,60001,
AUD29-C,60002,
AUD44-C,60003,
AUD30-C,60004,
AUD39-C,60005,
AUD40-C,60006,
AUD33-C,60007,
AUD34-C,60008,
AUD72-B,60009,
AUD29-D,60010,
AUD30-D,60011,
AUD31-C,60012,
AUD32-C,60013,
AUD44-D,60014,
AUD25_A-B,60015,
AUD25_A-C,60016,
AUD39-D,60017,
AUD32-B,60018,
AUD40-D,60019,
AUD31-B,60020,
AUD43-D,60021,
AUD26_A-B,60022,
AUD26_A-C,60023,
AUD72-A,60024,
AUD71-A,60025,
AUD35_A-A,60026,
AUD36_A-A,60027,
CBR02-A,60028,
CBR01-A,60029,
AUD81-A,60030,
AUD65_A-B,60031,
AUD64_A-B,60032,
AUD63_A-B,60033,
AUD66_A-B,60034,
AUD33-D,60035,
AUD34-D,60036,
AUD21_A-B,60037,
AUD37_A-B,60038,
AUD38_A-B,60039,
AUD22_A-B,60040,
AUD61_A-B,60041,
AUD62_A-B,60042,
AUD36_A-C,60043,
AUD35_A-C,60044,
AUD38_B-B,60045,
AUD24-B,60046,
AUD37_B-B,60047,
AUD23-B,60048,
AUD29-A,60049,
AUD30-A,60050,
AUD40-A,60051,
AUD39-A,60052,
AUD21_B-A,60053,
AUD22_B-A,60054,
AUD62_B-A,60055,
AUD61_B-A,60056,
AUD25_B-A,60057,
AUD26_B-A,60058,
AUD36_B-A,60059,
AUD28-A,60060,
AUD35_B-A,60061,
AUD64_B-A,60062,
AUD63_B-A,60063,
AUD66_B-A,60064,
AUD65_B-A,60065,
AUD44-A,60066,
AUD43-A,60067,
AUD35_B-B,60068,
AUD36_B-B,60069,
AUD37_B-A,60070,
AUD38_B-A,60071,
AUD23-A,60072,
AUD24-A,60073,
AUD31-D,60074,
AUD32-D,60075,
AUD33-A,60076,
AUD34-A,60077,
AUD27-B,60078,
AUD28-B,60079,
AUD32-E,60080,
AUD31-E,60081,
G612-A,60082,
AUD27-A,60083,
X562,60550,
X175A,60551,
X050,60552,
X175A,60553,
X171A,60554,
X171A,60555,
X175A,60556,
X051,60557,
X175A,60558,
X171A,60559,
X171A,60560,
X059,60561,
X031,60562,
X039,60563,
X033B,60564,
X575,60565,
X578,60566,
X595,60567,
X568,60568,
X566,60569,
X576,60570,
X053A,60571,
X055,60572,
X053B,60573,
X562,60574,
X591,60575,
X569,60576,
X565,60577,
X604,60578,
X579,60579,
X602,60580,
X586,60581,
X033A,60582,
X924M,60941,
X924F,60942,
X926F,60943,
X926M,60944,
X926F,60945,
X926M,60946,
X924F,60947,
X936F,60948,
X936M,60949,
X936F,60950,
X936M,60951,
X936M,60952,
X936M,60953,
X936F,60954,
X936M,60955,
X936M,60956,
X936F,60957,
X936M,60958,
X936F,60959,
X936F,60960,
X936F,60961,
X936F,60962,
X936M,60963,
X949F,60964,
X949M,60965,
X949M,60966,
X949F,60967,
X935F,60968,
X935M,60969,
X935M,60970,
X935F,60971,
X908F,60972,
X908M,60973,
X908M,60974,
X908F,60975,
X922M,60976,
X922M,60977,
X922F,60978,
X922F,60979,
X923F,60980,
X923M,60981,
X923F,60982,
X923M,60983,
X923F,60984,
X923M,60985,
X923F,60986,
X923M,60987,
X922F,60988,
X922M,60989,
X922F,60990,
X922M,60991,
X981M,60992,
X981F,60993,
X927M,60994,
X927F,60995,
X981M,60996,
X981F,60997,
X927M,60998,
X927F,60999,
X981M,61000,
X981F,61001,
X981M,61002,
X981F,61003,
X924M,61004,
X901F,61005,
X901M,61006,
X901F,61007,
X901M,61008,
X925M,61009,
X925F,61010,
X925M,61011,
X925F,61012,
G042,61157,
Speaker Front Right Door Tweeter,60583,interactive.device.speakerfrontrightdoortweeter
Speaker Rear Right Door,60584,interactive.device.speakerrearrightdoor
Speaker Headliner Left,60585,interactive.device.speakerheadlinerleft
Speaker Front Right Door Base,60586,interactive.device.speakerfrontrightdoorbase
Speaker IP Center,60587,interactive.device.speakeripcenter
Speaker Front Left Door Base,60588,interactive.device.speakerfrontleftdoorbase
Speaker Front Left Door Tweeter,60589,interactive.device.speakerfrontleftdoortweeter
Speaker IP Left,60590,interactive.device.speakeripleft
Speaker IP Right,60591,interactive.device.speakeripright
Speaker Pedestrian Warning Rear,60592,interactive.device.speakerpedestrianwarningrear
Speaker Headliner Right,60593,interactive.device.speakerheadlinerright
Speaker Superhorn,60594,interactive.device.speakersuperhorn
Speaker Rear Left Door,60595,interactive.device.speakerrearleftdoor
Radio Tuner,60596,interactive.device.radiotuner
Body Controller Right,60597,interactive.device.bodycontrollerright
MCU (RHD),60598,interactive.device.mcurhd
Body Controller Left,60599,interactive.device.bodycontrollerleft
Body Controller Right,60600,interactive.device.bodycontrollerright
Speaker P,60702,interactive.pin.name.speakerp
Speaker N,60703,interactive.pin.name.speakern
Speaker N,60704,interactive.pin.name.speakern
Speaker P,60705,interactive.pin.name.speakerp
Speaker N,60706,interactive.pin.name.speakern
Speaker P,60707,interactive.pin.name.speakerp
Speaker P,60708,interactive.pin.name.speakerp
Speaker N,60709,interactive.pin.name.speakern
Speaker P,60710,interactive.pin.name.speakerp
Speaker N,60711,interactive.pin.name.speakern
Speaker P,60712,interactive.pin.name.speakerp
Speaker N,60713,interactive.pin.name.speakern
Speaker N,60714,interactive.pin.name.speakern
Speaker P,60715,interactive.pin.name.speakerp
Speaker P,60716,interactive.pin.name.speakerp
Speaker N,60717,interactive.pin.name.speakern
Speaker P,60718,interactive.pin.name.speakerp
Speaker N,60719,interactive.pin.name.speakern
Speaker P,60720,interactive.pin.name.speakerp
Speaker N,60721,interactive.pin.name.speakern
Speaker P,60722,interactive.pin.name.speakerp
Speaker N,60723,interactive.pin.name.speakern
Speaker P,60724,interactive.pin.name.speakerp
Speaker N,60725,interactive.pin.name.speakern
Speaker P,60726,interactive.pin.name.speakerp
Speaker N,60727,interactive.pin.name.speakern
ACC,60728,
Ground,60729,interactive.pin.name.ground
BR-,60730,
BR+,60731,
RADIO_TUNER,60732,
RADIO-BR-ETH_P,60733,
RADIO-BR-ETH_N,60734,
AMP3_1_P,60735,
AMP3_1_N,60736,
AMP3_3_P,60737,
AMP3_3_N,60738,
AMP3_4_P,60739,
AMP3_4_N,60740,
AMP2_1N,60741,
AMP2_1P,60742,
AMP3_2_P,60743,
AMP3_2_N,60744,
AMP2_3P,60745,
AMP2_3N,60746,
AMP2_2P,60747,
AMP2_2N,60748,
AMP2_4P,60749,
AMP2_4N,60750,
RPWS-AUD-OUT_N,60751,
RPWS-AUD-OUT_P,60752,
AUDIO_SPEAKER_FRONT_DOOR_PASSTHROUGH_P,60753,
AUDIO_SPEAKER_FRONT_DOOR_PASSTHROUGH_N,60754,
AUDIO_SPEAKER_FRONT_DOOR_PASSTHROUGH_P,60755,
AUDIO_SPEAKER_FRONT_DOOR_PASSTHROUGH_N,60756,
AUDIO_TWEETER_FRONT_DOOR_PASSTHROUGH_P,60757,
AUDIO_TWEETER_FRONT_DOOR_PASSTHROUGH_N,60758,
AUDIO_TWEETER_FRONT_DOOR_PASSTHROUGH_N,60759,
AUDIO_TWEETER_FRONT_DOOR_PASSTHROUGH_P,60760,
AUDIO_SPEAKER_CAP_FRONT_DOOR_PASSTHROUGH_P,60761,
AUDIO_SPEAKER_CAP_FRONT_DOOR_PASSTHROUGH_N,60762,
AUDIO_SPEAKER_CAP_FRONT_DOOR_PASSTHROUGH_P,60763,
AUDIO_TWEETER_FRONT_DOOR_PASSTHROUGH_P,60764,
AUDIO_TWEETER_FRONT_DOOR_PASSTHROUGH_N,60765,
AUDIO_TWEETER_FRONT_DOOR_PASSTHROUGH_P,60766,
AUDIO_TWEETER_FRONT_DOOR_PASSTHROUGH_N,60767,
AUDIO_SPEAKER_FRONT_DOOR_PASSTHROUGH_P,60768,
AUDIO_SPEAKER_FRONT_DOOR_PASSTHROUGH_N,60769,
AUDIO_SPEAKER_FRONT_DOOR_PASSTHROUGH_P,60770,
AUDIO_SPEAKER_FRONT_DOOR_PASSTHROUGH_N,60771,
AUDIO_SPEAKER_CAP_FRONT_DOOR_PASSTHROUGH_N,60772,
RIGHT_DASHBOARD_SPEAKER_PASSTHROUGH_N,60773,
RIGHT_DASHBOARD_SPEAKER_PASSTHROUGH_P,60774,
LEFT_DASHBOARD_SPEAKER_PASSTHROUGH_N,60775,
LEFT_DASHBOARD_SPEAKER_PASSTHROUGH_P,60776,
CENTER_DASHBOARD_SPEAKER_PASSTHROUGH_N,60777,
CENTER_DASHBOARD_SPEAKER_PASSTHROUGH_P,60778,
RIGHT_DASHBOARD_SPEAKER_PASSTHROUGH_N,60779,
RIGHT_DASHBOARD_SPEAKER_PASSTHROUGH_P,60780,
LEFT_DASHBOARD_SPEAKER_PASSTHROUGH_N,60781,
LEFT_DASHBOARD_SPEAKER_PASSTHROUGH_P,60782,
CENTER_DASHBOARD_SPEAKER_PASSTHROUGH_N,60783,
CENTER_DASHBOARD_SPEAKER_PASSTHROUGH_P,60784,
14,60785,
14,60786,
14,60787,
14,60788,
26,60789,
26,60790,
26,60791,
11,60792,
4,60793,
26,60794,
26,60795,
11,60796,
15,60797,
4,60798,
23,60799,
1,60800,
23,60801,
18,60802,
18,60803,
1,60804,
15,60805,
14,60806,
14,60807,
12,60808,
6,60809,
12,60810,
6,60811,
16,60812,
32,60813,
16,60814,
32,60815,
5,60816,
5,60817,
6,60818,
6,60819,
1,60820,
12,60821,
1,60822,
12,60823,
1,60824,
1,60825,
12,60826,
12,60827,
1,60828,
1,60829,
12,60830,
12,60831,
1,60832,
1,60833,
12,60834,
12,60835,
10,60836,
10,60837,
1,60838,
1,60839,
18,60840,
18,60841,
12,60842,
12,60843,
1,60844,
1,60845,
11,60846,
11,60847,
26,60848,
2,60849,
2,60850,
3,60851,
3,60852,
1,60853,
12,60854,
12,60855,
1,60856,
X575-1,60619,
X575-2,60620,
X591-2,60621,
X591-1,60622,
X569-2,60623,
X569-1,60624,
X578-1,60625,
X578-2,60626,
X595-1,60627,
X595-2,60628,
X568-1,60629,
X568-2,60630,
X565-2,60631,
X565-1,60632,
X566-1,60633,
X566-2,60634,
X576-1,60635,
X576-2,60636,
X604-1,60637,
X604-2,60638,
X579-1,60639,
X579-2,60640,
X602-1,60641,
X602-2,60642,
X586-1,60643,
X586-2,60644,
X562-1,60645,
X562-4,60646,
X562-9,60647,
X562-7,60648,
X050-45,60649,
X175A-11,60650,
X175A-12,60651,
X175A-10,60652,
X175A-9,60653,
X175A-4,60654,
X175A-3,60655,
X175A-7,60656,
X175A-8,60657,
X171A-1,60658,
X171A-2,60659,
X175A-13,60660,
X175A-14,60661,
X171A-3,60662,
X171A-4,60663,
X171A-6,60664,
X171A-5,60665,
X171A-7,60666,
X171A-8,60667,
X171A-15,60668,
X171A-16,60669,
X031-34,60670,
X031-33,60671,
X033B-3,60672,
X033B-4,60673,
X033A-5,60674,
X033A-6,60675,
X039-14,60676,
X039-15,60677,
X033B-1,60678,
X033B-2,60679,
X053A-5,60680,
X059-5,60681,
X059-6,60682,
X053A-22,60683,
X053A-23,60684,
X051-19,60685,
X051-35,60686,
X053B-2,60687,
X053B-1,60688,
X053A-6,60689,
X055-36,60690,
X055-35,60691,
X055-38,60692,
X055-37,60693,
X055-40,60694,
X055-39,60695,
X051-33,60696,
X051-34,60697,
X051-31,60698,
X051-32,60699,
X051-15,60700,
X051-16,60701,
X924M-14,61013,
X924F-14,61014,
X926F-14,61015,
X926M-14,61016,
X926F-26,61017,
X926M-26,61018,
X924F-26,61019,
X936F-11,61020,
X936M-4,61021,
X936F-26,61022,
X936M-26,61023,
X936M-11,61024,
X936M-15,61025,
X936F-4,61026,
X936M-23,61027,
X936M-1,61028,
X936F-23,61029,
X936M-18,61030,
X936F-18,61031,
X936F-1,61032,
X936F-15,61033,
X936F-14,61034,
X936M-14,61035,
X949F-12,61036,
X949M-6,61037,
X949M-12,61038,
X949F-6,61039,
X935F-16,61040,
X935M-32,61041,
X935M-16,61042,
X935F-32,61043,
X908F-5,61044,
X908M-5,61045,
X908M-6,61046,
X908F-6,61047,
X922M-1,61048,
X922M-12,61049,
X922F-1,61050,
X922F-12,61051,
X923F-1,61052,
X923M-1,61053,
X923F-12,61054,
X923M-12,61055,
X923F-1,61056,
X923M-1,61057,
X923F-12,61058,
X923M-12,61059,
X922F-1,61060,
X922M-1,61061,
X922F-12,61062,
X922M-12,61063,
X981M-10,61064,
X981F-10,61065,
X927M-1,61066,
X927F-1,61067,
X981M-18,61068,
X981F-18,61069,
X927M-12,61070,
X927F-12,61071,
X981M-1,61072,
X981F-1,61073,
X981M-11,61074,
X981F-11,61075,
X924M-26,61076,
X901F-2,61077,
X901M-2,61078,
X901F-3,61079,
X901M-3,61080,
X925M-1,61081,
X925F-12,61082,
X925M-12,61083,
X925F-1,61084,
+ABS52-A,70000,
+ABS53-A,70001,
+ABS54-A,70002,
++G018-B,70003,
+G007_R-A,70004,
+BRK05-B,70005,
++BRK01-B,70006,
+ABS21_R-A,70007,
+ABS23_R-A,70008,
+ABS22_R-A,70009,
+ABS24_R-A,70010,
++CCH01-H,70011,
++CCH02-H,70012,
+BRK03-B,70013,
+BRK03-A,70014,
+BRK05-A,70015,
++BRK01-A,70016,
+G007-A,70017,
+ABS21-A,70018,
+ABS23-A,70019,
+ABS24-A,70020,
+ABS22-A,70021,
++G018-A,70022,
++CCH01-B,70023,
++CCH02-B,70024,
+ABS64-A,70025,
+ABS63-A,70026,
+ABS54-B,70027,
+ABS53-B,70028,
+ABS51-B,70029,
+ABS52-B,70030,
+ABS62-A,70031,
+ABS61-A,70032,
++CPT12-B,70033,
++CPT11-B,70034,
++CPT12-A,70035,
++CPT11-A,70036,
+ABS51-A,70037,
X162,70252,
X163,70253,
X150A,70254,
X159A,70255,
X150A,70256,
X158A,70257,
X150A,70258,
X159A,70259,
X159,70260,
X150,70261,
X159,70262,
X158,70263,
X150,70264,
X150,70265,
X163B,70266,
X164,70267,
X163A,70268,
X162A,70269,
X161,70270,
X162B,70271,
X031,70272,
X051,70273,
X012,70274,
X010,70275,
G011,70480,
G012,70481,
G012,70482,
G012,70483,
Z1-++CCH01,70194,
Z1-++CCH01,70195,
Z1-++CCH02,70196,
Z1-++CCH02,70197,
EPB Left,70276,interactive.device.epbleft
EPB Right,70277,interactive.device.epbright
iBooster & DTS (RHD),70278,interactive.device.iboosterdtsrhd
iBooster & DTS (LHD),70279,interactive.device.iboosterdtslhd
iBooster & DTS (LHD),70280,interactive.device.iboosterdtslhd
Park Brake Caliper RH - EPB side,70281,interactive.device.parkbrakecaliperrhepbside
EPB and Adaptive Damper Valve RR,70282,interactive.device.epbandadaptivedampervalverr
Park Brake Caliper LH - EPB side,70283,interactive.device.parkbrakecaliperlhepbside
EPB and Adaptive Damper Valve LR,70284,interactive.device.epbandadaptivedampervalvelr
Body Controller Left,70285,interactive.device.bodycontrollerleft
Body Controller Front,70286,interactive.device.bodycontrollerfront
Body Controller Right,70287,interactive.device.bodycontrollerright
iBooster & DTS (RHD),70288,interactive.device.iboosterdtsrhd
Power - Apply,70359,interactive.pin.name.powerapply
Power - Release,70360,interactive.pin.name.powerrelease
Power - Release,70361,interactive.pin.name.powerrelease
Power - Apply,70362,interactive.pin.name.powerapply
PTS1 [digital out],70363,interactive.pin.name.pts1digitalout
VRef_U5V [power from ECU],70364,interactive.pin.name.vrefu5vpowerfromecu
PTS2 [digital out],70365,interactive.pin.name.pts2digitalout
AGnd_Pos [ground to ECU],70366,interactive.pin.name.agndposgroundtoecu
Chassis_CAN2 Positive (+),70367,interactive.pin.name.chassiscan2positivepositive
Chassis_CAN2 Negative (-),70368,interactive.pin.name.chassiscan2negative
VRef_U5VExt [DTS power from ECU],70369,interactive.pin.name.vrefu5vextdtspowerfromecu
PTS1 [hall effect signal 1],70370,interactive.pin.name.pts1halleffectsignal1
PTS2 [hall effect signal 2],70371,interactive.pin.name.pts2halleffectsignal2
AGnd_Pos [DTS ground from ECU],70372,interactive.pin.name.agndposdtsgroundfromecu
Party_CAN1 Negative (-),70373,interactive.pin.name.partycan1negative
Party_CAN1 Positive (+),70374,interactive.pin.name.partycan1positivepositive
+12V_UBB [motor positive],70375,interactive.pin.name.positive12vubbmotorpositive
Wake,70376,interactive.pin.name.wake
Brake Fluid Level,70377,interactive.pin.name.brakefluidlevel
Ground,70378,interactive.pin.name.ground
Ground,70379,interactive.pin.name.ground
PTS1 [digital out],70380,interactive.pin.name.pts1digitalout
VRef_U5V [power from ECU],70381,interactive.pin.name.vrefu5vpowerfromecu
PTS2 [digital out],70382,interactive.pin.name.pts2digitalout
AGnd_Pos [ground to ECU],70383,interactive.pin.name.agndposgroundtoecu
Power - Release,70384,interactive.pin.name.powerrelease
Power - Apply,70385,interactive.pin.name.powerapply
Power - Release,70386,interactive.pin.name.powerrelease
Power - Apply,70387,interactive.pin.name.powerapply
Power - Release,70388,interactive.pin.name.powerrelease
Power - Apply,70389,interactive.pin.name.powerapply
Power - Release,70390,interactive.pin.name.powerrelease
Power - Apply,70391,interactive.pin.name.powerapply
Power - Release,70392,interactive.pin.name.powerrelease
Power - Apply,70393,interactive.pin.name.powerapply
Power - Release,70394,interactive.pin.name.powerrelease
Power - Apply,70395,interactive.pin.name.powerapply
PARKING_BRAKE_RELEASE,70396,
PARKING_BRAKE_APPLY,70397,
iBOOSTER,70398,interactive.pin.name.ibooster
BRAKE_MOTOR_ECU_2_WAKE,70399,
BRAKE_FLUID_LEVEL_SENSOR,70400,
PARKING_BRAKE_RELEASE,70401,
PARKING_BRAKE_APPLY,70402,
VRef_U5VExt [DTS power from ECU],70403,interactive.pin.name.vrefu5vextdtspowerfromecu
PTS1 [hall effect signal 1],70404,interactive.pin.name.pts1halleffectsignal1
PTS2 [hall effect signal 2],70405,interactive.pin.name.pts2halleffectsignal2
AGnd_Pos [DTS ground from ECU],70406,interactive.pin.name.agndposdtsgroundfromecu
Party_CAN1 Negative (-),70407,interactive.pin.name.partycan1negative
Party_CAN1 Positive (+),70408,interactive.pin.name.partycan1positivepositive
Chassis_CAN2 Positive (+),70409,interactive.pin.name.chassiscan2positivepositive
Chassis_CAN2 Negative (-),70410,interactive.pin.name.chassiscan2negative
+12V_UBB [motor positive],70411,interactive.pin.name.positive12vubbmotorpositive
Brake Fluid Level,70412,interactive.pin.name.brakefluidlevel
Wake,70413,interactive.pin.name.wake
Ground,70414,interactive.pin.name.ground
Ground,70415,interactive.pin.name.ground
X162-2,70302,
X162-1,70303,
X163-1,70304,
X163-2,70305,
X158A-1,70306,
X158A-2,70307,
X158A-3,70308,
X158A-4,70309,
X150-25,70310,
X150-16,70311,
X150-2,70312,
X150-22,70313,
X150-23,70314,
X150-8,70315,
X150-10,70316,
X150-18,70317,
X150-1,70318,
X150-20,70319,
X159-2,70320,
X150-9,70321,
X159-1,70322,
X158-1,70323,
X158-2,70324,
X158-3,70325,
X158-4,70326,
X164-1,70327,
X164-2,70328,
X163A-3,70329,
X163A-4,70330,
X163B-3,70331,
X163B-4,70332,
X161-1,70333,
X161-2,70334,
X162A-3,70335,
X162A-4,70336,
X162B-3,70337,
X162B-4,70338,
X031-2,70339,
X031-17,70340,
X012-5,70341,
X010-6,70342,
X010-50,70343,
X051-4,70344,
X051-5,70345,
X150A-2,70346,
X150A-22,70347,
X150A-23,70348,
X150A-8,70349,
X150A-10,70350,
X150A-18,70351,
X150A-25,70352,
X150A-16,70353,
X150A-1,70354,
X159A-2,70355,
X150A-20,70356,
X150A-9,70357,
X159A-1,70358,
+ABS07-B,80000,
+ABS08-B,80001,
+ABS06-B,80002,
+ABS05-B,80003,
+ABS03-B,80004,
+ABS02-B,80005,
+ABS01-B,80006,
+ABS32-A,80007,
+ABS31-A,80008,
+ABS04-A,80009,
+ABS03-A,80010,
+ABS08-D,80011,
+ABS07-D,80012,
++G030-A,80013,
++G035-A,80014,
+ABS02-A,80015,
+ABS01-A,80016,
+ABS06-C,80017,
+ABS07-C,80018,
+ABS06-D,80019,
+ABS05-C,80020,
+ABS05-D,80021,
+ABS08-C,80022,
++ABS91-A,80023,
+ABS08-A,80024,
+ABS07-A,80025,
+ABS06-A,80026,
+ABS05-A,80027,
+BRK06-A,80028,
++ABS92-A,80029,
+ABS04-B,80030,
+ABS38-A,80031,
+ABS37-A,80032,
+ABS36-A,80033,
+ABS35-A,80034,
+ABS34-A,80035,
+ABS33-A,80036,
X157B,80243,
X156B,80244,
X157,80245,
X156,80246,
X157AM,80247,
X155,80248,
X154,80249,
X154B,80250,
X155B,80251,
X155A,80252,
X157A,80253,
X154A,80254,
X154AF,80255,
X155AF,80256,
X156A,80257,
X156AM,80258,
X011,80259,
X151,80260,
X010,80261,
X151,80262,
X952M,80465,
X952M,80466,
X952F,80467,
X952M,80468,
X952F,80469,
X952M,80470,
X952F,80471,
X952F,80472,
X908F,80473,
X908M,80474,
X908F,80475,
X908M,80476,
X908F,80477,
X908M,80478,
X908M,80479,
X908F,80480,
G011,80513,
G011,80514,
Wheel Speed Sensor and Accelerometer RR Inline,80263,interactive.device.wheelspeedsensorandaccelerometerrrinline
Wheel Speed Sensor RR,80264,interactive.device.wheelspeedsensorrr
Wheel Speed Sensor LR,80265,interactive.device.wheelspeedsensorlr
Wheel Speed Sensor LF,80266,interactive.device.wheelspeedsensorlf
Wheel Speed Sensor RF,80267,interactive.device.wheelspeedsensorrf
"Wheel Speed Sensor, Accelerometer and Adaptive Damper Valve LF Inline",80268,interactive.device.wheelspeedsensoraccelerometerandadaptivedampervalvelfinline
"Wheel Speed Sensor, Accelerometer and Adaptive Damper Valve RF Inline",80269,interactive.device.wheelspeedsensoraccelerometerandadaptivedampervalverfinline
Wheel Speed Sensor and Accelerometer LR Inline,80270,interactive.device.wheelspeedsensorandaccelerometerlrinline
Body Controller Front,80271,interactive.device.bodycontrollerfront
HCU/ESP,80272,
"Wheel Speed Sensor, Accelerometer RR Endpoint",80273,interactive.device.wheelspeedsensoraccelerometerrrendpoint
"Wheel Speed Sensor, Accelerometer LR Endpoint",80274,interactive.device.wheelspeedsensoraccelerometerlrendpoint
"Wheel Speed Sensor, Accelerometer LF Endpoint",80275,interactive.device.wheelspeedsensoraccelerometerlfendpoint
"Wheel Speed Sensor, Accelerometer RF Endpoint",80276,interactive.device.wheelspeedsensoraccelerometerrfendpoint
WSSA1,80339,
WSSA2,80340,
WSSA1,80341,
WSSA2,80342,
Power In,80343,interactive.pin.name.powerin
Signal Return,80344,interactive.pin.name.signalreturn
Power In,80345,interactive.pin.name.powerin
Signal Return,80346,interactive.pin.name.signalreturn
Power In,80347,interactive.pin.name.powerin
Signal Return,80348,interactive.pin.name.signalreturn
Power In,80349,interactive.pin.name.powerin
Signal Return,80350,interactive.pin.name.signalreturn
WSSA1,80351,
WSSA2,80352,
WSSA1,80353,
WSSA2,80354,
WSSA1,80355,
WSSA2,80356,
WSSA1,80357,
WSSA2,80358,
WSSA1,80359,
WSSA2,80360,
WSSA1,80361,
WSSA2,80362,
HCU_ESP_ABS_MOTOR,80363,
HCU_ESP_ABS_VALVE,80364,
BRAKE_MOTOR_ECU_1_WAKE,80365,
+12V_MR,80366,
+12V_VR,80367,
WAU_IN1,80368,
WSP_FL,80369,
WSS FL,80370,interactive.pin.name.wssfl
WSP_FR,80371,
WSS_FR,80372,
WSS_RL,80373,
WSP_RL,80374,
WSP_RR,80375,
WSS_RR,80376,
GND_MR,80377,
GND_ECU,80378,
WSSA1,80379,
WSSA2,80380,
WSSA1,80381,
WSSA2,80382,
WSSA2,80383,
WSSA1,80384,
WSSA1,80385,
WSSA2,80386,
3,80387,
4,80388,
3,80389,
2,80390,
2,80391,
5,80392,
5,80393,
4,80394,
3,80395,
17,80396,
17,80397,
16,80398,
16,80399,
4,80400,
3,80401,
4,80402,
X157-1,80291,
X157-2,80292,
X156-1,80293,
X156-2,80294,
X154-1,80295,
X154-2,80296,
X155-1,80297,
X155-2,80298,
X157A-7,80299,
X157A-8,80300,
157AM-7,80301,
157AM-8,80302,
X154A-7,80303,
X154A-8,80304,
154AF-7,80305,
154AF-8,80306,
X155A-7,80307,
X155A-8,80308,
155AF-7,80309,
155AF-8,80310,
X156A-7,80311,
X156A-8,80312,
156AM-7,80313,
156AM-8,80314,
X011-7,80315,
X010-91,80316,
X010-71,80317,
X151-1,80318,
X151-30,80319,
X151-36,80320,
X151-24,80321,
X151-7,80322,
X151-21,80323,
X151-26,80324,
X151-23,80325,
X151-39,80326,
X151-22,80327,
X151-37,80328,
X151-14,80329,
X151-46,80330,
X157B-7,80331,
X157B-8,80332,
X156B-7,80333,
X156B-8,80334,
X154B-7,80335,
X154B-8,80336,
X155B-8,80337,
X155B-7,80338,
X952M-3,80481,
X952M-4,80482,
X952F-3,80483,
X952M-2,80484,
X952F-2,80485,
X952M-5,80486,
X952F-5,80487,
X952F-4,80488,
X908F-3,80489,
X908M-17,80490,
X908F-17,80491,
X908M-16,80492,
X908F-16,80493,
X908M-4,80494,
X908M-3,80495,
X908F-4,80496,
++CCH02-K,90000,
++CCH01-K,90001,
++CCH01-D,90002,
++CCH02-D,90003,
++CCH01-G,90004,
++CCH02-G,90005,
++CCH02-I,90006,
++CCH01-I,90007,
++CCH01-B,90008,
++CCH02-B,90009,
++CCH01-H,90010,
++CCH02-H,90011,
++CCH07-A,90012,
++CCH01-C,90013,
++CCH01-A,90014,
++CCH01-J,90015,
+CCH01-F,90016,
++CCH02-A,90017,
++CCH02-J,90018,
+CCH01-E,90019,
+CCH02-E,90020,
+CCH02-F,90021,
++CCH02-C,90022,
+CCH13-A,90023,
+CCH14-A,90024,
++CCH08-A,90025,
X120A,90165,
X193,90166,
X193A,90167,
X170A,90168,
X150,90169,
X150A,90170,
X151,90171,
X170,90172,
X120,90173,
X201,90174,
X179,90175,
X037,90176,
X030A,90177,
X908M,90317,
X908F,90318,
X908M,90319,
X908F,90320,
Z1-++CCH01,90122,
Z1-++CCH02,90123,
Autopilot ECU (RHD),90178,interactive.device.autopilotecurhd
EPAS (LHD),90179,interactive.device.epaslhd
EPAS (RHD),90180,interactive.device.epasrhd
MCU (RHD),90181,interactive.device.mcurhd
iBooster & DTS (LHD),90182,interactive.device.iboosterdtslhd
iBooster & DTS (RHD),90183,interactive.device.iboosterdtsrhd
HCU/ESP,90184,
Autopilot ECU (LHD),90185,interactive.device.autopiloteculhd
MCU (LHD),90186,interactive.device.mculhd
Restraints Controller,90187,interactive.device.restraintscontroller
CAN Port,90188,interactive.device.canport
Body Controller Left,90189,interactive.device.bodycontrollerleft
CH-CAN-H-Ex,90232,interactive.pin.name.chcanhex
CH-CAN-L-Ex,90233,interactive.pin.name.chcanlex
CAN2_HI,90234,
CAN2_LO,90235,
CAN2_HI,90236,
CAN2_LO,90237,
CH-CAN_P,90238,
CH-CAN_N,90239,
Chassis_CAN2 Positive (+),90240,interactive.pin.name.chassiscan2positivepositive
Chassis_CAN2 Negative (-),90241,interactive.pin.name.chassiscan2negative
Chassis_CAN2 Positive (+),90242,interactive.pin.name.chassiscan2positivepositive
Chassis_CAN2 Negative (-),90243,interactive.pin.name.chassiscan2negative
CAN2M,90244,
CAN2P,90245,
CH-CAN-H-Ex,90246,interactive.pin.name.chcanhex
CH-CAN-L-Ex,90247,interactive.pin.name.chcanlex
CH-CAN_P,90248,
CH-CAN_N,90249,
CAN1H (Chassis),90250,interactive.pin.name.can1hchassis
CAN1L (Chassis),90251,interactive.pin.name.can1lchassis
CH CAN P,90252,interactive.pin.name.chcanp
CH CAN N,90253,interactive.pin.name.chcann
CHASSIS_CAN_PASSTHROUGH_P,90254,
CHASSIS_CAN_PASSTHROUGH_N,90255,
CHASSIS_CAN_PASSTHROUGH_P,90256,
CHASSIS_CAN_PASSTHROUGH_N,90257,
CHASSIS_CAN_PASSTHROUGH_P,90258,
CHASSIS_CAN_PASSTHROUGH_N,90259,
CHASSIS_CAN_PASSTHROUGH_P,90260,
CHASSIS_CAN_PASSTHROUGH_N,90261,
13,90262,
13,90263,
14,90264,
14,90265,
X120A-3,90202,
X120A-4,90203,
X193-2,90204,
X193-3,90205,
X193A-2,90206,
X193A-3,90207,
X170A-3,90208,
X170A-4,90209,
X150-25,90210,
X150-16,90211,
X150A-25,90212,
X150A-16,90213,
X151-25,90214,
X151-11,90215,
X120-3,90216,
X120-4,90217,
X170-3,90218,
X170-4,90219,
X201-54,90220,
X201-53,90221,
X179-13,90222,
X179-14,90223,
X037-13,90224,
X037-12,90225,
X037-3,90226,
X037-4,90227,
X030A-4,90228,
X030A-3,90229,
X037-14,90230,
X037-15,90231,
X908M-13,90321,
X908F-13,90322,
X908M-14,90323,
X908F-14,90324,
++CPT03-B,100000,
++CPT08-A,100001,
++CPT07-A,100002,
++CPT08-B,100003,
++CPT07-B,100004,
+CPT06-B,100005,
+CPT05-B,100006,
++CPT12-A,100007,
++CPT11-A,100008,
++CPT12-B,100009,
++CPT11-B,100010,
++CPT09-A,100011,
++CPT10-A,100012,
+CPT02-B,100013,
+CPT01-B,100014,
+CPT02-A,100015,
+CPT01-A,100016,
+CPT19-B,100017,
+CPT20-A,100018,
+CPT19-A,100019,
++CPT04-A,100020,
++CPT03-A,100021,
+CPT05-A,100022,
+CPT06-A,100023,
+CPT20-B,100024,
+CPT22-A,100025,
+CPT21-A,100026,
+CPT16-A,100027,
+CPT15-A,100028,
++CPT04-B,100029,
X121A,100181,
X192,100182,
X192A,100183,
X175A,100184,
X150,100185,
X150A,100186,
X151,100187,
X010,100188,
X121,100189,
X175,100190,
X179,100191,
X201,100192,
X051,100193,
X031,100194,
X935F,100379,
X935F,100380,
X935M,100381,
X909M,100382,
X909F,100383,
X909F,100384,
X909M,100385,
X935M,100386,
Autopilot ECU (RHD),100195,interactive.device.autopilotecurhd
EPAS (LHD),100196,interactive.device.epaslhd
EPAS (RHD),100197,interactive.device.epasrhd
iBooster & DTS (LHD),100198,interactive.device.iboosterdtslhd
iBooster & DTS (RHD),100199,interactive.device.iboosterdtsrhd
HCU/ESP,100200,
Body Controller Front,100201,interactive.device.bodycontrollerfront
Autopilot ECU (LHD),100202,interactive.device.autopiloteculhd
MCU (LHD),100203,interactive.device.mculhd
CAN Port,100204,interactive.device.canport
Restraints Controller,100205,interactive.device.restraintscontroller
Body Controller Left,100206,interactive.device.bodycontrollerleft
Body Controller Right,100207,interactive.device.bodycontrollerright
MCU (RHD),100208,interactive.device.mcurhd
CAN1_HI,100267,
CAN1_LO,100268,
CAN1_HI,100269,
CAN1_LO,100270,
Party_CAN1 Positive (+),100271,interactive.pin.name.partycan1positivepositive
Party_CAN1 Negative (-),100272,interactive.pin.name.partycan1negative
Party_CAN1 Positive (+),100273,interactive.pin.name.partycan1positivepositive
Party_CAN1 Negative (-),100274,interactive.pin.name.partycan1negative
PARTY_CAN_P,100275,
PARTY_CAN_N,100276,
PARTY_CAN_P,100277,
PARTY_CAN_N,100278,
CAN2H (Private),100279,interactive.pin.name.can2hprivate
CAN2L (Private),100280,interactive.pin.name.can2lprivate
PARTY_CAN_P,100281,
PARTY_CAN_N,100282,
PARTY_CAN_P,100283,
PARTY_CAN_N,100284,
PARTY_CAN_P,100285,
PARTY_CAN_N,100286,
PARTY_CAN_P,100287,
PARTY_CAN_N,100288,
PARTY-CAN-H-Ex,100289,interactive.pin.name.partycanhex
PARTY-CAN-L-Ex,100290,interactive.pin.name.partycanlex
CAN1P,100291,
CAN1M,100292,
PARTY_CAN_P,100293,
PARTY_CAN_N,100294,
PARTY_CAN_P,100295,
PARTY_CAN_N,100296,
PARTY_CAN_P,100297,
PARTY_CAN_N,100298,
PARTY-CAN-H-Ex,100299,interactive.pin.name.partycanhex
PARTY-CAN-L-Ex,100300,interactive.pin.name.partycanlex
PARTY-CAN_P,100301,
PARTY-CAN_N,100302,
BFT or PARTY CAN P,100303,interactive.pin.name.bftorpartycanp
BFT or PARTY CAN N,100304,interactive.pin.name.bftorpartycann
PARTY_CAN_P,100305,
PARTY_CAN_N,100306,
PARTY_CAN_P,100307,
PARTY_CAN_N,100308,
PARTY-CAN_P,100309,
PARTY-CAN_N,100310,
27,100311,
26,100312,
26,100313,
13,100314,
13,100315,
14,100316,
14,100317,
27,100318,
X192-2,100223,
X192-3,100224,
X192A-2,100225,
X192A-3,100226,
X150-18,100227,
X150-10,100228,
X150A-18,100229,
X150A-10,100230,
X010-14,100231,
X010-29,100232,
X010-15,100233,
X010-30,100234,
X201-72,100235,
X201-71,100236,
X031-29,100237,
X031-30,100238,
X031-43,100239,
X031-42,100240,
X031-44,100241,
X031-45,100242,
X051-14,100243,
X051-30,100244,
X121A-15,100245,
X121A-16,100246,
X151-5,100247,
X151-19,100248,
X010-12,100249,
X010-27,100250,
X010-40,100251,
X010-41,100252,
X010-54,100253,
X010-55,100254,
X121-15,100255,
X121-16,100256,
X175-5,100257,
X175-6,100258,
X179-2,100259,
X179-3,100260,
X051-13,100261,
X051-29,100262,
X051-12,100263,
X051-28,100264,
X175A-5,100265,
X175A-6,100266,
X935F-27,100387,
X935F-26,100388,
X935M-26,100389,
X909M-13,100390,
X909F-13,100391,
X909F-14,100392,
X909M-14,100393,
X935M-27,100394,
++CVH09-A,110000,
+CVH01_TH-A,110001,
+CVH02_TH-A,110002,
+CVH07-A,110003,
+CVH08-A,110004,
+CVH16-A,110005,
+CVH15-A,110006,
+CVH04-A,110007,
+CVH03-A,110008,
++CVH10-B,110009,
++CVH09-B,110010,
+CVH08-B,110011,
+CVH07-B,110012,
+CVH21-A,110013,
+CVH22-A,110014,
+CVH20-A,110015,
+CVH19-A,110016,
+CVH23-A,110017,
+CVH24-A,110018,
+CVH13-A,110019,
+CVH14-A,110020,
++CVH10-A,110021,
X120A,110142,
X529,110143,
X170A,110144,
X180,110145,
X010,110146,
X120,110147,
X021,110148,
X170,110149,
X179,110150,
X098,110151,
X486,110152,
X050,110153,
X057,110154,
X037,110155,
X035,110156,
X030A,110157,
Autopilot ECU (RHD),110158,interactive.device.autopilotecurhd
"HV Compressor, Heat Pump",110159,interactive.device.hvcompressorheatpump
MCU (RHD),110160,interactive.device.mcurhd
Body Controller Front,110161,interactive.device.bodycontrollerfront
MCU (LHD),110162,interactive.device.mculhd
Autopilot ECU (LHD),110163,interactive.device.autopiloteculhd
CAN Port,110164,interactive.device.canport
HV Battery,110165,interactive.device.hvbattery
Body Controller Right,110166,interactive.device.bodycontrollerright
Body Controller Left,110167,interactive.device.bodycontrollerleft
Steering Column Control Module (SCCM),110168,interactive.device.steeringcolumncontrolmodulesccm
Radar Interior,110169,interactive.device.radarinterior
VH-CAN-H-Ex,110222,interactive.pin.name.vhcanhex
VH-CAN-L-Ex,110223,interactive.pin.name.vhcanlex
CAN LO,110224,interactive.pin.name.canlo
CAN HI,110225,interactive.pin.name.canhi
VEH-CAN_P,110226,
VEH-CAN_N,110227,
VEH_CAN_P,110228,
VEH_CAN_N,110229,
VEH_CAN_P,110230,
VEH_CAN_N,110231,
VEH-CAN_P,110232,
VEH-CAN_N,110233,
VH-CAN-H-Ex,110234,interactive.pin.name.vhcanhex
VH-CAN-L-Ex,110235,interactive.pin.name.vhcanlex
BD CAN P,110236,interactive.pin.name.bdcanp
BD CAN N,110237,interactive.pin.name.bdcann
VEHICLE-CAN-H,110238,
VEHICLE-CAN-L,110239,
VEHICLE_CAN_P,110240,
VEHICLE_CAN_N,110241,
VEHICLE_CAN_P,110242,
VEHICLE_CAN_N,110243,
VEHICLE_CAN_P,110244,
VEHICLE_CAN_N,110245,
VEHICLE_CAN_N,110246,
VEHICLE_CAN_P,110247,
VEHICLE_CAN_N,110248,
VEHICLE_CAN_P,110249,
VEHICLE_CAN_P,110250,
VEHICLE_CAN_N,110251,
VEHICLE_CAN_P,110252,
VEHICLE_CAN_N,110253,
VEHICLE_CAN_P,110254,
VEHICLE_CAN_N,110255,
VEHICLE_CAN_N,110256,
VEHICLE_CAN_P,110257,
CAN+,110258,
CAN-,110259,
CAN-L (Low Power),110260,interactive.pin.name.canllowpower
CAN-H (Low Power),110261,interactive.pin.name.canhlowpower
X120A-12,110182,
X120A-13,110183,
X529-3,110184,
X529-2,110185,
X170A-1,110186,
X170A-2,110187,
X010-18,110188,
X010-33,110189,
X021-N4,110190,
X021-O4,110191,
X170-1,110192,
X170-2,110193,
X120-12,110194,
X120-13,110195,
X179-9,110196,
X179-10,110197,
X098-16,110198,
X098-15,110199,
X057-8,110200,
X057-9,110201,
X057-11,110202,
X057-10,110203,
X057-23,110204,
X057-22,110205,
X050-33,110206,
X050-34,110207,
X050-55,110208,
X050-56,110209,
X037-6,110210,
X037-5,110211,
X037-17,110212,
X037-16,110213,
X030A-15,110214,
X030A-16,110215,
X035-10,110216,
X035-11,110217,
X180-2,110218,
X180-3,110219,
X486-7,110220,
X486-8,110221,
INL69-A,120000,
INL68-A,120001,
AUX12-A,120002,
G414-A,120003,
AUX14-A,120004,
CSE14-A,120005,
CSE13-A,120006,
INL67-A,120007,
INL65-A,120008,
INL64-A,120009,
INL66-A,120010,
USB23-A,120011,
USB23-B,120012,
USB14-A,120013,
USB14-B,120014,
USB25-A,120015,
USB25-B,120016,
USB22-A,120017,
USB22-B,120018,
USB24-A,120019,
USB24-B,120020,
USB21-A,120021,
USB21-B,120022,
USB16-A,120023,
USB16-B,120024,
USB26-A,120025,
USB26-B,120026,
USB15-A,120027,
USB15-B,120028,
USB13-A,120029,
USB13-B,120030,
USB12-A,120031,
USB12-B,120032,
USB11-A,120033,
USB11-B,120034,
G406-B,120035,
AUX13-B,120036,
AUX11-B,120037,
AUX02-B,120038,
AUX01-B,120039,
G406-A,120040,
AUX11-A,120041,
CSE14-B,120042,
CSE13-B,120043,
AUX13-A,120044,
AUX02-A,120045,
AUX01-A,120046,
X292,120262,
X694,120263,
X294,120264,
X294,120265,
X293,120266,
X293,120267,
X291,120268,
X501,120269,
X196,120270,
X196,120271,
X195,120272,
X197,120273,
X031,120274,
X031,120275,
X039,120276,
X196,120277,
X930F,120457,
X930M,120458,
X930M,120459,
X930M,120460,
X930M,120461,
X930F,120462,
X930F,120463,
X930M,120464,
X930F,120465,
X930F,120466,
X930F,120467,
X930F,120468,
X930M,120469,
X930M,120470,
G031,120499,
Center Console Rear Bin LED,120278,interactive.device.centerconsolerearbinled
Inductive Charger,120279,interactive.device.inductivecharger
Center Console Rear Bin Switch,120280,interactive.device.centerconsolerearbinswitch
Center Console Front Bin Switch,120281,interactive.device.centerconsolefrontbinswitch
Center Console Front Bin LED,120282,interactive.device.centerconsolefrontbinled
2R USB Charging Ports,120283,interactive.device.2rusbchargingports
12V Power Socket Center Console,120284,interactive.device.12vpowersocketcenterconsole
Body Controller Left,120285,interactive.device.bodycontrollerleft
Center Console Controller,120286,interactive.device.centerconsolecontroller
PWR,120351,
GND,120352,
Power,120353,interactive.pin.name.power
LIN,120354,
CANH,120355,
CANL,120356,
GND,120357,
Switch A,120358,interactive.pin.name.switcha
Switch B,120359,interactive.pin.name.switchb
Switch B,120360,interactive.pin.name.switchb
Switch A,120361,interactive.pin.name.switcha
PWR,120362,
GND,120363,
USBC1-VBUS,120364,
GND1,120365,
USBC1-D_P,120366,
USBC1-D_N,120367,
USBC1-CC1,120368,
USBC1-CC2,120369,
USBC2-CC2,120370,
USBC2-CC1,120371,
USBC2-D_N,120372,
USBC2-D_P,120373,
GND2,120374,
USBC2-VBUS,120375,
GND,120376,
ACC+,120377,
USB_PORTS,120378,
12V_SOCKET_FRONT,120379,
12V_SOCKET_FRONT_GROUND_RETURN,120380,
CENTER_CONSOLE_LIN,120381,
WIRELESS_CHARGER_UART_P,120382,
WIRELESS_CHARGER_UART_N,120383,
VBATT,120384,
REAR_BIN_LED_OUT,120385,
CONSOLE_BIN_FRONT_LED_RETURN,120386,
REAR_BIN_LED_RETURN,120387,
GND,120388,
VBATT,120389,
CONSOLE_BIN_FRONT_SWITCH_LED,120390,
LIN_INDUCTIVE_CHARGER,120391,
VCLEFT_LIN,120392,
GND,120393,
REAR_LEFT_USB_PORT_VCC,120394,
REAR_LEFT_USB_PORT_GROUND,120395,
REAR_RIGHT_USB_PORT_VCC,120396,
REAR_RIGHT_USB_PORT_GROUND,120397,
REAR_RIGHT_USB_CC1,120398,
REAR_LEFT_USB_CC1,120399,
REAR_RIGHT_USB_CC2,120400,
REAR_LEFT_USB_CC2,120401,
REAR_LEFT_USB_DP,120402,
REAR_LEFT_USB_DM,120403,
REAR_RIGHT_USB_DP,120404,
REAR_RIGHT_USB_DM,120405,
10,120406,
15,120407,
11,120408,
18,120409,
8,120410,
14,120411,
15,120412,
1,120413,
8,120414,
11,120415,
18,120416,
1,120417,
10,120418,
14,120419,
X292-1,120296,
X292-2,120297,
X694-1,120298,
X694-2,120299,
X694-3,120300,
X694-4,120301,
X694-5,120302,
X294-2,120303,
X294-1,120304,
X293-1,120305,
X293-2,120306,
X291-1,120307,
X291-2,120308,
X195-1,120309,
X195-2,120310,
X195-3,120311,
X195-4,120312,
X195-5,120313,
X195-6,120314,
X195-7,120315,
X195-8,120316,
X195-9,120317,
X195-10,120318,
X195-11,120319,
X195-12,120320,
X197-1,120321,
X197-2,120322,
X031-5,120323,
X031-3,120324,
X031-18,120325,
X031-22,120326,
X039-28,120327,
X039-29,120328,
X196-11,120329,
X196-15,120330,
X196-6,120331,
X196-8,120332,
X196-1,120333,
X196-20,120334,
X196-5,120335,
X196-16,120336,
X196-17,120337,
X196-12,120338,
X501-2,120339,
X501-3,120340,
X501-13,120341,
X501-12,120342,
X501-10,120343,
X501-7,120344,
X501-11,120345,
X501-6,120346,
X501-4,120347,
X501-5,120348,
X501-8,120349,
X501-9,120350,
X930F-10,120471,
X930M-15,120472,
X930M-11,120473,
X930M-18,120474,
X930M-8,120475,
X930F-14,120476,
X930F-15,120477,
X930M-1,120478,
X930F-8,120479,
X930F-11,120480,
X930F-18,120481,
X930F-1,120482,
X930M-10,120483,
X930M-14,120484,
+CCP04-A,130000,
+CCP03-A,130001,
+CCP02-A,130002,
+CCP01-A,130003,
CPD15-A,130004,
CPD12-A,130005,
CPD13-A,130006,
CPD11-A,130007,
CPD14-A,130008,
CPD01-A,130009,
CPD03-A,130010,
CPD07-A,130011,
CPD08-A,130012,
CPD09-A,130013,
CPD10-A,130014,
CPD02-A,130015,
CPI23-A,130016,
CPI21-A,130017,
CPI17-A,130018,
CPI20-A,130019,
CPI18-A,130020,
CPI16-A,130021,
CPI19-A,130022,
CPI15-A,130023,
CPI14-A,130024,
CPI13-A,130025,
CPI02-A,130026,
CPI01-A,130027,
CPI08-A,130028,
CPI11-A,130029,
CPI12-A,130030,
CPI04-A,130031,
CPI09-A,130032,
CPI22-A,130033,
+G653-A,130034,
+CP001-A,130035,
X691,130190,
X690,130191,
X321,130192,
X312,130193,
X320,130194,
X096,130195,
X687,130196,
X688,130197,
X096,130198,
X030A,130199,
G041,130361,
Charge Port Door,130200,interactive.device.chargeportdoor
Charge Port Inlet,130201,interactive.device.chargeportinlet
Body Controller Left,130202,interactive.device.bodycontrollerleft
Charge Port ECU,130203,interactive.device.chargeportecu
LED_GREEN,130275,
LED_RED,130276,
GND,130277,
PRESENCE_SENSOR_SIGNAL,130278,
PRESENCE_SENSOR_POWER,130279,
GND,130280,
LED_BLUE,130281,
DOOR_DRIVE_N,130282,
DOOR_DRIVE_P,130283,
DOOR_POSITION_POWER,130284,
DOOR_POSITION,130285,
DOOR_POSITION_GND_RETURN,130286,
PROX-H,130287,
HEAT-H,130288,
THERM-1,130289,
THERM-2,130290,
INLET-1-GND,130291,
THERM-3,130292,
INLET-1-CONTINUITY,130293,
PILOT,130294,
LATCH-DRIVE-P,130295,
LATCH-SW-1,130296,
LATCH-DRIVE-N,130297,
CAN-H-S+,130298,
CAN-L-S-,130299,
INLET-2-CONTINUITY,130300,
PROX-CC2,130301,
GND-2-INLET,130302,
PROX-CC1,130303,
THERM-4,130304,
CHARGE_PORT_ECU,130305,
CP_LATCH_EN,130306,
HVC_CP_nFAULT,130307,interactive.pin.name.hvccpnfault
CP_CAN_N,130308,
CP_CAN_P,130309,
GND,130310,
VBAT_PROT,130311,
INLET_LED_GND_RETURN,130312,
PRESENCE_SENSOR_POWER,130313,
TRIM_GND_RETURN,130314,
DOOR_POSITION,130315,
LED_RED,130316,
LED_GREEN,130317,
LED_BLUE,130318,
DOOR_POSITION_GND_RETURN,130319,
DOOR_POSITION_POWER,130320,
DOOR_PRESENCE,130321,
DOOR_DRIVE_PHASE_B,130322,
DOOR_DRIVE_PHASE_A,130323,
INLET_1_HEATER_OUT,130324,
GB_DC_PROXIMITY_CC1,130325,
GB_DC_PROXIMITY_CC2,130326,
PROXIMITY_H,130327,
INLET_1_CONTINUITY,130328,
INLET_NTC_4,130329,
GB_DC_CAN_P,130330,
GB_DC_CAN_N,130331,
INLET_2_CONTINUITY,130332,
LATCH_DRIVE_P,130333,
INLET_1_GND_RETURN,130334,
PILOT_SIGNAL,130335,
INLET_2_GND_RETURN,130336,
INLET_NTC_1,130337,
INLET_NTC_2,130338,
INLET_NTC_3,130339,
LATCH_SW_1,130340,
LATCH_DRIVE_N,130341,
X690-1,130208,
X690-2,130209,
X690-4,130210,
X690-5,130211,
X690-7,130212,
X690-8,130213,
X690-9,130214,
X691-1,130215,
X691-2,130216,
X691-3,130217,
X691-4,130218,
X691-5,130219,
X320-1,130220,
X320-2,130221,
X320-4,130222,
X320-10,130223,
X320-8,130224,
X320-9,130225,
X320-11,130226,
X320-12,130227,
X312-3,130228,
X312-2,130229,
X312-1,130230,
X321-1,130231,
X321-3,130232,
X321-4,130233,
X321-2,130234,
X321-6,130235,
X321-7,130236,
X321-8,130237,
X030A-28,130238,
X096-5,130239,
X096-6,130240,
X096-7,130241,
X096-8,130242,
X096-9,130243,
X096-10,130244,
X687-1,130245,
X687-2,130246,
X687-3,130247,
X687-5,130248,
X687-6,130249,
X687-7,130250,
X687-8,130251,
X687-10,130252,
X687-11,130253,
X687-13,130254,
X687-15,130255,
X687-16,130256,
X688-1,130257,
X688-2,130258,
X688-3,130259,
X688-4,130260,
X688-5,130261,
X688-6,130262,
X688-9,130263,
X688-10,130264,
X688-11,130265,
X688-12,130266,
X688-13,130267,
X688-16,130268,
X688-17,130269,
X688-20,130270,
X688-21,130271,
X688-22,130272,
X688-23,130273,
X688-24,130274,
CDIAG4-B,140000,
OBD04-A,140001,
COBD01-A,140002,
OBD01-A,140003,
CDIAG1-B,140004,
CDIAG1-A,140005,
CDIAG3-A,140006,
CDIAG3-B,140007,
CDIAG2-A,140008,
CDIAG2-B,140009,
OBD03-A,140010,
COBD02-A,140011,
OBD02-A,140012,
+CCH02-E,140013,
+CPT22-A,140014,
+CVH21-A,140015,
+CPT21-A,140016,
+CVH22-A,140017,
+CCH01-E,140018,
G036-A,140019,
+CCH01-F,140020,
+CCH02-F,140021,
CDIAG4-A,140022,
X181,140139,
X173A,140140,
X179,140141,
X179,140142,
X050,140143,
X173,140144,
X051,140145,
X037,140146,
X037,140147,
X908M,140260,
X908F,140261,
X908F,140262,
X908M,140263,
G032,140274,
Z1-++CCH01,140102,
Z1-++CCH02,140103,
OBD,140148,
MCU (RHD),140149,interactive.device.mcurhd
CAN Port,140150,interactive.device.canport
Body Controller Right,140151,interactive.device.bodycontrollerright
MCU (LHD),140152,interactive.device.mculhd
Body Controller Left,140153,interactive.device.bodycontrollerleft
RX+,140195,
Chassis Ground,140196,interactive.pin.name.chassisground
Ground,140197,interactive.pin.name.ground
CAN H,140198,interactive.pin.name.canh
Activation Line,140199,interactive.pin.name.activationline
RX-,140200,
TX+,140201,
TX-,140202,
CAN L,140203,interactive.pin.name.canl
VBATT,140204,
DIAG-ETH-RX_N,140205,
DIAG-ETH-TX_P,140206,
DIAG-ETH-RX_P,140207,
DIAG-ETH-TX_N,140208,
GND,140209,
BD CAN P,140210,interactive.pin.name.bdcanp
BD CAN N,140211,interactive.pin.name.bdcann
CH CAN P,140212,interactive.pin.name.chcanp
CH CAN N,140213,interactive.pin.name.chcann
BFT or PARTY CAN P,140214,interactive.pin.name.bftorpartycanp
BFT or PARTY CAN N,140215,interactive.pin.name.bftorpartycann
PARTY_CAN_P,140216,
PARTY_CAN_N,140217,
VEHICLE_CAN_N,140218,
VEHICLE_CAN_P,140219,
DIAG-ETH-RX_N,140220,
DIAG-ETH-TX_P,140221,
DIAG-ETH-RX_P,140222,
DIAG-ETH-TX_N,140223,
OBD_CAN_N,140224,
OBD_CAN_P,140225,
ACCESSORY_FEED_3,140226,
OBD_ETHERNET_ACTIVATION_SIGNAL,140227,
OBD_FRUNK_GROUND_RETURN,140228,
OBD_FRUNK_GROUND_RETURN,140229,
13,140230,
13,140231,
14,140232,
14,140233,
X181-3,140160,
X181-4,140161,
X181-5,140162,
X181-6,140163,
X181-8,140164,
X181-11,140165,
X181-12,140166,
X181-13,140167,
X181-14,140168,
X181-16,140169,
X173A-1,140170,
X173A-2,140171,
X173A-5,140172,
X173A-6,140173,
X179-20,140174,
X179-9,140175,
X179-10,140176,
X179-13,140177,
X179-14,140178,
X179-2,140179,
X179-3,140180,
X051-13,140181,
X051-29,140182,
X050-55,140183,
X050-56,140184,
X173-1,140185,
X173-2,140186,
X173-5,140187,
X173-6,140188,
X037-22,140189,
X037-23,140190,
X037-27,140191,
X037-26,140192,
X037-9,140193,
X037-10,140194,
X908M-13,140264,
X908F-13,140265,
X908F-14,140266,
X908M-14,140267,
DCL75-A,150000,
DCL72-B,150001,
DCL41-A,150002,
DCL42-A,150003,
DCL21-A,150004,
DCL34-C,150005,
DCL31-C,150006,
DCL71-B,150007,
DCL32-B,150008,
DCL31-B,150009,
DCL33-B,150010,
DCL34-B,150011,
DCL35-B,150012,
DCL01-A,150013,
DCL13-A,150014,
DCL14-A,150015,
DCL02-A,150016,
DCL12-A,150017,
DCL22-A,150018,
DCL24-A,150019,
DCL25-A,150020,
DCL23-A,150021,
DCL44-A,150022,
DCL43-A,150023,
DCL52-A,150024,
DCL62-A,150025,
DCL60-A,150026,
DCL53-A,150027,
DCL59-A,150028,
DCL51-A,150029,
DCL61-A,150030,
DCL56-A,150031,
DCL55-A,150032,
DCL58-A,150033,
DCL80-I,150034,
DCL76-A,150035,
DCL42-B,150036,
DCL31-A,150037,
DCL32-A,150038,
DCL71-A,150039,
DCL33-A,150040,
DCL75-B,150041,
DCL34-A,150042,
DCL21-B,150043,
DCL76-B,150044,
DCL35-A,150045,
DCL72-A,150046,
DCL41-B,150047,
DCL80-A,150048,
DCL80-C,150049,
DCL80-F,150050,
DCL80-E,150051,
DCL80-M,150052,
DCL80-D,150053,
DCL80-B,150054,
DCL80-L,150055,
DCL80-G,150056,
DCL80-J,150057,
DCL80-H,150058,
DCL80-K,150059,
X033A,150367,
X033B,150368,
X033A,150369,
X033A,150370,
X033B,150371,
X033A,150372,
X033B,150373,
X033A,150374,
X033B,150375,
X033A,150376,
X033B,150377,
X033A,150378,
X033B,150379,
X378,150380,
X378,150381,
X379,150382,
X379,150383,
X366,150384,
X366,150385,
X371,150386,
X371,150387,
X369,150388,
X369,150389,
X370,150390,
X370,150391,
X365,150392,
X365,150393,
X380,150394,
X376,150395,
X367,150396,
X367,150397,
X376,150398,
X380,150399,
X373,150400,
X922F,150672,
X922F,150673,
X922M,150674,
X922F,150675,
X922M,150676,
X922M,150677,
X922F,150678,
X922F,150679,
X922M,150680,
X922M,150681,
X922F,150682,
X922M,150683,
X922F,150684,
X922F,150685,
X922M,150686,
X922M,150687,
X922M,150688,
X922F,150689,
X922F,150690,
X922M,150691,
X922M,150692,
X922F,150693,
X922F,150694,
X922M,150695,
X922F,150696,
X922M,150697,
Z1-DCL80,150301,
Z2-DCL80,150302,
Ambient Light - Front Left Door,150401,interactive.device.ambientlightfrontleftdoor
Blind Spot Indicator LH,150402,interactive.device.blindspotindicatorlh
Interior Open Switch Front Left,150403,interactive.device.interioropenswitchfrontleft
Puddle LED Front Left,150404,interactive.device.puddleledfrontleft
Window Switch Pass Front Left,150405,interactive.device.windowswitchpassfrontleft
Door Map Pocket LED Front Left,150406,interactive.device.doormappocketledfrontleft
Window Switch Driver Front Left,150407,interactive.device.windowswitchdriverfrontleft
Exterior Open Switch Front Left,150408,interactive.device.exterioropenswitchfrontleft
Mirror Left Premium,150409,interactive.device.mirrorleftpremium
Latch Front Left,150410,interactive.device.latchfrontleft
Window Lift Motor Front Left,150411,interactive.device.windowliftmotorfrontleft
Body Controller Left,150412,interactive.device.bodycontrollerleft
18,150504,
17,150505,
10,150506,
16,150507,
7,150508,
17,150509,
9,150510,
8,150511,
14,150512,
16,150513,
10,150514,
19,150515,
14,150516,
19,150517,
8,150518,
5,150519,
18,150520,
5,150521,
15,150522,
15,150523,
4,150524,
4,150525,
7,150526,
9,150527,
13,150528,
13,150529,
PWR,150530,
GND,150531,
LIN IN,150532,interactive.pin.name.linin
PWR,150533,
GND,150534,
Ground,150535,interactive.pin.name.ground
Illumination,150536,interactive.pin.name.illumination
Switch,150537,interactive.pin.name.switch
PWR,150538,
GND,150539,
LED,150540,
Switch,150541,interactive.pin.name.switch
Ground,150542,interactive.pin.name.ground
Power,150543,interactive.pin.name.power
Ground,150544,interactive.pin.name.ground
Ground,150545,interactive.pin.name.ground
Illumination,150546,interactive.pin.name.illumination
Rear Right Window,150547,interactive.pin.name.rearrightwindow
Rear Left Window,150548,interactive.pin.name.rearleftwindow
Front Right Window,150549,interactive.pin.name.frontrightwindow
Front Left Window,150550,interactive.pin.name.frontleftwindow
Sensor Power,150551,interactive.pin.name.sensorpower
Signal,150552,interactive.pin.name.signal
GND,150553,
Heater (+),150554,interactive.pin.name.heaterpositive
"Fold (+), Unfold (-)",150555,interactive.pin.name.foldpositiveunfold
"Motor Pan (Left-, Right+)",150556,interactive.pin.name.motorpanleftrightpositive
Position Vref 5V,150557,interactive.pin.name.positionvref5v
Position Vertical (Tilt),150558,interactive.pin.name.positionverticaltilt
Position 0V,150559,interactive.pin.name.position0v
Motor Common,150560,interactive.pin.name.motorcommon
"Motor Tilt (Up+, Down-)",150561,interactive.pin.name.motortiltuppositivedown
"Fold (-), Unfold (+)",150562,interactive.pin.name.foldunfoldpositive
Position Horizontal (Pan),150563,interactive.pin.name.positionhorizontalpan
EC (+),150564,
UNLATCH CAM POSITION,150565,interactive.pin.name.unlatchcamposition
UNLATCH RESET,150566,interactive.pin.name.unlatchreset
UNLATCH OPEN,150567,interactive.pin.name.unlatchopen
GND,150568,
AJAR/OPEN,150569,
MOTOR +,150570,interactive.pin.name.motorpositive
HALL A,150571,interactive.pin.name.halla
HALL REFERENCE,150572,interactive.pin.name.hallreference
HALL B,150573,interactive.pin.name.hallb
MOTOR -,150574,interactive.pin.name.motor
WINDOW_LIFT_FRONT_UP,150575,
WINDOW_LIFT_FRONT_DOWN,150576,
WINDOW_LIFT_FRONT_ENCODER_A,150577,
WINDOW_LIFT_FRONT_ENCODER_B,150578,
DOOR_FRONT_LATCH_ENDSTOP_SWITCH,150579,
DOOR_FRONT_LATCH_RELEASE,150580,
DOOR_FRONT_LATCH_RESET,150581,
WINDOW_SWITCHPACK_FL,150582,
WINDOW_SWITCHPACK_RR,150583,
WINDOW_SWITCHPACK_RL,150584,
WINDOW_SWITCHPACK_FR,150585,
DOOR_FRONT_INTERIOR_HANDLE_SWITCH,150586,
DOOR_FRONT_INTERIOR_HANDLE_SWITCH_LED,150587,
DOOR_FRONT_EXTERIOR_HANDLE_SENSOR,150588,
DOOR_FRONT_EXTERIOR_HANDLE_SENSOR_5V,150589,
MIRROR_TILT_UP_DOWN,150590,
MIRROR_TILT_COMMON,150591,
MIRROR_TILT_LEFT_RIGHT,150592,
MIRROR_HEAT,150593,
MIRROR_DIM,150594,
MIRROR_FOLD,150595,
MIRROR_UNFOLD,150596,
MIRROR_TILT_POSITION_5V,150597,
MIRROR_TILT_POSITION_UP_DOWN,150598,
MIRROR_TILT_POSITION_LEFT_RIGHT,150599,
SHARED_DOOR_GROUND_RETURN,150600,
DOOR_FRONT_MAP_POCKET_LED,150601,
DOOR_FRONT_LATCH_OPEN_SWITCH,150602,
WINDOW_LIFT_FRONT_ENCODER_GROUND_RETURN,150603,
DOOR_FRONT_PUDDLE_LED,150604,
DOOR_FRONT_WINDOW_SWITCH_LED,150605,
DOOR_FRONT_RGB,150606,
DOOR_FRONT_RGB_LIN,150607,
DOOR_FRONT_BLIND_SPOT_INDICATOR_LED,150608,
X378-1,150425,
X378-4,150426,
X378-3,150427,
X379-1,150428,
X379-2,150429,
X366-1,150430,
X366-2,150431,
X366-3,150432,
X371-1,150433,
X371-2,150434,
X369-1,150435,
X369-2,150436,
X369-3,150437,
X370-1,150438,
X370-2,150439,
X365-6,150440,
X365-5,150441,
X365-4,150442,
X365-3,150443,
X365-2,150444,
X365-1,150445,
X367-4,150446,
X367-2,150447,
X367-1,150448,
X376-1,150449,
X376-2,150450,
X376-3,150451,
X376-4,150452,
X376-5,150453,
X376-6,150454,
X376-8,150455,
X376-9,150456,
X376-10,150457,
X376-12,150458,
X376-14,150459,
X380-1,150460,
X380-3,150461,
X380-4,150462,
X380-7,150463,
X380-8,150464,
X373-1,150465,
X373-2,150466,
X373-3,150467,
X373-4,150468,
X373-5,150469,
X033A-1,150470,
X033A-2,150471,
X033B-24,150472,
X033B-15,150473,
X033B-12,150474,
X033A-16,150475,
X033A-17,150476,
X033A-23,150477,
X033B-21,150478,
X033B-9,150479,
X033B-8,150480,
X033B-20,150481,
X033A-24,150482,
X033B-18,150483,
X033B-19,150484,
X033B-7,150485,
X033A-11,150486,
X033B-17,150487,
X033A-21,150488,
X033A-18,150489,
X033A-13,150490,
X033A-12,150491,
X033B-11,150492,
X033B-22,150493,
X033B-23,150494,
X033A-3,150495,
X033A-7,150496,
X033B-10,150497,
X033A-10,150498,
X033A-20,150499,
X033A-15,150500,
X033A-22,150501,
X033A-14,150502,
X033A-19,150503,
X922F-18,150698,
X922F-17,150699,
X922M-10,150700,
X922F-16,150701,
X922M-7,150702,
X922M-17,150703,
X922F-9,150704,
X922F-8,150705,
X922M-14,150706,
X922M-16,150707,
X922F-10,150708,
X922M-19,150709,
X922F-14,150710,
X922F-19,150711,
X922M-8,150712,
X922M-5,150713,
X922M-18,150714,
X922F-5,150715,
X922F-15,150716,
X922M-15,150717,
X922M-4,150718,
X922F-4,150719,
X922F-7,150720,
X922M-9,150721,
X922F-13,150722,
X922M-13,150723,
DCR75-A,160000,
DCR72-B,160001,
DCR71-B,160002,
DCR43-A,160003,
DCR44-A,160004,
DCR42-A,160005,
DCR41-A,160006,
DCR61-A,160007,
DCR53-A,160008,
DCR59-A,160009,
DCR55-A,160010,
DCR62-A,160011,
DCR60-A,160012,
DCR52-A,160013,
DCR56-A,160014,
DCR58-A,160015,
DCR51-A,160016,
DCR21-A,160017,
DCR14-A,160018,
DCR01-A,160019,
DCR02-A,160020,
DCR12-A,160021,
DCR13-A,160022,
DCR31-B,160023,
DCR35-B,160024,
DCR34-B,160025,
DCR33-B,160026,
DCR32-B,160027,
DCR33-C,160028,
DCR34-C,160029,
DCR80-C,160030,
DCR22-A,160031,
DCR23-A,160032,
DCR24-A,160033,
DCR25-A,160034,
DCR76-A,160035,
DCR42-B,160036,
DCR76-B,160037,
DCR32-A,160038,
DCR21-B,160039,
DCR35-A,160040,
DCR75-B,160041,
DCR31-A,160042,
DCR71-A,160043,
DCR34-A,160044,
DCR33-A,160045,
DCR72-A,160046,
DCR41-B,160047,
DCR80-E,160048,
DCR80-G,160049,
DCR80-H,160050,
DCR80-B,160051,
DCR80-J,160052,
DCR80-D,160053,
DCR80-I,160054,
DCR80-F,160055,
DCR80-M,160056,
DCR80-A,160057,
DCR80-K,160058,
DCR80-L,160059,
X053B,160367,
X053A,160368,
X053A,160369,
X053B,160370,
X053A,160371,
X053A,160372,
X053B,160373,
X053A,160374,
X053B,160375,
X053B,160376,
X053B,160377,
X053A,160378,
X408,160379,
X408,160380,
X409,160381,
X409,160382,
X400,160383,
X400,160384,
X397,160385,
X397,160386,
X396,160387,
X396,160388,
X406,160389,
X406,160390,
X401,160391,
X401,160392,
X395,160393,
X395,160394,
X399,160395,
X399,160396,
X410,160397,
X410,160398,
X403,160399,
X923F,160670,
X923F,160671,
X923F,160672,
X923F,160673,
X923F,160674,
X923M,160675,
X923M,160676,
X923F,160677,
X923M,160678,
X923M,160679,
X923M,160680,
X923F,160681,
X923M,160682,
X923F,160683,
X923M,160684,
X923F,160685,
X923M,160686,
X923F,160687,
X923M,160688,
X923M,160689,
X923F,160690,
X923M,160691,
X923M,160692,
X923F,160693,
X923F,160694,
X923M,160695,
Z2-DCR80,160301,
Z1-DCR80,160302,
Ambient Light - Front Right Door,160400,interactive.device.ambientlightfrontrightdoor
Blind Spot Indicator RH,160401,interactive.device.blindspotindicatorrh
Door Map Pocket LED Front Right,160402,interactive.device.doormappocketledfrontright
Exterior Open Switch Front Right,160403,interactive.device.exterioropenswitchfrontright
Interior Open Switch Front Right,160404,interactive.device.interioropenswitchfrontright
Mirror Right Premium,160405,interactive.device.mirrorrightpremium
Puddle LED Front Right,160406,interactive.device.puddleledfrontright
Window Lift Motor Front Right,160407,interactive.device.windowliftmotorfrontright
Window Switch Driver Front Right,160408,interactive.device.windowswitchdriverfrontright
Window Switch Pass Front Right,160409,interactive.device.windowswitchpassfrontright
Latch Front Right,160410,interactive.device.latchfrontright
Body Controller Right,160411,interactive.device.bodycontrollerright
PWR,160503,
GND,160504,
LIN IN,160505,interactive.pin.name.linin
PWR,160506,
GND,160507,
Power,160508,interactive.pin.name.power
Ground,160509,interactive.pin.name.ground
GND,160510,
Signal,160511,interactive.pin.name.signal
Sensor Power,160512,interactive.pin.name.sensorpower
Ground,160513,interactive.pin.name.ground
Illumination,160514,interactive.pin.name.illumination
Switch,160515,interactive.pin.name.switch
Heater (+),160516,interactive.pin.name.heaterpositive
"Fold (+), Unfold (-)",160517,interactive.pin.name.foldpositiveunfold
"Motor Pan (Left-, Right+)",160518,interactive.pin.name.motorpanleftrightpositive
Position Vref 5V,160519,interactive.pin.name.positionvref5v
Position Vertical (Tilt),160520,interactive.pin.name.positionverticaltilt
Position 0V,160521,interactive.pin.name.position0v
Motor Common,160522,interactive.pin.name.motorcommon
"Motor Tilt (Up+, Down-)",160523,interactive.pin.name.motortiltuppositivedown
"Fold (-), Unfold (+)",160524,interactive.pin.name.foldunfoldpositive
Position Horizontal (Pan),160525,interactive.pin.name.positionhorizontalpan
EC (+),160526,
PWR,160527,
GND,160528,
MOTOR +,160529,interactive.pin.name.motorpositive
HALL A,160530,interactive.pin.name.halla
HALL REFERENCE,160531,interactive.pin.name.hallreference
HALL B,160532,interactive.pin.name.hallb
MOTOR -,160533,interactive.pin.name.motor
Front Left Window,160534,interactive.pin.name.frontleftwindow
Front Right Window,160535,interactive.pin.name.frontrightwindow
Rear Left Window,160536,interactive.pin.name.rearleftwindow
Rear Right Window,160537,interactive.pin.name.rearrightwindow
Illumination,160538,interactive.pin.name.illumination
Ground,160539,interactive.pin.name.ground
LED,160540,
Switch,160541,interactive.pin.name.switch
Ground,160542,interactive.pin.name.ground
UNLATCH CAM POSITION,160543,interactive.pin.name.unlatchcamposition
UNLATCH RESET,160544,interactive.pin.name.unlatchreset
UNLATCH OPEN,160545,interactive.pin.name.unlatchopen
GND,160546,
AJAR/OPEN,160547,
WINDOW_LIFT_FRONT_DOWN,160548,
WINDOW_LIFT_FRONT_UP,160549,
WINDOW_LIFT_FRONT_ENCODER_GROUND,160550,
WINDOW_LIFT_FRONT_ENCODER_A,160551,
WINDOW_LIFT_FRONT_ENCODER_B,160552,
DOOR_FRONT_PUDDLE_LED,160553,
DOOR_FRONT_LATCH_ENDSTOP_SWITCH,160554,
DOOR_FRONT_LATCH_RELEASE,160555,
WINDOW_SWITCHPACK_FL,160556,
WINDOW_SWITCHPACK_RR,160557,
WINDOW_SWITCHPACK_RL,160558,
WINDOW_SWITCHPACK_FR,160559,
DOOR_FRONT_WINDOW_SWITCH_LED,160560,
DOOR_FRONT_INTERIOR_HANDLE_SWITCH,160561,
DOOR_FRONT_INTERIOR_HANDLE_SWITCH_LED,160562,
DOOR_FRONT_EXTERIOR_HANDLE_SENSOR,160563,
DOOR_FRONT_EXTERIOR_HANDLE_SENSOR_5V,160564,
MIRROR_TILT_UP_DOWN,160565,
MIRROR_TILT_COMMON,160566,
MIRROR_TILT_LEFT_RIGHT,160567,
MIRROR_HEAT,160568,
MIRROR_DIM,160569,
MIRROR_FOLD,160570,
MIRROR_UNFOLD,160571,
MIRROR_TILT_POSITION_5V,160572,
MIRROR_TILT_POSITION_UP_DOWN,160573,
MIRROR_TILT_POSITION_LEFT_RIGHT,160574,
DOOR_FRONT_MAP_POCKET_LED,160575,
SHARED_DOOR_GROUND,160576,
DOOR_FRONT_LATCH_RESET,160577,
DOOR_FRONT_LATCH_OPEN_SWITCH,160578,
DOOR_FRONT_BLIND_SPOT_INDICATOR_LED,160579,
DOOR_FRONT_RGB,160580,
DOOR_FRONT_RGB_LIN,160581,
15,160582,
10,160583,
9,160584,
19,160585,
7,160586,
10,160587,
18,160588,
17,160589,
17,160590,
5,160591,
15,160592,
4,160593,
19,160594,
5,160595,
7,160596,
8,160597,
14,160598,
18,160599,
8,160600,
16,160601,
16,160602,
4,160603,
9,160604,
14,160605,
13,160606,
13,160607,
X408-1,160424,
X408-4,160425,
X408-3,160426,
X409-1,160427,
X409-2,160428,
X400-1,160429,
X400-2,160430,
X397-1,160431,
X397-2,160432,
X397-4,160433,
X396-1,160434,
X396-2,160435,
X396-3,160436,
X406-1,160437,
X406-2,160438,
X406-3,160439,
X406-4,160440,
X406-5,160441,
X406-6,160442,
X406-8,160443,
X406-9,160444,
X406-10,160445,
X406-12,160446,
X406-14,160447,
X401-1,160448,
X401-2,160449,
X403-1,160450,
X403-2,160451,
X403-3,160452,
X403-4,160453,
X403-5,160454,
X395-1,160455,
X395-2,160456,
X395-3,160457,
X395-4,160458,
X395-5,160459,
X395-6,160460,
X399-1,160461,
X399-2,160462,
X399-3,160463,
X410-1,160464,
X410-3,160465,
X410-4,160466,
X410-7,160467,
X410-8,160468,
X053A-2,160469,
X053A-1,160470,
X053B-16,160471,
X053A-7,160472,
X053A-16,160473,
X053A-8,160474,
X053A-24,160475,
X053A-4,160476,
X053A-11,160477,
X053A-19,160478,
X053A-20,160479,
X053A-10,160480,
X053B-10,160481,
X053B-7,160482,
X053B-9,160483,
X053A-13,160484,
X053A-21,160485,
X053B-13,160486,
X053B-14,160487,
X053B-12,160488,
X053B-22,160489,
X053B-21,160490,
X053B-11,160491,
X053B-23,160492,
X053B-8,160493,
X053A-18,160494,
X053A-17,160495,
X053A-9,160496,
X053B-4,160497,
X053A-3,160498,
X053A-12,160499,
X053A-14,160500,
X053A-15,160501,
X053B-17,160502,
X923F-15,160696,
X923F-10,160697,
X923F-9,160698,
X923F-19,160699,
X923F-7,160700,
X923M-10,160701,
X923M-18,160702,
X923F-17,160703,
X923M-17,160704,
X923M-5,160705,
X923M-15,160706,
X923F-4,160707,
X923M-19,160708,
X923F-5,160709,
X923M-7,160710,
X923F-8,160711,
X923M-14,160712,
X923F-18,160713,
X923M-8,160714,
X923M-16,160715,
X923F-16,160716,
X923M-4,160717,
X923M-9,160718,
X923F-14,160719,
X923F-13,160720,
X923M-13,160721,
DCL175-A,170000,
DCL171-B,170001,
DCL143-B,170002,
DCL144-B,170003,
DCL142-A,170004,
DCL141-A,170005,
DCL124-A,170006,
DCL125-A,170007,
DCL123-A,170008,
DCL122-A,170009,
DCL121-A,170010,
DCL101-A,170011,
DCL113-A,170012,
DCL114-A,170013,
DCL102-A,170014,
DCL133-A,170015,
DCL134-A,170016,
DCL180-L,170017,
DCL176-A,170018,
DCL141-C,170019,
DCL141-B,170020,
DCL122-B,170021,
DCL133-C,170022,
DCL133-B,170023,
DCL113-B,170024,
DCL114-B,170025,
DCL143-A,170026,
DCL144-A,170027,
DCL176-C,170028,
DCL176-B,170029,
DCL101-B,170030,
DCL102-B,170031,
DCL123-B,170032,
DCL180-I,170033,
DCL142-C,170034,
DCL142-B,170035,
DCL121-C,170036,
DCL121-B,170037,
DCL124-B,170038,
DCL171-C,170039,
DCL171-A,170040,
DCL134-C,170041,
DCL134-B,170042,
DCL175-C,170043,
DCL175-B,170044,
DCL125-B,170045,
DCL180-H,170046,
DCL180-D,170047,
DCL180-G,170048,
DCL180-F,170049,
DCL180-E,170050,
DCL180-J,170051,
DCL180-K,170052,
DCL180-C,170053,
DCL180-A,170054,
DCL180-B,170055,
X030A,170314,
X030A,170315,
X030A,170316,
X031,170317,
X039,170318,
X031,170319,
X031,170320,
X039,170321,
X030A,170322,
X031,170323,
X030A,170324,
X434,170325,
X434,170326,
X435,170327,
X435,170328,
X425,170329,
X425,170330,
X426,170331,
X426,170332,
X427,170333,
X427,170334,
X436,170335,
X436,170336,
X433,170337,
X433,170338,
X432,170339,
X432,170340,
X925M,170553,
X925F,170554,
X924M,170555,
X924F,170556,
X925M,170557,
X925F,170558,
X924M,170559,
X924F,170560,
X925M,170561,
X925F,170562,
X924M,170563,
X924F,170564,
X925M,170565,
X925F,170566,
X924M,170567,
X924F,170568,
X925M,170569,
X925F,170570,
X924M,170571,
X924F,170572,
X924M,170573,
X924F,170574,
X925M,170575,
X925F,170576,
X925M,170577,
X925F,170578,
X924M,170579,
X924F,170580,
X925M,170581,
X925F,170582,
X924M,170583,
X924F,170584,
X924M,170585,
X924F,170586,
X924M,170587,
X924F,170588,
X924M,170589,
X924F,170590,
X924M,170591,
X924F,170592,
X924M,170593,
X924F,170594,
X924M,170595,
X924F,170596,
X924M,170597,
X924F,170598,
X924M,170599,
X924F,170600,
X924M,170601,
X924F,170602,
X924M,170603,
X924F,170604,
X924M,170605,
X924F,170606,
X925M,170607,
X925F,170608,
Z1-DCL180,170248,
Z2-DCL180,170249,
Ambient Light - Rear Left Door,170341,interactive.device.ambientlightrearleftdoor
Door Map Pocket LED Rear Left,170342,interactive.device.doormappocketledrearleft
Exterior Open Switch Rear Left,170343,interactive.device.exterioropenswitchrearleft
Interior Open Switch Rear Left,170344,interactive.device.interioropenswitchrearleft
Latch Rear Left,170345,interactive.device.latchrearleft
Puddle LED Rear Left,170346,interactive.device.puddleledrearleft
Window Lift Motor Rear Left,170347,interactive.device.windowliftmotorrearleft
Window Switch RL,170348,interactive.device.windowswitchrl
Body Controller Left,170349,interactive.device.bodycontrollerleft
PWR,170404,
GND,170405,
LIN IN,170406,interactive.pin.name.linin
Power,170407,interactive.pin.name.power
Ground,170408,interactive.pin.name.ground
GND,170409,
Signal,170410,interactive.pin.name.signal
Sensor Power,170411,interactive.pin.name.sensorpower
Ground,170412,interactive.pin.name.ground
Illumination,170413,interactive.pin.name.illumination
Switch,170414,interactive.pin.name.switch
UNLATCH CAM POSITION,170415,interactive.pin.name.unlatchcamposition
UNLATCH RESET,170416,interactive.pin.name.unlatchreset
UNLATCH OPEN,170417,interactive.pin.name.unlatchopen
GND,170418,
AJAR/OPEN,170419,
PWR,170420,
GND,170421,
MOTOR +,170422,interactive.pin.name.motorpositive
HALL A,170423,interactive.pin.name.halla
HALL REFERENCE,170424,interactive.pin.name.hallreference
HALL B,170425,interactive.pin.name.hallb
MOTOR -,170426,interactive.pin.name.motor
LED,170427,
Switch,170428,interactive.pin.name.switch
Ground,170429,interactive.pin.name.ground
DOOR_REAR_EXTERIOR_HANDLE_SENSOR,170430,
DOOR_REAR_EXTERIOR_HANDLE_SENSOR_5V,170431,
WINDOW_SWITCH_REAR,170432,
DOOR_REAR_WINDOW_SWITCH_LED,170433,
DOOR_REAR_INTERIOR_HANDLE_SWITCH,170434,
DOOR_REAR_INTERIOR_HANDLE_SWITCH_LED,170435,
DOOR_REAR_PUDDLE_LED,170436,
DOOR_REAR_LATCH_ENDSTOP_SWITCH,170437,
DOOR_REAR_LATCH_RELEASE,170438,
DOOR_REAR_LATCH_RESET,170439,
WINDOW_LIFT_REAR_UP,170440,
WINDOW_LIFT_REAR_DOWN,170441,
WINDOW_LIFT_REAR_ENCODER_A,170442,
WINDOW_LIFT_REAR_ENCODER_B,170443,
DOOR_REAR_MAP_POCKET_LED,170444,
DOOR_REAR_SHARED_GROUND_RETURN,170445,
DOOR_REAR_LATCH_OPEN_SWITCH,170446,
DOOR_REAR_RGB,170447,
DOOR_REAR_RGB_LIN,170448,
9,170449,
9,170450,
2,170451,
2,170452,
16,170453,
16,170454,
3,170455,
3,170456,
18,170457,
18,170458,
10,170459,
10,170460,
10,170461,
10,170462,
16,170463,
16,170464,
5,170465,
5,170466,
9,170467,
9,170468,
24,170469,
24,170470,
14,170471,
14,170472,
8,170473,
8,170474,
25,170475,
25,170476,
19,170477,
19,170478,
22,170479,
22,170480,
19,170481,
19,170482,
5,170483,
5,170484,
6,170485,
6,170486,
11,170487,
11,170488,
23,170489,
23,170490,
1,170491,
1,170492,
15,170493,
15,170494,
12,170495,
12,170496,
4,170497,
4,170498,
13,170499,
13,170500,
18,170501,
18,170502,
13,170503,
13,170504,
X434-1,170359,
X434-4,170360,
X434-3,170361,
X435-1,170362,
X435-2,170363,
X425-1,170364,
X425-2,170365,
X425-4,170366,
X426-1,170367,
X426-2,170368,
X426-3,170369,
X427-1,170370,
X427-3,170371,
X427-4,170372,
X427-7,170373,
X427-8,170374,
X436-1,170375,
X436-2,170376,
X433-1,170377,
X433-2,170378,
X433-3,170379,
X433-4,170380,
X433-5,170381,
X432-1,170382,
X432-2,170383,
X432-3,170384,
X030A-22,170385,
X030A-23,170386,
X030A-14,170387,
X031-8,170388,
X030A-11,170389,
X031-23,170390,
X031-24,170391,
X030A-13,170392,
X031-19,170393,
X031-4,170394,
X031-1,170395,
X031-15,170396,
X030A-17,170397,
X030A-18,170398,
X031-7,170399,
X031-20,170400,
X039-4,170401,
X039-31,170402,
X030A-8,170403,
X925M-9,170609,
X925F-9,170610,
X924M-2,170611,
X924F-2,170612,
X925M-16,170613,
X925F-16,170614,
X924M-3,170615,
X924F-3,170616,
X925M-18,170617,
X925F-18,170618,
X924M-10,170619,
X924F-10,170620,
X925M-10,170621,
X925F-10,170622,
X924M-16,170623,
X924F-16,170624,
X925M-5,170625,
X925F-5,170626,
X924M-9,170627,
X924F-9,170628,
X924M-24,170629,
X924F-24,170630,
X925M-14,170631,
X925F-14,170632,
X925M-8,170633,
X925F-8,170634,
X924M-25,170635,
X924F-25,170636,
X925M-19,170637,
X925F-19,170638,
X924M-22,170639,
X924F-22,170640,
X924M-19,170641,
X924F-19,170642,
X924M-5,170643,
X924F-5,170644,
X924M-6,170645,
X924F-6,170646,
X924M-11,170647,
X924F-11,170648,
X924M-23,170649,
X924F-23,170650,
X924M-1,170651,
X924F-1,170652,
X924M-15,170653,
X924F-15,170654,
X924M-12,170655,
X924F-12,170656,
X924M-4,170657,
X924F-4,170658,
X924M-13,170659,
X924F-13,170660,
X924M-18,170661,
X924F-18,170662,
X925M-13,170663,
X925F-13,170664,
DCR176-A,180000,
DCR171-B,180001,
DCR142-A,180002,
DCR141-A,180003,
DCR123-A,180004,
DCR122-A,180005,
DCR125-A,180006,
DCR124-A,180007,
DCR121-A,180008,
DCR133-A,180009,
DCR134-A,180010,
DCR180-L,180011,
DCR114-A,180012,
DCR113-A,180013,
DCR102-A,180014,
DCR144-B,180015,
DCR101-A,180016,
DCR143-B,180017,
DCR175-A,180018,
DCR180-I,180019,
DCR114-B,180020,
DCR141-C,180021,
DCR141-B,180022,
DCR122-B,180023,
DCR123-B,180024,
DCR113-B,180025,
DCR133-C,180026,
DCR133-B,180027,
DCR124-B,180028,
DCR102-B,180029,
DCR144-A,180030,
DCR101-B,180031,
DCR142-C,180032,
DCR142-B,180033,
DCR134-C,180034,
DCR134-B,180035,
DCR176-C,180036,
DCR176-B,180037,
DCR121-C,180038,
DCR121-B,180039,
DCR143-A,180040,
DCR175-C,180041,
DCR175-B,180042,
DCR171-A,180043,
DCR171-C,180044,
DCR125-B,180045,
DCR180-D,180046,
DCR180-G,180047,
DCR180-C,180048,
DCR180-J,180049,
DCR180-K,180050,
DCR180-H,180051,
DCR180-F,180052,
DCR180-E,180053,
DCR180-A,180054,
DCR180-B,180055,
X051,180314,
X051,180315,
X050,180316,
X050,180317,
X050,180318,
X059,180319,
X051,180320,
X050,180321,
X464,180322,
X464,180323,
X465,180324,
X465,180325,
X456,180326,
X456,180327,
X457,180328,
X457,180329,
X466,180330,
X466,180331,
X462,180332,
X462,180333,
X455,180334,
X455,180335,
X463,180336,
X463,180337,
X927M,180547,
X927F,180548,
X926F,180549,
X926M,180550,
X927M,180551,
X927F,180552,
X926F,180553,
X926M,180554,
X927M,180555,
X927F,180556,
X926F,180557,
X926M,180558,
X927M,180559,
X927F,180560,
X926F,180561,
X926M,180562,
X927M,180563,
X927F,180564,
X926F,180565,
X926M,180566,
X927M,180567,
X927F,180568,
X926F,180569,
X926M,180570,
X927M,180571,
X927F,180572,
X926F,180573,
X926M,180574,
X926F,180575,
X926M,180576,
X927M,180577,
X927F,180578,
X926F,180579,
X926M,180580,
X926F,180581,
X926M,180582,
X926F,180583,
X926M,180584,
X926F,180585,
X926M,180586,
X926F,180587,
X926M,180588,
X926F,180589,
X926M,180590,
X926F,180591,
X926M,180592,
X926F,180593,
X926M,180594,
X926F,180595,
X926M,180596,
X926F,180597,
X926M,180598,
X926F,180599,
X926M,180600,
X927M,180601,
X927F,180602,
Z1-DCR180,180248,
Z2-DCR180,180249,
Ambient Light - Rear Right Door,180338,interactive.device.ambientlightrearrightdoor
Door Map Pocket LED Rear Right,180339,interactive.device.doormappocketledrearright
Interior Open Switch Rear Right,180340,interactive.device.interioropenswitchrearright
Latch Rear Right,180341,interactive.device.latchrearright
Puddle LED Rear Right,180342,interactive.device.puddleledrearright
Window Switch RR,180343,interactive.device.windowswitchrr
Exterior Open Switch Rear Right,180344,interactive.device.exterioropenswitchrearright
Window Lift Motor Rear Right,180345,interactive.device.windowliftmotorrearright
Body Controller Right,180346,interactive.device.bodycontrollerright
PWR,180401,
GND,180402,
LIN IN,180403,interactive.pin.name.linin
Power,180404,interactive.pin.name.power
Ground,180405,interactive.pin.name.ground
Ground,180406,interactive.pin.name.ground
Illumination,180407,interactive.pin.name.illumination
Switch,180408,interactive.pin.name.switch
UNLATCH CAM POSITION,180409,interactive.pin.name.unlatchcamposition
UNLATCH RESET,180410,interactive.pin.name.unlatchreset
UNLATCH OPEN,180411,interactive.pin.name.unlatchopen
GND,180412,
AJAR/OPEN,180413,
PWR,180414,
GND,180415,
LED,180416,
Switch,180417,interactive.pin.name.switch
Ground,180418,interactive.pin.name.ground
GND,180419,
Signal,180420,interactive.pin.name.signal
Sensor Power,180421,interactive.pin.name.sensorpower
MOTOR +,180422,interactive.pin.name.motorpositive
HALL A,180423,interactive.pin.name.halla
HALL REFERENCE,180424,interactive.pin.name.hallreference
HALL B,180425,interactive.pin.name.hallb
MOTOR -,180426,interactive.pin.name.motor
DOOR_REAR_EXTERIOR_HANDLE_SENSOR,180427,
DOOR_REAR_EXTERIOR_HANDLE_SENSOR_5V,180428,
DOOR_REAR_WINDOW_SWITCH_LED,180429,
DOOR_REAR_INTERIOR_HANDLE_SWITCH_LED,180430,
DOOR_REAR_PUDDLE_LED,180431,
WINDOW_LIFT_REAR_UP,180432,
WINDOW_LIFT_REAR_DOWN,180433,
DOOR_REAR_MAP_POCKET_LED,180434,
DOOR_REAR_LATCH_OPEN_SWITCH,180435,
WINDOW_SWITCH_REAR,180436,
DOOR_REAR_INTERIOR_HANDLE_SWITCH,180437,
DOOR_REAR_RGB,180438,
DOOR_REAR_RGB_LIN,180439,
DOOR_REAR_LATCH_ENDSTOP_SWITCH,180440,
DOOR_REAR_LATCH_RELEASE,180441,
DOOR_REAR_LATCH_RESET,180442,
WINDOW_LIFT_REAR_ENCODER_B,180443,
WINDOW_LIFT_REAR_ENCODER_A,180444,
DOOR_REAR_SHARED_GROUND,180445,
9,180446,
9,180447,
2,180448,
2,180449,
16,180450,
16,180451,
3,180452,
3,180453,
10,180454,
10,180455,
16,180456,
16,180457,
8,180458,
8,180459,
25,180460,
25,180461,
18,180462,
18,180463,
10,180464,
10,180465,
5,180466,
5,180467,
9,180468,
9,180469,
19,180470,
19,180471,
22,180472,
22,180473,
24,180474,
24,180475,
14,180476,
14,180477,
4,180478,
4,180479,
6,180480,
6,180481,
19,180482,
19,180483,
12,180484,
12,180485,
5,180486,
5,180487,
13,180488,
13,180489,
15,180490,
15,180491,
23,180492,
23,180493,
1,180494,
1,180495,
11,180496,
11,180497,
18,180498,
18,180499,
13,180500,
13,180501,
X464-1,180356,
X464-4,180357,
X464-3,180358,
X465-1,180359,
X465-2,180360,
X456-1,180361,
X456-2,180362,
X456-3,180363,
X457-1,180364,
X457-3,180365,
X457-4,180366,
X457-7,180367,
X457-8,180368,
X466-1,180369,
X466-2,180370,
X462-1,180371,
X462-2,180372,
X462-3,180373,
X455-1,180374,
X455-2,180375,
X455-4,180376,
X463-1,180377,
X463-2,180378,
X463-3,180379,
X463-4,180380,
X463-5,180381,
X051-27,180382,
X051-11,180383,
X051-22,180384,
X051-21,180385,
X051-25,180386,
X051-2,180387,
X051-1,180388,
X051-6,180389,
X059-27,180390,
X050-53,180391,
X050-29,180392,
X051-44,180393,
X051-23,180394,
X050-30,180395,
X050-31,180396,
X050-54,180397,
X050-25,180398,
X050-48,180399,
X050-15,180400,
X927M-9,180603,
X927F-9,180604,
X926F-2,180605,
X926M-2,180606,
X927M-16,180607,
X927F-16,180608,
X926F-3,180609,
X926M-3,180610,
X927M-10,180611,
X927F-10,180612,
X926F-16,180613,
X926M-16,180614,
X927M-8,180615,
X927F-8,180616,
X926F-25,180617,
X926M-25,180618,
X927M-18,180619,
X927F-18,180620,
X926F-10,180621,
X926M-10,180622,
X927M-5,180623,
X927F-5,180624,
X926F-9,180625,
X926M-9,180626,
X927M-19,180627,
X927F-19,180628,
X926F-22,180629,
X926M-22,180630,
X926F-24,180631,
X926M-24,180632,
X927M-14,180633,
X927F-14,180634,
X926F-4,180635,
X926M-4,180636,
X926F-6,180637,
X926M-6,180638,
X926F-19,180639,
X926M-19,180640,
X926F-12,180641,
X926M-12,180642,
X926F-5,180643,
X926M-5,180644,
X926F-13,180645,
X926M-13,180646,
X926F-15,180647,
X926M-15,180648,
X926F-23,180649,
X926M-23,180650,
X926F-1,180651,
X926M-1,180652,
X926F-11,180653,
X926M-11,180654,
X926F-18,180655,
X926M-18,180656,
X927M-13,180657,
X927F-13,180658,
+CDI03-A,190000,
G020-B,190001,
PT051-B,190002,
+CDI04-A,190003,
PT061-A,190004,
+CDI03-B,190005,
G019-B,190006,
G019-A,190007,
PT051-A,190008,
G020-A,190009,
PT061-B,190010,
+DRV62-C,190011,
+DRV62-A,190012,
+DRV21-A,190013,
G604-B,190014,
G604-A,190015,
G606-B,190016,
G606-A,190017,
+DRV81-B,190018,
+CDI01-A,190019,
+CDI02-B,190020,
+CDI01-B,190021,
+DRV62-B,190022,
+DRV11-A,190023,
+CDI02-A,190024,
+DRV81-A,190025,
+CDI04-B,190026,
X095,190152,
X010,190153,
X095,190154,
X093,190155,
X093,190156,
X090,190157,
X092,190158,
X090,190159,
X092,190160,
X057,190161,
X050,190162,
X030A,190163,
X051,190164,
X911F,190290,
X911M,190291,
X911M,190292,
X911M,190293,
X911F,190294,
X911F,190295,
X911M,190296,
X911F,190297,
X911M,190298,
X911F,190299,
X911F,190300,
X911M,190301,
X935M,190302,
X935F,190303,
X952F,190304,
X952M,190305,
X952M,190306,
X952M,190307,
X952M,190308,
X952F,190309,
X952M,190310,
X952F,190311,
X952F,190312,
X952M,190313,
X952F,190314,
X952F,190315,
G011,190372,
G011,190373,
G042,190374,
G042,190375,
Body Controller Front,190165,interactive.device.bodycontrollerfront
Body Controller Right,190166,interactive.device.bodycontrollerright
Body Controller Left,190167,interactive.device.bodycontrollerleft
Drive Unit Oil Pump Front,190168,interactive.device.driveunitoilpumpfront
Drive Inverter Front Logic,190169,interactive.device.driveinverterfrontlogic
Drive Unit Oil Pump Rear,190170,interactive.device.driveunitoilpumprear
Drive Inverter Rear Logic,190171,interactive.device.driveinverterrearlogic
FRONT_DRIVE_INVERTER,190203,
FRONT_DRIVE_UNIT_OIL_PUMP,190204,
DI_FRONT_PRIVATE_CAN_N,190205,
DI_FRONT_PRIVATE_CAN_P,190206,
OIL_PUMP_REAR_DRIVE_UNIT,190207,
DI_REAR_PRIVATE_CAN_N,190208,
DI_REAR_PRIVATE_CAN_P,190209,
REAR_DRIVE_INVERTER,190210,
Power,190211,interactive.pin.name.power
LIN,190212,
Ground,190213,interactive.pin.name.ground
Switched +12V,190214,interactive.pin.name.switchedpositive12v
CAN+,190215,
CAN-,190216,
GND,190217,
Oil Pump Status,190218,interactive.pin.name.oilpumpstatus
Ground,190219,interactive.pin.name.ground
LIN,190220,
Power,190221,interactive.pin.name.power
CAN-,190222,
Switched +12V,190223,interactive.pin.name.switchedpositive12v
Oil Pump Status,190224,interactive.pin.name.oilpumpstatus
CAN+,190225,
GND,190226,
2,190227,
3,190228,
9,190229,
10,190230,
3,190231,
1,190232,
2,190233,
8,190234,
8,190235,
10,190236,
9,190237,
1,190238,
13,190239,
13,190240,
8,190241,
8,190242,
14,190243,
10,190244,
6,190245,
14,190246,
15,190247,
7,190248,
15,190249,
7,190250,
10,190251,
6,190252,
X010-4,190179,
X010-79,190180,
X057-24,190181,
X057-25,190182,
X051-3,190183,
X050-57,190184,
X050-58,190185,
X030A-27,190186,
X095-1,190187,
X095-2,190188,
X095-3,190189,
X093-3,190190,
X093-12,190191,
X093-2,190192,
X093-13,190193,
X093-10,190194,
X092-3,190195,
X092-2,190196,
X092-1,190197,
X090-2,190198,
X090-3,190199,
X090-10,190200,
X090-12,190201,
X090-13,190202,
X911F-2,190316,
X911M-3,190317,
X911M-9,190318,
X911M-10,190319,
X911F-3,190320,
X911F-1,190321,
X911M-2,190322,
X911F-8,190323,
X911M-8,190324,
X911F-10,190325,
X911F-9,190326,
X911M-1,190327,
X935M-13,190328,
X935F-13,190329,
X952F-8,190330,
X952M-8,190331,
X952M-14,190332,
X952M-10,190333,
X952M-6,190334,
X952F-14,190335,
X952M-15,190336,
X952F-7,190337,
X952F-15,190338,
X952M-7,190339,
X952F-10,190340,
X952F-6,190341,
+DRV03-A,200000,
+DRV01-A,200001,
+DRV04-A,200002,
+DRV02-A,200003,
+DRV05-A,200004,
+DRV06-A,200005,
+DRV05-B,200006,
+DRV02-B,200007,
+DRV03-B,200008,
+DRV04-B,200009,
+DRV01-B,200010,
+RES53-A,200011,
+RES54-A,200012,
+RES51-A,200013,
+RES56-A,200014,
+RES52-A,200015,
+RES55-A,200016,
+RES04-A,200017,
+RES03-A,200018,
+RES05-A,200019,
+RES02-A,200020,
+RES01-A,200021,
+RES06-A,200022,
+DRV05-C,200023,
+DRV01-C,200024,
+DRV03-C,200025,
+DRV02-C,200026,
+DRV04-C,200027,
+DRV06-C,200028,
+DRV06-B,200029,
X167,200186,
X167A,200187,
X093,200188,
X094,200189,
X091,200190,
X090,200191,
X050,200192,
X936M,200328,
X936F,200329,
X936M,200330,
X936F,200331,
X936M,200332,
X936F,200333,
X936M,200334,
X936F,200335,
X936M,200336,
X936F,200337,
X936M,200338,
X936F,200339,
Body Controller Right,200193,interactive.device.bodycontrollerright
Accel Pedal Sensor (LHD),200194,interactive.device.accelpedalsensorlhd
Accel Pedal Sensor (RHD),200195,interactive.device.accelpedalsensorrhd
Drive Inverter Front Logic,200196,interactive.device.driveinverterfrontlogic
Drive Inverter Front Resolver,200197,interactive.device.driveinverterfrontresolver
Drive Invverter Rear Resolver,200198,interactive.device.driveinvverterrearresolver
Drive Inverter Rear Logic,200199,interactive.device.driveinverterrearlogic
ACCELERATOR_PEDAL_SIGNAL_1,200249,
ACCELERATOR_PEDAL_5V_2,200250,
ACCELERATOR_PEDAL_SIGNAL_2_GND_RETURN,200251,
ACCELERATOR_PEDAL_SIGNAL_2,200252,
ACCELERATOR_PEDAL_5V_1,200253,
ACCELERATOR_PEDAL_SIGNAL_1_GND_RETURN,200254,
Accel_Ref1,200255,interactive.pin.name.accelref1
Accel_Sig1,200256,interactive.pin.name.accelsig1
Accel_Rtn1,200257,interactive.pin.name.accelrtn1
Accel_Rtn2,200258,interactive.pin.name.accelrtn2
Accel_Sig2,200259,interactive.pin.name.accelsig2
Accel_Ref2,200260,interactive.pin.name.accelref2
Accel_Ref2,200261,interactive.pin.name.accelref2
Accel_Sig2,200262,interactive.pin.name.accelsig2
Accel_Rtn2,200263,interactive.pin.name.accelrtn2
Accel_Rtn1,200264,interactive.pin.name.accelrtn1
Accel_Sig1,200265,interactive.pin.name.accelsig1
Accel_Ref1,200266,interactive.pin.name.accelref1
Resolver Excitation +,200267,interactive.pin.name.resolverexcitationpositive
Resolver Excitation-,200268,interactive.pin.name.resolverexcitationnegative
Resolver Sine +,200269,interactive.pin.name.resolversinepositive
Resolver Sine -,200270,interactive.pin.name.resolversine
Resolver Cosine +,200271,interactive.pin.name.resolvercosinepositive
Resolver Cosine -,200272,interactive.pin.name.resolvercosine
Resolver Excitation+,200273,interactive.pin.name.resolverexcitationpositive
Resolver Sine +,200274,interactive.pin.name.resolversinepositive
Resolver Cosine +,200275,interactive.pin.name.resolvercosinepositive
Resolver Excitation-,200276,interactive.pin.name.resolverexcitationnegative
Resolver Sine -,200277,interactive.pin.name.resolversine
Resolver Cosine -,200278,interactive.pin.name.resolvercosine
Resolver Excitation+,200279,interactive.pin.name.resolverexcitationpositive
Resolver Sine +,200280,interactive.pin.name.resolversinepositive
Resolver Cosine +,200281,interactive.pin.name.resolvercosinepositive
Resolver Excitation-,200282,interactive.pin.name.resolverexcitationnegative
Resolver Sine -,200283,interactive.pin.name.resolversine
Resolver Cosine -,200284,interactive.pin.name.resolvercosine
Resolver Excitation +,200285,interactive.pin.name.resolverexcitationpositive
Resolver Excitation-,200286,interactive.pin.name.resolverexcitationnegative
Resolver Sine +,200287,interactive.pin.name.resolversinepositive
Resolver Sine -,200288,interactive.pin.name.resolversine
Resolver Cosine +,200289,interactive.pin.name.resolvercosinepositive
Resolver Cosine -,200290,interactive.pin.name.resolvercosine
22,200291,
5,200292,
5,200293,
6,200294,
6,200295,
19,200296,
19,200297,
10,200298,
10,200299,
9,200300,
9,200301,
22,200302,
X050-49,200207,
X050-50,200208,
X050-51,200209,
X050-26,200210,
X050-27,200211,
X050-28,200212,
X167-6,200213,
X167-5,200214,
X167-4,200215,
X167-3,200216,
X167-2,200217,
X167-1,200218,
X167A-1,200219,
X167A-2,200220,
X167A-3,200221,
X167A-4,200222,
X167A-5,200223,
X167A-6,200224,
X093-26,200225,
X093-16,200226,
X093-17,200227,
X093-7,200228,
X093-8,200229,
X093-27,200230,
X094-3,200231,
X094-4,200232,
X094-5,200233,
X094-8,200234,
X094-9,200235,
X094-10,200236,
X091-3,200237,
X091-4,200238,
X091-5,200239,
X091-8,200240,
X091-9,200241,
X091-10,200242,
X090-26,200243,
X090-16,200244,
X090-17,200245,
X090-7,200246,
X090-8,200247,
X090-27,200248,
X936M-22,200340,
X936F-5,200341,
X936M-5,200342,
X936F-6,200343,
X936M-6,200344,
X936F-19,200345,
X936M-19,200346,
X936F-10,200347,
X936M-10,200348,
X936F-9,200349,
X936M-9,200350,
X936F-22,200351,
++CPT03-A,210000,
++CVH09-B,210001,
++CVH10-B,210002,
++CPT04-A,210003,
+CRP02-C,210004,
+ETH02-A,210005,
+CRP01-A,210006,
++CCH01-J,210007,
++DAS22-A,210008,
+CRP01-C,210009,
++CCH02-J,210010,
+CRP02-A,210011,
+AUD69-A,210012,
+AUD70-A,210013,
++DAS21-A,210014,
+ETH01-A,210015,
X850,210106,
X849,210107,
X121,210108,
X121,210109,
X851,210110,
X120,210111,
X120,210112,
X854,210113,
X120,210114,
X603,210115,
X011,210116,
X012,210117,
X486,210118,
X909F,210205,
X909M,210206,
X909F,210207,
X909M,210208,
Z1-++CCH01,210080,
Z1-++CCH02,210081,
Speaker Emergency Audio (LHD),210119,interactive.device.speakeremergencyaudiolhd
Body Controller Front,210120,interactive.device.bodycontrollerfront
Radar Interior,210121,interactive.device.radarinterior
MCU (LHD),210122,interactive.device.mculhd
Autopilot ECU (LHD),210123,interactive.device.autopiloteculhd
Speaker N,210151,interactive.pin.name.speakern
Speaker P,210152,interactive.pin.name.speakerp
AUTOPILOT_1,210153,
AUTOPILOT_2,210154,
CAN-L (CAN-FD),210155,interactive.pin.name.canlcanfd
CAN-H (CAN-FD),210156,interactive.pin.name.canhcanfd
APE-BR-ETH,210157,
Data,210158,interactive.pin.name.data
VBAT-A,210159,
VBAT-B,210160,
PARTY-CAN-H-Ex,210161,interactive.pin.name.partycanhex
PARTY-CAN-L-Ex,210162,interactive.pin.name.partycanlex
VH-CAN-H-Ex,210163,interactive.pin.name.vhcanhex
VH-CAN-L-Ex,210164,interactive.pin.name.vhcanlex
CH-CAN-H-Ex,210165,interactive.pin.name.chcanhex
CH-CAN-L-Ex,210166,interactive.pin.name.chcanlex
PRIMARY-RADAR-CAN-H-Ex,210167,interactive.pin.name.primaryradarcanhex
PRIMARY-RADAR-CAN-L-Ex,210168,interactive.pin.name.primaryradarcanlex
AP-MCU-1000BT1,210169,
AP-MCU2-1000BT1,210170,
EMERG-AUD-OUT_P,210171,
EMERG-AUD-OUT_N,210172,
3,210173,
2,210174,
2,210175,
3,210176,
X603-2,210129,
X603-1,210130,
X012-2,210131,
X011-6,210132,
X486-5,210133,
X486-6,210134,
X850-H,210135,
X849-H,210136,
X120-1,210137,
X121-1,210138,
X121-15,210139,
X121-16,210140,
X120-12,210141,
X120-13,210142,
X120-3,210143,
X120-4,210144,
X121-17,210145,
X121-18,210146,
X851-H,210147,
X854-H,210148,
X120-20,210149,
X120-11,210150,
X909F-3,210209,
X909M-2,210210,
X909F-2,210211,
X909M-3,210212,
++CPT03-B,220000,
++CPT04-B,220001,
++CVH09-A,220002,
++CVH10-A,220003,
+ETH01-B,220004,
+AUD69_R-A,220005,
+AUD70_R-A,220006,
+CRP02-D,220007,
+CRP02-A,220008,
+CRP01-D,220009,
+CRP01-A,220010,
++CCH01-K,220011,
++CCH02-K,220012,
++DAS21-B,220013,
++DAS22-B,220014,
+ETH02-B,220015,
X854A,220107,
X851A,220108,
X603A,220109,
X849A,220110,
X850A,220111,
X486,220112,
X011,220113,
X012,220114,
X121A,220115,
X120A,220116,
X121A,220117,
X120A,220118,
X120A,220119,
X909F,220206,
X909M,220207,
X909F,220208,
X909M,220209,
Z1-++CCH01,220080,
Z1-++CCH02,220081,
Speaker Emergency Audio (RHD),220120,interactive.device.speakeremergencyaudiorhd
Radar Interior,220121,interactive.device.radarinterior
Body Controller Front,220122,interactive.device.bodycontrollerfront
MCU (RHD),220123,interactive.device.mcurhd
Autopilot ECU (RHD),220124,interactive.device.autopilotecurhd
Speaker P,220152,interactive.pin.name.speakerp
Speaker N,220153,interactive.pin.name.speakern
CAN-L (CAN-FD),220154,interactive.pin.name.canlcanfd
CAN-H (CAN-FD),220155,interactive.pin.name.canhcanfd
AUTOPILOT_1,220156,
AUTOPILOT_2,220157,
APE-BR-ETH,220158,
Data,220159,interactive.pin.name.data
VBAT-A,220160,
VBAT-B,220161,
PRIMARY-RADAR-CAN-H-Ex,220162,interactive.pin.name.primaryradarcanhex
PRIMARY-RADAR-CAN-L-Ex,220163,interactive.pin.name.primaryradarcanlex
AP-MCU-1000BT1,220164,
AP-MCU2-1000BT1,220165,
EMERG-AUD-OUT_P,220166,
EMERG-AUD-OUT_N,220167,
CH-CAN-H-Ex,220168,interactive.pin.name.chcanhex
CH-CAN-L-Ex,220169,interactive.pin.name.chcanlex
VH-CAN-H-Ex,220170,interactive.pin.name.vhcanhex
VH-CAN-L-Ex,220171,interactive.pin.name.vhcanlex
PARTY-CAN-L-Ex,220172,interactive.pin.name.partycanlex
PARTY-CAN-H-Ex,220173,interactive.pin.name.partycanhex
3,220174,
3,220175,
2,220176,
2,220177,
X603A-1,220130,
X603A-2,220131,
X486-5,220132,
X486-6,220133,
X012-2,220134,
X011-6,220135,
X850A-H,220136,
X849A-H,220137,
X120A-1,220138,
X121A-1,220139,
X121A-17,220140,
X121A-18,220141,
X851A-H,220142,
X854A-H,220143,
X120A-20,220144,
X120A-11,220145,
X120A-3,220146,
X120A-4,220147,
X120A-12,220148,
X120A-13,220149,
X121A-16,220150,
X121A-15,220151,
X909F-3,220210,
X909M-3,220211,
X909F-2,220212,
X909M-2,220213,
+G008-A,230000,
+DAS06-A,230001,
HWA22-A,230002,
SEC16-A,230003,
SEC15-B,230004,
SEC17-B,230005,
SEC11-B,230006,
SEC12-B,230007,
BCM01-B,230008,
BCM02-B,230009,
G015-E,230010,
JMP01-B,230011,
SEC23-B,230012,
SEC21-B,230013,
SEC22-B,230014,
SEC22-A,230015,
SEC16-B,230016,
SEC21-A,230017,
SEC15-A,230018,
SEC17-A,230019,
SEC23-A,230020,
SEC12-A,230021,
SEC11-A,230022,
JMP01-A,230023,
BCM01-A,230024,
BCM02-A,230025,
G023-A,230026,
G002-A,230027,
+G008_R-A,230028,
G006-A,230029,
G006-B,230030,
HWA22-B,230031,
+DAS06-B,230032,
WPA10-A,230033,
WPA11-A,230034,
WPA02-B,230035,
WPA01-B,230036,
WPA01-A,230037,
WPA02-A,230038,
WPA15-B,230039,
G015-A,230040,
G023-E,230041,
X304,230227,
X332,230228,
X330,230229,
X485,230230,
X355,230231,
X333,230232,
X301,230233,
X300A,230234,
X300,230235,
X302,230236,
X012,230237,
X010,230238,
X304A,230239,
X304,230240,
X485,230241,
X356,230242,
X302,230243,
X300A,230244,
X300,230245,
X304A,230246,
X906F,230438,
X906M,230439,
X906F,230440,
X906M,230441,
X906F,230442,
X906M,230443,
X906F,230444,
X906M,230445,
X906F,230446,
X906M,230447,
X906F,230448,
X906M,230449,
X906F,230450,
X906M,230451,
X906F,230452,
X906M,230453,
X901F,230454,
X901M,230455,
X905M,230456,
X905F,230457,
X905M,230458,
X905F,230459,
X905F,230460,
X905M,230461,
X901F,230462,
X901M,230463,
G011,230516,
G011,230517,
G011,230518,
G012,230519,
G012,230520,
G012,230521,
Frunk Latch,230247,interactive.device.frunklatch
Homelink ECU,230248,interactive.device.homelinkecu
Frunk Access Post,230249,interactive.device.frunkaccesspost
Emergency Frunk Release Switch,230250,interactive.device.emergencyfrunkreleaseswitch
Washer Pump & Level Sensor,230251,interactive.device.washerpumplevelsensor
Wiper Motor (LHD),230252,interactive.device.wipermotorlhd
Wiper Motor (RHD),230253,interactive.device.wipermotorrhd
Glass Heater - Windshield (RHD),230254,interactive.device.glassheaterwindshieldrhd
Body Controller Front,230255,interactive.device.bodycontrollerfront
Glass Heater - Windshield (LHD),230256,interactive.device.glassheaterwindshieldlhd
Primary Latch Release,230314,interactive.pin.name.primarylatchrelease
Primary Latch Reset,230315,interactive.pin.name.primarylatchreset
Switch 1 (NC),230316,interactive.pin.name.switch1nc
Ground,230317,interactive.pin.name.ground
Switch 2 (NO),230318,interactive.pin.name.switch2no
Power In,230319,interactive.pin.name.powerin
Ground-Chassis,230320,interactive.pin.name.groundchassis
LIN,230321,
Power,230322,interactive.pin.name.power
Ground,230323,interactive.pin.name.ground
REL SW,230324,interactive.pin.name.relsw
GND,230325,
Illumination,230326,interactive.pin.name.illumination
PUMP 13.5 V Windshield,230327,interactive.pin.name.pump135vwindshield
PUMP 13.5 V Camera,230328,interactive.pin.name.pump135vcamera
Sensor Ground,230329,interactive.pin.name.sensorground
Signal,230330,interactive.pin.name.signal
LIN,230331,
Ground,230332,interactive.pin.name.ground
Power,230333,interactive.pin.name.power
Power,230334,interactive.pin.name.power
LIN,230335,
Ground,230336,interactive.pin.name.ground
Camera Area Heater,230337,interactive.pin.name.cameraareaheater
Ground,230338,interactive.pin.name.ground
Windshield Wiper Area,230339,interactive.pin.name.windshieldwiperarea
FRUNK_EMERGENCY_RELEASE_SWITCH,230340,
FRUNK_LED,230341,
FRUNK_ACCESS_POST,230342,
HOMELINK_ECU,230343,
HOMELINK_ECU_LIN,230344,
FRUNK_LATCH_PRIMARY_RELEASE,230345,
FRUNK_LATCH_PRIMARY_RESET,230346,
FRUNK_LATCH_SWITCH_1,230347,
FRUNK_LATCH_SWITCH_2,230348,
FRUNK_LATCH_SWITCH_RETURN,230349,
WINDSHIELD_WIPER_PARK_HEATER,230350,
WINDSHIELD_UPPER_GLASS_HEATER,230351,
WINDSHIELD_WASHER_FLUID_LEVEL_SWITCH,230352,
WASHER_FLUID_PUMP_PHASE A,230353,interactive.pin.name.washerfluidpumpphasea
WINDSHIELD_WIPER_LIN,230354,
WINDSHIELD_WIPER_POWER,230355,
FRUNK_EMERGENCY_RELEASE_SWITCH_RETURN,230356,
WASHER_FLUID_PUMP_PHASE B,230357,interactive.pin.name.washerfluidpumpphaseb
Windshield Wiper Area,230358,interactive.pin.name.windshieldwiperarea
Ground,230359,interactive.pin.name.ground
Camera Area Heater,230360,interactive.pin.name.cameraareaheater
7,230361,
7,230362,
8,230363,
8,230364,
13,230365,
13,230366,
14,230367,
14,230368,
12,230369,
12,230370,
9,230371,
9,230372,
11,230373,
11,230374,
10,230375,
10,230376,
5,230377,
5,230378,
8,230379,
8,230380,
7,230381,
7,230382,
1,230383,
1,230384,
1,230385,
1,230386,
X330-1,230267,
X330-2,230268,
X332-1,230269,
X332-2,230270,
X332-3,230271,
X485-1,230272,
X485-2,230273,
X485-3,230274,
X355-1,230275,
X356-1,230276,
X333-1,230277,
X333-2,230278,
X333-3,230279,
X301-1,230280,
X301-2,230281,
X302-A,230282,
X302-B,230283,
X300-1,230284,
X300-3,230285,
X300-4,230286,
X300A-4,230287,
X300A-1,230288,
X300A-3,230289,
X304A-1,230290,
X304A-2,230291,
X304A-3,230292,
X010-48,230293,
X010-1,230294,
X010-84,230295,
X010-2,230296,
X010-58,230297,
X010-83,230298,
X010-82,230299,
X010-56,230300,
X010-38,230301,
X010-59,230302,
X010-89,230303,
X010-90,230304,
X010-53,230305,
X010-80,230306,
X010-45,230307,
X012-3,230308,
X010-64,230309,
X010-81,230310,
X304-3,230311,
X304-2,230312,
X304-1,230313,
X906F-7,230464,
X906M-7,230465,
X906F-8,230466,
X906M-8,230467,
X906F-13,230468,
X906M-13,230469,
X906F-14,230470,
X906M-14,230471,
X906F-12,230472,
X906M-12,230473,
X906F-9,230474,
X906M-9,230475,
X906F-11,230476,
X906M-11,230477,
X906F-10,230478,
X906M-10,230479,
X901F-5,230480,
X901M-5,230481,
X905M-8,230482,
X905F-8,230483,
X905M-7,230484,
X905F-7,230485,
X905F-1,230486,
X905M-1,230487,
X901F-1,230488,
X901M-1,230489,
+G409-A,240000,
G607-A,240001,
G091-A,240002,
G612-A,240003,
G601-A,240004,
G611-A,240005,
G300-A,240006,
G651-A,240007,
G406-A,240008,
G604-A,240009,
G420-A,240010,
G603-A,240011,
+G403-A,240012,
G613-B,240013,
G606-B,240014,
+G402-A,240015,
G608-A,240016,
G036-A,240017,
G411-A,240018,
G605-A,240019,
G607-B,240020,
+G653-A,240021,
G602-B,240022,
G400-A,240023,
G602-A,240024,
G613-A,240025,
G606-A,240026,
+G407-A,240027,
G406-B,240028,
G615-A,240029,
G604-B,240030,
+G408-A,240031,
G605-B,240032,
G414-A,240033,
G411-B,240034,
G609-A,240035,
G800-A,240036,
X296,240195,
X686,240196,
X497,240197,
X493,240198,
X486,240199,
X201,240200,
X694,240201,
X196,240202,
X676,240203,
X041,240204,
X096,240205,
X490,240206,
X494,240207,
X561,240208,
X677,240209,
X297,240210,
X179,240211,
X274,240212,
X264,240213,
X090,240214,
X265,240215,
X092,240216,
X098,240217,
X562,240218,
X127,240219,
X930F,240460,
X930F,240461,
X930M,240462,
X930M,240463,
X949M,240464,
X952M,240465,
X952M,240466,
X949F,240467,
X962M,240468,
X952F,240469,
X952F,240470,
X970M,240471,
X949M,240472,
X970F,240473,
X949F,240474,
X962F,240475,
G041,240508,
G031,240509,
G031,240510,
G031,240511,
G031,240512,
G031,240513,
G031,240514,
G041,240515,
G041,240516,
G041,240517,
G031,240518,
G041,240519,
G031,240520,
G031,240521,
G031,240522,
G042,240523,
G042,240524,
G032,240525,
G032,240526,
G042,240527,
G042,240528,
G042,240529,
G032,240530,
G042,240531,
G032,240532,
G042,240533,
G032,240534,
G042,240535,
G032,240536,
G042,240537,
Trailer Light Controller,240220,interactive.device.trailerlightcontroller
Charge Port ECU,240221,interactive.device.chargeportecu
Trunk Internal Illumination Left,240222,interactive.device.trunkinternalilluminationleft
Authentication Endpoint Rear Center,240223,interactive.device.authenticationendpointrearcenter
Inductive Charger,240224,interactive.device.inductivecharger
Radar Interior,240225,interactive.device.radarinterior
Rear Display,240226,interactive.device.reardisplay
2R Heat Pad Cushion,240227,interactive.device.2rheatpadcushion
2R Heat Pad Backrest Left,240228,interactive.device.2rheatpadbackrestleft
Restraints Controller,240229,interactive.device.restraintscontroller
Authentication and Heater Left B-Pillar,240230,interactive.device.authenticationandheaterleftbpillar
Center Console Controller,240231,interactive.device.centerconsolecontroller
Authentication Endpoint Interior,240232,interactive.device.authenticationendpointinterior
CHMSL,240233,
Rear Fascia Lamp LH,240234,interactive.device.rearfascialamplh
Rear Fascia Lamp RH,240235,interactive.device.rearfascialamprh
2R Heat Pad Backrest Right,240236,interactive.device.2rheatpadbackrestright
Premium Amp Audio,240237,interactive.device.premiumampaudio
CAN Port,240238,interactive.device.canport
HV Battery,240239,interactive.device.hvbattery
Authentication and Heater Right B-Pillar,240240,interactive.device.authenticationandheaterrightbpillar
Trunk Internal Illumination Right,240241,interactive.device.trunkinternalilluminationright
Radio Tuner,240242,interactive.device.radiotuner
Drive Unit Oil Pump Rear,240243,interactive.device.driveunitoilpumprear
Drive Inverter Rear Logic,240244,interactive.device.driveinverterrearlogic
Camera - Interior,240245,interactive.device.camerainterior
18,240300,
2,240301,
18,240302,
2,240303,
7,240304,
8,240305,
14,240306,
7,240307,
4,240308,
14,240309,
8,240310,
7,240311,
11,240312,
7,240313,
11,240314,
4,240315,
Ground,240316,interactive.pin.name.ground
GND,240317,
GND,240318,
GND,240319,
GND,240320,
GND,240321,
ESD Ground,240322,interactive.pin.name.esdground
Ground,240323,interactive.pin.name.ground
Heater GND,240324,interactive.pin.name.heatergnd
RHD+,240325,
GND,240326,
GND,240327,
GND,240328,
GND,240329,
GND,240330,
Ground,240331,interactive.pin.name.ground
GND,240332,
GND,240333,
Heater GND,240334,interactive.pin.name.heatergnd
Gnd,240335,
GND,240336,
VEH-12V-BAT-GND,240337,
GND,240338,
GND,240339,
Ground,240340,interactive.pin.name.ground
Ground,240341,interactive.pin.name.ground
GND,240342,
Ground,240343,interactive.pin.name.ground
X041-1,240272,
X096-9,240273,
X296-2,240274,
X497-3,240275,
X694-5,240276,
X486-4,240277,
G006-1,240278,
X686-12,240279,
X676-1,240280,
X201-62,240281,
X201-55,240282,
X493-5,240283,
X196-12,240284,
X196-1,240285,
X490-4,240286,
X274-1,240287,
X264-8,240288,
X265-8,240289,
X677-1,240290,
X561-5,240291,
X179-20,240292,
X098-9,240293,
X494-5,240294,
X297-2,240295,
X562-4,240296,
X092-3,240297,
X090-13,240298,
X127-2,240299,
X930F-18,240476,
X930F-2,240477,
X930M-18,240478,
X930M-2,240479,
X949M-7,240480,
X952M-8,240481,
X952M-14,240482,
X949F-7,240483,
X962M-4,240484,
X952F-14,240485,
X952F-8,240486,
X970M-7,240487,
X949M-11,240488,
X970F-7,240489,
X949F-11,240490,
X962F-4,240491,
++G013-B,250000,
++G013-A,250001,
++G011-A,250002,
++G011-B,250003,
G023-A,250004,
G016-A,250005,
++G018-A,250006,
++G018-B,250007,
G100-A,250008,
+G007_R-A,250009,
+G008-A,250010,
G025-A,250011,
G015-A,250012,
++G030-A,250013,
++G035-A,250014,
+G008_R-A,250015,
+G007-A,250016,
G002-A,250017,
G024-A,250018,
G019-B,250019,
G020-A,250020,
THG02-A,250021,
G012-A,250022,
G006-A,250023,
G006-B,250024,
G023-E,250025,
G015-E,250026,
G020-B,250027,
G019-A,250028,
+G291-A,250029,
+G191-A,250030,
G200-A,250031,
X159,250172,
X300,250173,
X304A,250174,
X268,250175,
X093,250176,
X190A,250177,
X300A,250178,
X260,250179,
X190,250180,
X151,250181,
X532,250182,
X302,250183,
X191,250184,
X191A,250185,
X095,250186,
X269,250187,
X485,250188,
X150A,250189,
X159A,250190,
X150,250191,
X261,250192,
X304,250193,
X356,250194,
X056,250195,
X036,250196,
X911F,250404,
X911M,250405,
X911F,250406,
X911M,250407,
X905M,250408,
X901F,250409,
X901M,250410,
X905F,250411,
G024,250428,
G098,250429,
G099,250430,
G012,250431,
G012,250432,
G012,250433,
G012,250434,
G012,250435,
G012,250436,
G012,250437,
G011,250438,
G011,250439,
G011,250440,
G011,250441,
G011,250442,
G011,250443,
G011,250444,
G011,250445,
G011,250446,
G011,250447,
G011,250448,
G023,250449,
Headlight Right,250197,interactive.device.headlightright
Washer Pump & Level Sensor,250198,interactive.device.washerpumplevelsensor
"HV Compressor, Heat Pump",250199,interactive.device.hvcompressorheatpump
Glass Heater - Windshield (LHD),250200,interactive.device.glassheaterwindshieldlhd
Frunk Access Post,250201,interactive.device.frunkaccesspost
Side Repeater Right,250202,interactive.device.siderepeaterright
HCU/ESP,250203,
iBooster & DTS (LHD),250204,interactive.device.iboosterdtslhd
Wiper Motor (RHD),250205,interactive.device.wipermotorrhd
Homelink ECU,250206,interactive.device.homelinkecu
Wiper Motor (LHD),250207,interactive.device.wipermotorlhd
Glass Heater - Windshield (RHD),250208,interactive.device.glassheaterwindshieldrhd
Side Repeater Left,250209,interactive.device.siderepeaterleft
iBooster & DTS (LHD),250210,interactive.device.iboosterdtslhd
iBooster & DTS (RHD),250211,interactive.device.iboosterdtsrhd
Headlight Left,250212,interactive.device.headlightleft
Drive Inverter Front Logic,250213,interactive.device.driveinverterfrontlogic
Drive Unit Oil Pump Front,250214,interactive.device.driveunitoilpumpfront
EPAS (RHD),250215,interactive.device.epasrhd
EPAS (LHD),250216,interactive.device.epaslhd
Body Controller Right,250217,interactive.device.bodycontrollerright
Body Controller Left,250218,interactive.device.bodycontrollerleft
GND,250267,
Sensor Ground,250268,interactive.pin.name.sensorground
Fault Ground,250269,interactive.pin.name.faultground
Ground,250270,interactive.pin.name.ground
Ground,250271,interactive.pin.name.ground
TurnGND,250272,interactive.pin.name.turngnd
GND_MR,250273,
GND_ECU,250274,
Ground,250275,interactive.pin.name.ground
Ground,250276,interactive.pin.name.ground
Ground-Chassis,250277,interactive.pin.name.groundchassis
Ground,250278,interactive.pin.name.ground
Ground,250279,interactive.pin.name.ground
TurnGND,250280,interactive.pin.name.turngnd
Ground,250281,interactive.pin.name.ground
Ground,250282,interactive.pin.name.ground
Ground,250283,interactive.pin.name.ground
GND,250284,
GND,250285,
Ground,250286,interactive.pin.name.ground
GND1,250287,
GND2,250288,
GND2,250289,
GND1,250290,
Ground,250291,interactive.pin.name.ground
Ground,250292,interactive.pin.name.ground
9,250293,
9,250294,
8,250295,
8,250296,
1,250297,
1,250298,
1,250299,
1,250300,
X261-3,250241,
X302-A,250242,
X532-1,250243,
X304-2,250244,
X356-1,250245,
X269-2,250246,
X151-14,250247,
X151-46,250248,
X159-1,250249,
X300A-3,250250,
X485-2,250251,
X300-3,250252,
X304A-2,250253,
X268-2,250254,
X150-9,250255,
X159A-1,250256,
X150A-9,250257,
X260-3,250258,
X093-13,250259,
X095-3,250260,
X190A-2,250261,
X191A-2,250262,
X191-2,250263,
X190-2,250264,
X056-2,250265,
X036-2,250266,
X911F-9,250412,
X911M-9,250413,
X911F-8,250414,
X911M-8,250415,
X905M-1,250416,
X901F-1,250417,
X901M-1,250418,
X905F-1,250419,
G901-A,260000,
G902-A,260001,
G904-A,260002,
G903-A,260003,
G909-A,260004,
G905-A,260005,
G906-A,260006,
G907-A,260007,
X347,260040,
X278,260041,
X348,260042,
X271,260043,
X340,260044,
X273,260045,
X279,260046,
G045,260098,
G046,260099,
Liftgate External Switch & BUC,260047,interactive.device.liftgateexternalswitchbuc
Liftgate Lamp RH,260048,interactive.device.liftgatelamprh
Liftgate Lamp LH,260049,interactive.device.liftgatelamplh
Liftgate Internal Close Switch,260050,interactive.device.liftgateinternalcloseswitch
License Plate Light Left,260051,interactive.device.licenseplatelightleft
License Plate Light Right,260052,interactive.device.licenseplatelightright
Liftgate Cinching Latch,260053,interactive.device.liftgatecinchinglatch
Ground,260068,interactive.pin.name.ground
Ground,260069,interactive.pin.name.ground
Ground,260070,interactive.pin.name.ground
GND,260071,
Ground,260072,interactive.pin.name.ground
Ground,260073,interactive.pin.name.ground
Ground,260074,interactive.pin.name.ground
X347-2,260061,
X273-1,260062,
X271-1,260063,
X348-2,260064,
X279-2,260065,
X278-2,260066,
X340-3,260067,
INL91-B,270000,
INL92-B,270001,
INL24-A,270002,
INL23-A,270003,
INL25-A,270004,
INL21-A,270005,
INL20-A,270006,
INL22-A,270007,
INL13-A,270008,
INL10-A,270009,
INL12-A,270010,
INL11-A,270011,
INL82-B,270012,
INL02-A,270013,
INL01-A,270014,
INL81-B,270015,
INL70-B,270016,
THC93-A,270017,
THC91-A,270018,
THC92-A,270019,
INL81-A,270020,
INL70-A,270021,
INL82-A,270022,
G613-A,270023,
CAU07-A,270024,
CAU06-A,270025,
CAU08-A,270026,
CAU05-A,270027,
CAU03-A,270028,
CAU04-A,270029,
FAN03-A,270030,
FAN02-A,270031,
FAN04-A,270032,
FAN01-A,270033,
INL91-A,270034,
G613-B,270035,
THC93-B,270036,
THC91-B,270037,
INL95-A,270038,
INL92-A,270039,
INL95-B,270040,
THC92-B,270041,
+DAS90-A,270042,
X609,270220,
X609,270221,
X608,270222,
X608,270223,
X059,270224,
X050,270225,
X050,270226,
X051,270227,
X051,270228,
X030A,270229,
X039,270230,
X129,270231,
X286,270232,
X287,270233,
X299,270234,
X299,270235,
X303,270236,
X289,270237,
X290,270238,
X128F,270239,
X127,270240,
X127,270241,
X880,270242,
X981M,270470,
X981F,270471,
X981M,270472,
X981F,270473,
X981M,270474,
X981F,270475,
X981M,270476,
X981F,270477,
X981M,270478,
X981F,270479,
X981M,270480,
X981F,270481,
X981M,270482,
X981F,270483,
X962F,270484,
X962M,270485,
X962M,270486,
X962F,270487,
X962F,270488,
X962M,270489,
X962M,270490,
X962M,270491,
X962F,270492,
X962F,270493,
X962F,270494,
X962F,270495,
X962M,270496,
X962M,270497,
G032,270554,
Mirror - Rear View - Electrochromatic,270243,interactive.device.mirrorrearviewelectrochromatic
Rear Maplight Left,270244,interactive.device.rearmaplightleft
Rear Maplight Right,270245,interactive.device.rearmaplightright
Humidity and Glass Temp,270246,interactive.device.humidityandglasstemp
Vanity LED Left,270247,interactive.device.vanityledleft
Vanity LED Right,270248,interactive.device.vanityledright
Microphone - Overhead Left,270249,interactive.device.microphoneoverheadleft
Microphone - Overhead Right,270250,interactive.device.microphoneoverheadright
Interior Camera Fan,270251,interactive.device.interiorcamerafan
Body Controller Right,270252,interactive.device.bodycontrollerright
Body Controller Left,270253,interactive.device.bodycontrollerleft
Camera - Interior,270254,interactive.device.camerainterior
Front Overhead Module,270255,interactive.device.frontoverheadmodule
EC+,270329,
EC-,270330,
LIN,270331,
Ground,270332,interactive.pin.name.ground
Power,270333,interactive.pin.name.power
LIN,270334,
Ground,270335,interactive.pin.name.ground
Power,270336,interactive.pin.name.power
Power,270337,interactive.pin.name.power
Ground,270338,interactive.pin.name.ground
LIN,270339,
POWER,270340,
GND,270341,
POWER,270342,
GND,270343,
A-,270344,
A+,270345,
Ground,270346,interactive.pin.name.ground
B+,270347,
B-,270348,
A-,270349,
A+,270350,
Ground,270351,interactive.pin.name.ground
B+,270352,
B-,270353,
Fan Tach,270354,interactive.pin.name.fantach
Fan PWM Speed Input,270355,interactive.pin.name.fanpwmspeedinput
Fan-,270356,
Fan+,270357,
MIRROR_REAR_VIEW_DIM,270358,
LIGHT_AND_HUMIDITY_SENSOR,270359,
INTERIOR_CAMERA_LED_FAN,270360,
LIGHT_AND_HUMIDITY_SENSOR_GROUND,270361,
MIRROR_REAR_VIEW_GROUND,270362,
LIGHT_AND_HUMIDITY_SENSOR_LIN,270363,
FRONT_OVERHEAD_MODULE_LIN,270364,
FRONT_OVERHEAD_MODULE,270365,
FRONT_OVERHEAD_MODULE_GROUND_RETURN,270366,
Power,270367,interactive.pin.name.power
Ground,270368,interactive.pin.name.ground
AdasInteriorCamPoc5v0,270369,interactive.pin.name.adasinteriorcampoc5v0
Fan Tach,270370,interactive.pin.name.fantach
Fan PWM Input,270371,interactive.pin.name.fanpwminput
Fan Ground,270372,interactive.pin.name.fanground
Fan Power,270373,interactive.pin.name.fanpower
Main Power,270374,interactive.pin.name.mainpower
Right Vanity Power,270375,interactive.pin.name.rightvanitypower
Left Vanity Power,270376,interactive.pin.name.leftvanitypower
RR Overhead Light LIN,270377,interactive.pin.name.rroverheadlightlin
RR Overhead Light Ground,270378,interactive.pin.name.rroverheadlightground
LIN,270379,
Ground,270380,interactive.pin.name.ground
RL Overhead Light LIN,270381,interactive.pin.name.rloverheadlightlin
RR Overhead Light Power,270382,interactive.pin.name.rroverheadlightpower
RL Overhead Light Power,270383,interactive.pin.name.rloverheadlightpower
RL Overhead Light Ground,270384,interactive.pin.name.rloverheadlightground
Common Ground,270385,interactive.pin.name.commonground
Right Visor Ground,270386,interactive.pin.name.rightvisorground
Left Visor Ground,270387,interactive.pin.name.leftvisorground
Ground,270388,interactive.pin.name.ground
13,270389,
13,270390,
8,270391,
8,270392,
16,270393,
16,270394,
15,270395,
15,270396,
14,270397,
14,270398,
6,270399,
6,270400,
5,270401,
5,270402,
3,270403,
3,270404,
1,270405,
2,270406,
4,270407,
4,270408,
9,270409,
7,270410,
8,270411,
1,270412,
9,270413,
7,270414,
2,270415,
8,270416,
X129-1,270269,
X129-2,270270,
X286-2,270271,
X286-3,270272,
X286-1,270273,
X287-2,270274,
X287-3,270275,
X287-1,270276,
X303-1,270277,
X303-2,270278,
X303-3,270279,
X289-1,270280,
X289-2,270281,
X290-1,270282,
X290-2,270283,
X608-1,270284,
X608-2,270285,
X608-3,270286,
X608-4,270287,
X608-5,270288,
X609-1,270289,
X609-2,270290,
X609-3,270291,
X609-4,270292,
X609-5,270293,
X128F-1,270294,
X128F-2,270295,
X128F-3,270296,
X128F-4,270297,
X051-26,270298,
X051-7,270299,
X059-19,270300,
X050-16,270301,
X050-17,270302,
X051-8,270303,
X030A-6,270304,
X030A-26,270305,
X039-9,270306,
X127-1,270307,
X127-2,270308,
X880-1,270309,
X128M-1,270310,
X128M-2,270311,
X128M-3,270312,
X128M-4,270313,
X299-1,270314,
X299-3,270315,
X299-4,270316,
X299-5,270317,
X299-6,270318,
X299-7,270319,
X299-8,270320,
X299-9,270321,
X299-10,270322,
X299-11,270323,
X299-12,270324,
X299-13,270325,
X299-14,270326,
X299-15,270327,
X299-16,270328,
X981M-13,270498,
X981F-13,270499,
X981M-8,270500,
X981F-8,270501,
X981M-16,270502,
X981F-16,270503,
X981M-15,270504,
X981F-15,270505,
X981M-14,270506,
X981F-14,270507,
X981M-6,270508,
X981F-6,270509,
X981M-5,270510,
X981F-5,270511,
X962F-3,270512,
X962M-3,270513,
X962M-1,270514,
X962F-2,270515,
X962F-4,270516,
X962M-4,270517,
X962M-9,270518,
X962M-7,270519,
X962F-8,270520,
X962F-1,270521,
X962F-9,270522,
X962F-7,270523,
X962M-2,270524,
X962M-8,270525,
+CVH20-A,280000,
+CVH19-A,280001,
+HVL02-B,280002,
ECL06-C,280003,
ECL06-B,280004,
+CCP02-A,280005,
+CCP03-A,280006,
+CCP01-A,280007,
+CCP04-A,280008,
+G402-A,280009,
+G403-A,280010,
+CCP03-B,280011,
+HVL02-A,280012,
+CCP02-B,280013,
+BMS01-A,280014,
++BMS02_C-A,280015,
+ENS20-A,280016,
+CCP04-B,280017,
+CCP01-B,280018,
+G408-A,280019,
+PCS02-A,280020,
+HVL01-A,280021,
+SRI96_A-A,280022,
+SRI97_A-B,280023,
+SRI97_A-A,280024,
ECL06-A,280025,
+SRI96_A-B,280026,
++BMS02_A-A,280027,
++BMS02_B-A,280028,
+BCM03-A,280029,
+PCS01-A,280030,
+ENS20-B,280031,
+SRI97_B-A,280032,
+SRI96_B-A,280033,
+HVL01-B,280034,
X541,280184,
X173A,280185,
X173,280186,
X096,280187,
X098,280188,
X918M,280189,
X010,280190,
X200,280191,
X201,280192,
X201,280193,
X051,280194,
X050,280195,
X057,280196,
X051,280197,
X050,280198,
X055,280199,
X057,280200,
X059,280201,
X037,280202,
X918F,280203,
X908F,280385,
X908M,280386,
X908M,280387,
X908F,280388,
X908M,280389,
X908M,280390,
X908F,280391,
X908F,280392,
X908F,280393,
X908M,280394,
X935F,280395,
X935M,280396,
X935F,280397,
X935F,280398,
X935M,280399,
X935F,280400,
X935F,280401,
X935M,280402,
X935M,280403,
X935M,280404,
G031,280446,
G031,280447,
G032,280448,
"HV Compressor, Heat Pump",280204,interactive.device.hvcompressorheatpump
MCU (RHD),280205,interactive.device.mcurhd
MCU (LHD),280206,interactive.device.mculhd
Charge Port ECU,280207,interactive.device.chargeportecu
HV Battery,280208,interactive.device.hvbattery
Body Controller Front,280209,interactive.device.bodycontrollerfront
Restraints Controller,280210,interactive.device.restraintscontroller
Body Controller Right,280211,interactive.device.bodycontrollerright
Body Controller Right,280212,interactive.device.bodycontrollerright
Body Controller Left,280213,interactive.device.bodycontrollerleft
HV Contactor Disconnect,280214,interactive.device.hvcontactordisconnect
HVIL +,280270,interactive.pin.name.hvilpositive
HVIL -,280271,interactive.pin.name.hvil
PSTANDBY-HV-SUP,280272,
PSTANDBY-HV-SUP,280273,
CP_CAN_P,280274,
CP_CAN_N,280275,
CP_LATCH_EN,280276,
HVC_CP_nFAULT,280277,interactive.pin.name.hvccpnfault
VEH-HVIL-OUT,280278,
VEH-HVIL-IN,280279,
CP-CAN-L,280280,
CP-CAN-H,280281,
VEH-12V-BAT,280282,
VEH-12V-BAT-GND,280283,
CP-FAULT,280284,
CP-LATCH-EN,280285,
DCDC-Enable,280286,interactive.pin.name.dcdcenable
RCM-ENS-IN,280287,
VEHICLE-CAN-L,280288,
VEHICLE-CAN-H,280289,
VEH-12V-CONTACTOR-POWER,280290,
FRONT_TO_PCS_ENABLE,280291,
EFUSE_LOCKOUT,280292,
ENS1,280293,
PWR2,280294,
PWR1,280295,
GND,280296,
RHD+,280297,
STANDBY_POWER_PCS_LOCKOUT,280298,
STANDBY_POWER_PCS_LOCKOUT_SWITCHED,280299,
FRONT_EFUSE_LOCKOUT,280300,
ECALL_STANDBY_POWER,280301,
HV_CONTROLLER,280302,
RESTRAINT_CONTROL_MODULE_PASSTHROUGH_2,280303,
RESTRAINT_CONTROL_MODULE_PASSTHROUGH_1,280304,
RESTRAINT_CONTROL_MODULE_PASSTHROUGH_1,280305,
RESTRAINT_CONTROL_MODULE,280306,
RESTRAINT_CONTROL_MODULE_PASSTHROUGH_2,280307,
HV_CONTACTORS,280308,
HV_CONTACTORS_FRUNK_CUTLOOP_PASSTHROUGH_IN,280309,
HV_CONTACTORS_FRUNK_CUTLOOP_PASSTHROUGH_OUT,280310,
RESTRAINT_CONTROL_MODULE,280311,
HV Disconnect,280312,interactive.pin.name.hvdisconnect
HV Disconnect,280313,interactive.pin.name.hvdisconnect
10,280314,
18,280315,
15,280316,
15,280317,
9,280318,
10,280319,
19,280320,
18,280321,
9,280322,
19,280323,
20,280324,
4,280325,
3,280326,
4,280327,
20,280328,
28,280329,
19,280330,
28,280331,
3,280332,
19,280333,
X541-1,280226,
X541-2,280227,
X173A-4,280228,
X173-4,280229,
X096-8,280230,
X096-7,280231,
X096-5,280232,
X096-6,280233,
X098-1,280234,
X098-3,280235,
X098-6,280236,
X098-7,280237,
X098-8,280238,
X098-9,280239,
X098-10,280240,
X098-11,280241,
X098-12,280242,
X098-13,280243,
X098-15,280244,
X098-16,280245,
X098-18,280246,
X010-65,280247,
X010-21,280248,
X201-56,280249,
X200-27,280250,
X200-40,280251,
X201-55,280252,
X201-62,280253,
X051-42,280254,
X057-7,280255,
X057-2,280256,
X051-43,280257,
X050-39,280258,
X055-33,280259,
X055-32,280260,
X059-30,280261,
X057-1,280262,
X059-14,280263,
X057-14,280264,
X057-26,280265,
X050-19,280266,
X037-28,280267,
X918M-1,280268,
X918F-1,280269,
X908F-10,280405,
X908M-18,280406,
X908M-15,280407,
X908F-15,280408,
X908M-9,280409,
X908M-10,280410,
X908F-19,280411,
X908F-18,280412,
X908F-9,280413,
X908M-19,280414,
X935F-20,280415,
X935M-4,280416,
X935F-3,280417,
X935F-4,280418,
X935M-20,280419,
X935F-28,280420,
X935F-19,280421,
X935M-28,280422,
X935M-3,280423,
X935M-19,280424,
W44-A,290000,
W43-A,290001,
W10-A,290002,
W05-A,290003,
W21-A,290004,
W07-A,290005,
W12-A,290006,
W06-A,290007,
W18-A,290008,
W60-A,290009,
W19-A,290010,
W13-A,290011,
W02-A,290012,
W20-A,290013,
W11-A,290014,
W01-A,290015,
W49-A,290016,
W45-A,290017,
W46-A,290018,
W50-A,290019,
W28-A,290020,
W23-A,290021,
W39-A,290022,
W38-A,290023,
W41-A,290024,
W42-A,290025,
W27-A,290026,
W22-A,290027,
W31-A,290028,
W36-A,290029,
W35-A,290030,
W34-A,290031,
W30-A,290032,
W33-A,290033,
W32-A,290034,
W08-A,290035,
W16-A,290036,
W40-A,290037,
W25-A,290038,
W15-A,290039,
W26-A,290040,
W03-A,290041,
W04-A,290042,
W24-A,290043,
W14-A,290044,
W37-A,290045,
W29-A,290046,
W17-A,290047,
W09-A,290048,
W48-A,290049,
W47-A,290050,
X476,290282,
X481,290283,
X478,290284,
X474,290285,
X480,290286,
X482,290287,
X467,290288,
X478,290289,
X477,290290,
X479,290291,
X424,290292,
X423,290293,
X479,290294,
X483,290295,
X475,290296,
X472,290297,
X422,290298,
X468,290299,
X471,290300,
X421,290301,
X473,290302,
X479,290303,
X469,290304,
X484,290305,
X470,290306,
X481,290307,
X420,290308,
SHUNT-P1,290309,
CHARGER-INLET,290310,
COOLANT-V2,290311,
HV-RDU,290312,
PCS,290313,
HV-ANCIL,290314,
FAS-CHR-CONTACT-P1,290315,
HV-FDU,290316,
COOLANT-V1,290317,
BMB-DAISY-B,290318,
PYRO-DISC-P1,290319,
BMB-DAISY-A,290320,
NEG-SWITCH,290321,
POS-SWITCH,290322,
HV Controller,290323,interactive.device.hvcontroller
SHUNT-TEMP-RET,290439,
PASSIVE-SENSE-NEG,290440,
SHUNT-SENSE-N,290441,
SHUNT-SENSE-P,290442,
PASSIVE-SENSE-POS,290443,
SHUNT-TEMP,290444,
V-NEG-HALF-PACK,290445,
INTERNAL-HVIL-IN,290446,
INTERNAL-HVIL-OUT,290447,
Hall Sensor In,290448,interactive.pin.name.hallsensorin
Hall Sensor Out,290449,interactive.pin.name.hallsensorout
INTERNAL-HVIL-IN,290450,
INTERNAL-HVIL-OUT,290451,
PCS-ISO-VCC,290452,
IPC-CAN-PCS-TX,290453,
IPC-CAN-PCS-RX,290454,
PWM-ENABLE-DCDC,290455,
PWM-ENABLE-CHG,290456,
PCS-ENABLE-L,290457,
PCS-ISO-GND,290458,
CP-CAN-TCVR_p,290459,interactive.pin.name.cpcantcvrp
CP-CAN-TCVR_n,290460,interactive.pin.name.cpcantcvrn
INTERNAL-HVIL-IN,290461,
INTERNAL-HVIL-OUT,290462,
CP-HV-SENSE-POS,290463,
FC-CTR-POS-AUX-OPEN,290464,
FC-CTR-POS-A,290465,
FC-CTR-POS-B,290466,
FC-CTR-POS-AUX-RET,290467,
FC-CTR-NEG-AUX-OPEN,290468,
FC-CTR-NEG-A,290469,
FC-CTR-NEG-B,290470,
FC-CTR-NEG-AUX-RET,290471,
CP-HV-SENSE-NEG,290472,
INTERNAL-HVIL-IN,290473,
INTERNAL-HVIL-OUT,290474,
Hall Sensor In,290475,interactive.pin.name.hallsensorin
Hall Sensor Out,290476,interactive.pin.name.hallsensorout
+,290477,
-,290478,
Squib-P,290479,interactive.pin.name.squibp
Squib-N,290480,interactive.pin.name.squibn
+,290481,
-,290482,
Analog Out,290483,interactive.pin.name.analogout
Analog Out,290484,interactive.pin.name.analogout
PWM In,290485,interactive.pin.name.pwmin
PWM Out,290486,interactive.pin.name.pwmout
Analog Out,290487,interactive.pin.name.analogout
Analog Out,290488,interactive.pin.name.analogout
PWM In,290489,interactive.pin.name.pwmin
PWM Out,290490,interactive.pin.name.pwmout
CP-HV-SENSE-POS,290491,
PACK-HV-SENSE-POS,290492,
DC-LINK-SENSE-POS,290493,
PWM-ENABLE-DCDC,290494,
PCS-ENABLE-L,290495,
FC-CTR-NEG-AUX-RET,290496,
FC-CTR-POS-AUX-RET,290497,
IPC-CAN-PCS-RX,290498,
IPC-CAN-PCS-TX,290499,
INTERNAL-HVIL-IN,290500,
FLOOD-SW1-PWR,290501,
FLOOD-SW2-PWR,290502,
CP-HV-CABLES-OK-OUT,290503,
CP-CAN-TCVR_n,290504,interactive.pin.name.cpcantcvrn
PWM-ENABLE-CHG,290505,
CP-HV-CABLES-OK-IN,290506,
FC-CTR-NEG-AUX-OPEN,290507,
FC-CTR-POS-AUX-OPEN,290508,
FLOOD-SW1-RET,290509,
FLOOD-SW2-RET,290510,
INTERNAL-HVIL-OUT,290511,
CP-CAN-TCVR_p,290512,interactive.pin.name.cpcantcvrp
PCS-ISO-VCC,290513,
PCS-ISO-GND,290514,
POS-CONTACTOR-A,290515,
NEG-CONTACTOR-A,290516,
FC-CTR-POS-A,290517,
FC-CTR-POS-B,290518,
FC-CTR-NEG-B,290519,
POS-CONTACTOR-B,290520,
NEG-CONTACTOR-B,290521,
FC-CTR-NEG-A,290522,
PASSIVE-SENSE-NEG,290523,
SHUNT-TEMP-RET,290524,
SHUNT-SENSE-NEG,290525,
SHUNT-SENSE-POS,290526,
PASSIVE-SENSE-POS,290527,
SHUNT-TEMP,290528,
V-NEG-HALF-PACK,290529,
PACK-HV-SENSE-NEG,290530,
CP-HV-SENSE-NEG,290531,
DC-LINK-SENSE-NEG,290532,
BMB-DIR-A p,290533,interactive.pin.name.bmbdirap
BMB-DIR-A n,290534,interactive.pin.name.bmbdiran
BMB-PRI-DIR-B p,290535,interactive.pin.name.bmbpridirbp
BMB-PRI-DIR-B n,290536,interactive.pin.name.bmbpridirbn
PYRO-LOOP-RETURN-ISOLATED,290537,
PYRO-LOOP-OUT-ISOLATED,290538,
X469-1,290339,
X469-2,290340,
X469-3,290341,
X469-4,290342,
X469-5,290343,
X469-6,290344,
X469-7,290345,
X424-2,290346,
X424-3,290347,
X468-1,290348,
X468-2,290349,
X422-2,290350,
X422-3,290351,
X420-1,290352,
X420-2,290353,
X420-3,290354,
X420-4,290355,
X420-5,290356,
X420-6,290357,
X420-12,290358,
X420-10,290359,
X420-11,290360,
X421-2,290361,
X421-3,290362,
X477-1,290363,
X477-2,290364,
X477-3,290365,
X477-4,290366,
X477-5,290367,
X477-6,290368,
X477-7,290369,
X477-8,290370,
X477-9,290371,
X477-10,290372,
X423-2,290373,
X423-3,290374,
X467-1,290375,
X467-2,290376,
X472-1,290377,
X472-2,290378,
X470-1,290379,
X470-2,290380,
X471-1,290381,
X471-2,290382,
X475-1,290383,
X475-4,290384,
X476-1,290385,
X476-2,290386,
X473-1,290387,
X473-4,290388,
X474-1,290389,
X474-2,290390,
X478-3,290391,
X478-6,290392,
X478-12,290393,
X479-1,290394,
X479-2,290395,
X479-3,290396,
X479-4,290397,
X479-5,290398,
X479-6,290399,
X479-7,290400,
X479-8,290401,
X479-9,290402,
X479-10,290403,
X479-12,290404,
X479-15,290405,
X479-16,290406,
X479-17,290407,
X479-18,290408,
X479-22,290409,
X479-23,290410,
X479-24,290411,
X479-26,290412,
X479-29,290413,
X479-30,290414,
X479-33,290415,
X479-34,290416,
X479-35,290417,
X479-36,290418,
X479-37,290419,
X479-41,290420,
X479-42,290421,
X479-43,290422,
X480-1,290423,
X480-3,290424,
X480-4,290425,
X480-5,290426,
X480-6,290427,
X480-7,290428,
X480-8,290429,
X481-1,290430,
X481-4,290431,
X481-7,290432,
X482-1,290433,
X482-2,290434,
X483-1,290435,
X483-2,290436,
X484-1,290437,
X484-2,290438,
THC47-A,300000,
THC48-A,300001,
THC45-A,300002,
THC49-A,300003,
THC43-A,300004,
THC41-A,300005,
THC44-A,300006,
THC42-A,300007,
THC40-A,300008,
THC59-A,300009,
THC58-A,300010,
THC56-A,300011,
THC55-A,300012,
THC57-A,300013,
THC51-A,300014,
THC54-A,300015,
THC53-A,300016,
THC50-A,300017,
THC52-A,300018,
THC61-A,300019,
THC63-A,300020,
THC62-A,300021,
THC64-A,300022,
THC69-A,300023,
THC68-A,300024,
THC66-A,300025,
THC67-A,300026,
THC46-A,300027,
THC13-B,300028,
THC15-A,300029,
THC16-A,300030,
THC14-C,300031,
THC33-B,300032,
THC35-B,300033,
THC36-A,300034,
THC38-A,300035,
THC37-A,300036,
THC34-B,300037,
THC13-C,300038,
THC13-A,300039,
THC35-C,300040,
THC35-A,300041,
THC14-B,300042,
THC14-A,300043,
THC33-C,300044,
THC33-A,300045,
THC34-C,300046,
THC34-A,300047,
THC16-B,300048,
THC37-B,300049,
THC15-B,300050,
THC38-B,300051,
THC36-B,300052,
X524,300297,
X522,300298,
X528,300299,
X526,300300,
X542,300301,
X501,300302,
X559,300303,
X547,300304,
X550,300305,
X546,300306,
X055,300307,
X990M,300539,
X990F,300540,
X990M,300541,
X990F,300542,
X990M,300543,
X990F,300544,
X990M,300545,
X990F,300546,
X990M,300547,
X990F,300548,
X990M,300549,
X990F,300550,
X990M,300551,
X990F,300552,
X990M,300553,
X990F,300554,
X990M,300555,
X990F,300556,
X990M,300557,
X990F,300558,
2R Vane - Left Lateral,300308,interactive.device.2rvaneleftlateral
2R Vane - Left Vertical,300309,interactive.device.2rvaneleftvertical
2R Vane - Right Lateral,300310,interactive.device.2rvanerightlateral
2R Vane - Right Vertical,300311,interactive.device.2rvanerightvertical
Cabin Thermistors,300312,interactive.device.cabinthermistors
Center Console Controller,300313,interactive.device.centerconsolecontroller
Lateral Vanes Left,300314,interactive.device.lateralvanesleft
"Thermistor, IP Duct Left",300315,interactive.device.thermistoripductleft
"Thermistor, IP Duct Right",300316,interactive.device.thermistoripductright
Vertical Vanes Left,300317,interactive.device.verticalvanesleft
Body Controller Right,300318,interactive.device.bodycontrollerright
Duct Open,300406,interactive.pin.name.ductopen
Duct Position 5v,300407,interactive.pin.name.ductposition5v
Duct Position,300408,interactive.pin.name.ductposition
Duct Position Ground,300409,interactive.pin.name.ductpositionground
Duct Close,300410,interactive.pin.name.ductclose
Duct Open,300411,interactive.pin.name.ductopen
Duct Position 5v,300412,interactive.pin.name.ductposition5v
Duct Position,300413,interactive.pin.name.ductposition
Duct Position Ground,300414,interactive.pin.name.ductpositionground
Duct Close,300415,interactive.pin.name.ductclose
Duct Open,300416,interactive.pin.name.ductopen
Duct Position 5v,300417,interactive.pin.name.ductposition5v
Duct Position,300418,interactive.pin.name.ductposition
Duct Position Ground,300419,interactive.pin.name.ductpositionground
Duct Close,300420,interactive.pin.name.ductclose
Duct Open,300421,interactive.pin.name.ductopen
Duct Position 5v,300422,interactive.pin.name.ductposition5v
Duct Position,300423,interactive.pin.name.ductposition
Duct Position Ground,300424,interactive.pin.name.ductpositionground
Duct Close,300425,interactive.pin.name.ductclose
Thermistor,300426,interactive.pin.name.thermistor
Thermistor Ground,300427,interactive.pin.name.thermistorground
Motor +,300428,interactive.pin.name.motorpositive
Motor -,300429,interactive.pin.name.motor
AIRWAVE_LEFT_LATERAL_PHASE_B,300430,
5V_REF_SENSOR_1,300431,
POSITION_SENSOR_1,300432,
AIRWAVE_LEFT_VERTICAL_PHASE_A,300433,
AIRWAVE_LEFT_VERTICAL_PHASE_B,300434,
5V_REF_SENSOR_2,300435,
POSITION_SENSOR_2,300436,
AIRWAVE_RIGHT_LATERAL_PHASE_A,300437,
AIRWAVE_RIGHT_LATERAL_PHASE_B,300438,
5V_REF_SENSOR_3,300439,
POSITION_SENSOR_3,300440,
AIRWAVE_RIGHT_VERTICAL_PHASE_A,300441,
AIRWAVE_RIGHT_VERTICAL_PHASE_B,300442,
5V_REF_SENSOR_4,300443,
POSITION_SENSOR_4,300444,
POSITION_SENSOR_1_RETURN,300445,
POSITION_SENSOR_2_RETURN,300446,
POSITION_SENSOR_3_RETURN,300447,
POSITION_SENSOR_4_RETURN,300448,
AIRWAVE_LEFT_LATERAL_PHASE_A,300449,
Duct Open,300450,interactive.pin.name.ductopen
Duct Position 5v,300451,interactive.pin.name.ductposition5v
Duct Position,300452,interactive.pin.name.ductposition
Duct Position Ground,300453,interactive.pin.name.ductpositionground
Duct Close,300454,interactive.pin.name.ductclose
Vref Return (GND),300455,interactive.pin.name.vrefreturngnd
Signal,300456,interactive.pin.name.signal
Signal,300457,interactive.pin.name.signal
Vref Return (GND),300458,interactive.pin.name.vrefreturngnd
Duct Open,300459,interactive.pin.name.ductopen
Duct Position 5v,300460,interactive.pin.name.ductposition5v
Duct Position,300461,interactive.pin.name.ductposition
Duct Position Ground,300462,interactive.pin.name.ductpositionground
Duct Close,300463,interactive.pin.name.ductclose
HVAC_LEFT_LATERAL_VANE_DUCT_OPEN,300464,
HVAC_LEFT_LATERAL_VANE_POSITION_5V,300465,
HVAC_LEFT_LATERAL_VANE_DUCT_POSITION,300466,
HVAC_LEFT_LATERAL_VANE_POSITION_GROUND,300467,
HVAC_LEFT_LATERAL_VANE_DUCT_CLOSE,300468,
HVAC_LEFT_VERTICAL_VANE_DUCT_OPEN,300469,
HVAC_LEFT_VERTICAL_VANE_POSITION_5V,300470,
HVAC_LEFT_VERTICAL_VANE_DUCT_POSITION,300471,
HVAC_LEFT_VERTICAL_VANE_POSITION_GROUND,300472,
HVAC_LEFT_VERTICAL_VANE_DUCT_CLOSE,300473,
HVAC_CABIN_TEMP,300474,
HVAC_CABIN_TEMP_SIGNAL_GROUND,300475,
HVAC_CABIN_TEMP_FAN,300476,
HVAC_CABIN_TEMP_FAN_GROUND,300477,
HVAC_RIGHT_UPPER_DUCT_TEMP,300478,
HVAC_LEFT_UPPER_DUCT_TEMP,300479,
HVAC_RIGHT_UPPER_DUCT_TEMP_GROUND,300480,
HVAC_LEFT_UPPER_DUCT_TEMP_GROUND,300481,
2,300482,
2,300483,
4,300484,
4,300485,
9,300486,
9,300487,
1,300488,
1,300489,
8,300490,
8,300491,
12,300492,
12,300493,
5,300494,
5,300495,
10,300496,
10,300497,
3,300498,
3,300499,
11,300500,
11,300501,
X524-3,300330,
X524-4,300331,
X524-5,300332,
X524-6,300333,
X524-7,300334,
X522-3,300335,
X522-4,300336,
X522-5,300337,
X522-6,300338,
X522-7,300339,
X528-3,300340,
X528-4,300341,
X528-5,300342,
X528-6,300343,
X528-7,300344,
X526-3,300345,
X526-4,300346,
X526-5,300347,
X526-6,300348,
X526-7,300349,
X542-1,300350,
X542-2,300351,
X542-3,300352,
X542-4,300353,
X501-14,300354,
X501-15,300355,
X501-16,300356,
X501-17,300357,
X501-18,300358,
X501-19,300359,
X501-20,300360,
X501-21,300361,
X501-22,300362,
X501-23,300363,
X501-24,300364,
X501-25,300365,
X501-26,300366,
X501-27,300367,
X501-28,300368,
X501-29,300369,
X501-30,300370,
X501-31,300371,
X501-32,300372,
X501-1,300373,
X559-3,300374,
X559-4,300375,
X559-5,300376,
X559-6,300377,
X559-7,300378,
X547-2,300379,
X547-1,300380,
X550-1,300381,
X550-2,300382,
X546-3,300383,
X546-4,300384,
X546-5,300385,
X546-6,300386,
X546-7,300387,
X055-26,300388,
X055-19,300389,
X055-4,300390,
X055-21,300391,
X055-27,300392,
X055-28,300393,
X055-2,300394,
X055-3,300395,
X055-20,300396,
X055-29,300397,
X055-5,300398,
X055-22,300399,
X055-14,300400,
X055-13,300401,
X055-31,300402,
X055-30,300403,
X055-25,300404,
X055-24,300405,
X990M-2,300559,
X990F-2,300560,
X990M-4,300561,
X990F-4,300562,
X990M-9,300563,
X990F-9,300564,
X990M-1,300565,
X990F-1,300566,
X990M-8,300567,
X990F-8,300568,
X990M-12,300569,
X990F-12,300570,
X990M-5,300571,
X990F-5,300572,
X990M-10,300573,
X990F-10,300574,
X990M-3,300575,
X990F-3,300576,
X990M-11,300577,
X990F-11,300578,
HVC008-A,310000,
HVC005V-G,310001,
HVC009-A,310002,
HVC007-A,310003,
HVCGND-J,310004,
HVC517-A,310005,
HVC021-A,310006,
HVC020-A,310007,
HVC002-A,310008,
HVC003-A,310009,
HVC001-A,310010,
HVC005-A,310011,
HVC006-A,310012,
HVC004-A,310013,
HVC012-C,310014,
HVC011-C,310015,
HVC010-C,310016,
HVC019-A,310017,
HVC018-A,310018,
HVC017-A,310019,
HVC005V-E,310020,
HVCGND-D,310021,
HVCGND-G,310022,
HVC005V-F,310023,
HVC005V-H,310024,
HVC005V-I,310025,
HVC005V-D,310026,
HVCGND-C,310027,
THC02-A,310028,
THC01-A,310029,
THC03-A,310030,
HVCGND-B,310031,
HVCGND-F,310032,
HVCGND-E,310033,
HVCGND-K,310034,
HVC005V-B,310035,
HVC005V-A,310036,
HVC011-B,310037,
HVC011-A,310038,
HVC012-B,310039,
HVC012-A,310040,
HVCGND-H,310041,
HVCGND-I,310042,
HVC018-B,310043,
HVC005V-C,310044,
HVCGND-L,310045,
HVC017-B,310046,
HVC019-B,310047,
HVCGND-A,310048,
HVC010-B,310049,
HVC010-A,310050,
X556,310271,
X058,310272,
X549,310273,
X556,310274,
X553,310275,
X554,310276,
X038,310277,
X548,310278,
X554,310279,
X549,310280,
X551,310281,
X548,310282,
X536,310283,
X551,310284,
X553,310285,
X558,310286,
X558,310287,
X545,310288,
X545,310289,
X991M,310487,
X991F,310488,
X991M,310489,
X991F,310490,
X991M,310491,
X991F,310492,
X991M,310493,
X991F,310494,
X991F,310495,
X991M,310496,
X991F,310497,
X991F,310498,
X991F,310499,
X991M,310500,
X991M,310501,
X991M,310502,
X991M,310503,
X991F,310504,
X991F,310505,
X991M,310506,
Z1-SHIELD908 CUTOFF,310217,
Z1-HVC005V,310218,
Z1-HVCGND,310219,
Blower Motor,310290,interactive.device.blowermotor
Intake Actuator,310291,interactive.device.intakeactuator
Body Controller Right,310292,interactive.device.bodycontrollerright
Upper Mode Actuator,310293,interactive.device.uppermodeactuator
"Thermistor, Evaporator Left Floor",310294,interactive.device.thermistorevaporatorleftfloor
"Thermistor, Evaporator",310295,interactive.device.thermistorevaporator
Lower Mode Actuator,310296,interactive.device.lowermodeactuator
Body Controller Left,310297,interactive.device.bodycontrollerleft
"Thermistor, Evaporator Right Floor",310298,interactive.device.thermistorevaporatorrightfloor
Lateral Vanes Right,310299,interactive.device.lateralvanesright
Vertical Vanes Right,310300,interactive.device.verticalvanesright
Phase 3 (W),310368,interactive.pin.name.phase3w
Phase 2 (V),310369,interactive.pin.name.phase2v
Phase 1 (U),310370,interactive.pin.name.phase1u
Potentiometer Ground,310371,interactive.pin.name.potentiometerground
Potentiometer Feedback,310372,interactive.pin.name.potentiometerfeedback
Potentiometer Power (5v),310373,interactive.pin.name.potentiometerpower5v
CW,310374,
CCW,310375,
HVAC_SHARED_5V,310376,
HVAC_RIGHT_VERTICAL_VANE_DUCT_OPEN,310377,
HVAC_RIGHT_VERTICAL_VANE_DUCT_POSITION,310378,
HVAC_RIGHT_VERTICAL_VANE_DUCT_CLOSE,310379,
HVAC_LOWER_MODE_CW,310380,
HVAC_LOWER_MODE_DUCT_POSITION,310381,
HVAC_LOWER_MODE_CCW,310382,
HVAC_INTAKE_CW,310383,
HVAC_INTAKE_DUCT_POSITION,310384,
HVAC_INTAKE_CCW,310385,
HVAC_RIGHT_LATERAL_VANE_DUCT_OPEN,310386,
HVAC_RIGHT_LATERAL_VANE_DUCT_POSITION,310387,
HVAC_RIGHT_LATERAL_VANE_DUCT_CLOSE,310388,
HVAC_UPPER_MODE_CW,310389,
HVAC_UPPER_DUCT_POSITION,310390,
HVAC_UPPER_MODE_CCW,310391,
HVAC_SHARED_GROUND,310392,
HVAC_EVAPORATOR_TEMP,310393,
HVAC_LEFT_LOWER_DUCT_TEMP,310394,
HVAC_RIGHT_LOWER_DUCT_TEMP,310395,
Potentiometer Ground,310396,interactive.pin.name.potentiometerground
Potentiometer Feedback,310397,interactive.pin.name.potentiometerfeedback
Potentiometer Power (5v),310398,interactive.pin.name.potentiometerpower5v
CW,310399,
CCW,310400,
Thermistor Ground,310401,interactive.pin.name.thermistorground
Thermistor Signal,310402,interactive.pin.name.thermistorsignal
Vref Return (GND),310403,interactive.pin.name.vrefreturngnd
Signal,310404,interactive.pin.name.signal
Potentiometer Ground,310405,interactive.pin.name.potentiometerground
Potentiometer Feedback,310406,interactive.pin.name.potentiometerfeedback
Potentiometer Power (5v),310407,interactive.pin.name.potentiometerpower5v
CW,310408,
CCW,310409,
HVAC_BLOWER_PHASE_C,310410,
HVAC_BLOWER_PHASE_B,310411,
HVAC_BLOWER_PHASE_A,310412,
HVAC_BLOWER_MOTOR_GROUND_SHIELD,310413,
Thermistor Signal,310414,interactive.pin.name.thermistorsignal
Thermistor Ground,310415,interactive.pin.name.thermistorground
Duct Close,310416,interactive.pin.name.ductclose
Duct Position Ground,310417,interactive.pin.name.ductpositionground
Duct Position,310418,interactive.pin.name.ductposition
Duct Position 5v,310419,interactive.pin.name.ductposition5v
Duct Open,310420,interactive.pin.name.ductopen
Duct Open,310421,interactive.pin.name.ductopen
Duct Position 5v,310422,interactive.pin.name.ductposition5v
Duct Position,310423,interactive.pin.name.ductposition
Duct Position Ground,310424,interactive.pin.name.ductpositionground
Duct Close,310425,interactive.pin.name.ductclose
7,310426,
6,310427,
3,310428,
9,310429,
9,310430,
5,310431,
5,310432,
2,310433,
4,310434,
8,310435,
7,310436,
1,310437,
8,310438,
4,310439,
2,310440,
10,310441,
6,310442,
10,310443,
3,310444,
1,310445,
X536-1,310308,
X536-2,310309,
X536-4,310310,
X554-1,310311,
X554-2,310312,
X554-3,310313,
X554-5,310314,
X554-6,310315,
X058-19,310316,
X058-8,310317,
X058-5,310318,
X058-9,310319,
X058-23,310320,
X058-2,310321,
X058-24,310322,
X058-27,310323,
X058-4,310324,
X058-28,310325,
X058-10,310326,
X058-6,310327,
X058-11,310328,
X058-25,310329,
X058-3,310330,
X058-26,310331,
X058-20,310332,
X058-17,310333,
X058-1,310334,
X058-7,310335,
X556-1,310336,
X556-2,310337,
X556-3,310338,
X556-5,310339,
X556-6,310340,
X548-1,310341,
X548-2,310342,
X551-1,310343,
X551-2,310344,
X553-1,310345,
X553-2,310346,
X553-3,310347,
X553-5,310348,
X553-6,310349,
X038-1,310350,
X038-2,310351,
X038-4,310352,
X038-3,310353,
X549-2,310354,
X549-1,310355,
X558-7,310356,
X558-6,310357,
X558-5,310358,
X558-4,310359,
X558-3,310360,
X545-3,310361,
X545-4,310362,
X545-5,310363,
X545-6,310364,
X545-7,310365,
THC01-A,310366,
THC01-A,310367,
X991M-7,310507,
X991F-6,310508,
X991M-3,310509,
X991F-9,310510,
X991M-9,310511,
X991F-5,310512,
X991M-5,310513,
X991F-2,310514,
X991F-4,310515,
X991M-8,310516,
X991F-7,310517,
X991F-1,310518,
X991F-8,310519,
X991M-4,310520,
X991M-2,310521,
X991M-10,310522,
X991M-6,310523,
X991F-10,310524,
X991F-3,310525,
X991M-1,310526,
TH014-B,320000,
TH014-A,320001,
TH024-B,320002,
TH024-A,320003,
THP46-A,320004,
THP45-A,320005,
THP34-A,320006,
THP40-A,320007,
THP35-A,320008,
TH023-A,320009,
TH021-A,320010,
TH022-A,320011,
THP48-A,320012,
THP47-A,320013,
TH012-A,320014,
TH013-A,320015,
TH011-A,320016,
THP30-A,320017,
THP31-A,320018,
THP32-A,320019,
THP29-A,320020,
TH036-A,320021,
TH035-A,320022,
THP43-A,320023,
THP42-A,320024,
THP41-A,320025,
THP44-A,320026,
TH034-A,320027,
TH033-A,320028,
THP50-A,320029,
+CVH02_TH-A,320030,
+CVH01_TH-A,320031,
THP49-A,320032,
THG02-A,320033,
THP33-A,320034,
THP22-A,320035,
THP23-A,320036,
THP21-A,320037,
THP24-A,320038,
THP17-A,320039,
THP18-A,320040,
THP19-A,320041,
THP20-A,320042,
THP07-A,320043,
THP06-A,320044,
THP05-A,320045,
THP08-A,320046,
THP15-A,320047,
THP16-A,320048,
THP13-A,320049,
THP14-A,320050,
THP28-A,320051,
THP27-A,320052,
THP26-A,320053,
THP25-A,320054,
THP12-A,320055,
THP11-A,320056,
THP10-A,320057,
THP09-A,320058,
THP02-A,320059,
THP01-A,320060,
THP04-A,320061,
THP03-A,320062,
X511,320327,
X534,320328,
X504,320329,
X503,320330,
X510,320331,
X499,320332,
X502,320333,
X516,320334,
X519,320335,
X500,320336,
X508,320337,
X533,320338,
X505,320339,
X518,320340,
X513,320341,
X517,320342,
X021,320343,
X021,320344,
X529,320345,
X532,320346,
G011,320686,
Z1-TH024,320256,
Z1-TH014,320257,
Z2-TH024,320258,
Z2-TH014,320259,
"Coolant Level Sensor, Heat Pump",320347,interactive.device.coolantlevelsensorheatpump
Powertrain Coolant Pump,320348,interactive.device.powertraincoolantpump
8 Way Coolant Valve,320349,interactive.device.8waycoolantvalve
Battery Coolant Pump,320350,interactive.device.batterycoolantpump
Coolant Temp Sensor - Powertrain,320351,interactive.device.coolanttempsensorpowertrain
Coolant Temp Sensor - Battery,320352,interactive.device.coolanttempsensorbattery
"HV Compressor, Heat Pump",320353,interactive.device.hvcompressorheatpump
Refrigerant Temperature and Pressure Sensor - Discharge,320354,interactive.device.refrigeranttemperatureandpressuresensordischarge
"EXV, Liquid Cooled Condenser",320355,interactive.device.exvliquidcooledcondenser
"EXV, Evaporator",320356,interactive.device.exvevaporator
"EXV, Cabin Condenser Left",320357,interactive.device.exvcabincondenserleft
"EXV, Chiller",320358,interactive.device.exvchiller
Refrigerant Evap SOV,320359,interactive.device.refrigerantevapsov
"EXV, Cabin Condenser Right",320360,interactive.device.exvcabincondenserright
"Refrigerant Temp and Pressure Sensor, Suction",320361,interactive.device.refrigeranttempandpressuresensorsuction
"EXV, Recirc",320362,interactive.device.exvrecirc
Refrigerant Temperature and Pressure Sensor - Subcool,320363,interactive.device.refrigeranttemperatureandpressuresensorsubcool
Body Controller Front,320364,interactive.device.bodycontrollerfront
Capacitive Sensor,320508,interactive.pin.name.capacitivesensor
Ground,320509,interactive.pin.name.ground
Phase 1,320510,interactive.pin.name.phase1
Phase 2,320511,interactive.pin.name.phase2
Phase 3,320512,interactive.pin.name.phase3
GND,320513,
Motor +,320514,interactive.pin.name.motorpositive
Motor -,320515,interactive.pin.name.motor
Encoder,320516,interactive.pin.name.encoder
Ground,320517,interactive.pin.name.ground
GND,320518,
Phase 3,320519,interactive.pin.name.phase3
Phase 2,320520,interactive.pin.name.phase2
Phase 1,320521,interactive.pin.name.phase1
Sensor In,320522,interactive.pin.name.sensorin
GND,320523,
GND,320524,
Sensor In,320525,interactive.pin.name.sensorin
12V+,320526,
Ground,320527,interactive.pin.name.ground
CAN HI,320528,interactive.pin.name.canhi
CAN LO,320529,interactive.pin.name.canlo
Fault Ground,320530,interactive.pin.name.faultground
Ground,320531,interactive.pin.name.ground
Temp,320532,interactive.pin.name.temp
Pres,320533,interactive.pin.name.pres
Vref,320534,interactive.pin.name.vref
Stepper Motor B - YP,320535,interactive.pin.name.steppermotorbyp
Stepper Motor C - XN,320536,interactive.pin.name.steppermotorcxn
Stepper Motor A - YN,320537,interactive.pin.name.steppermotorayn
Stepper Motor D - XP,320538,interactive.pin.name.steppermotordxp
Stepper Motor B - YP,320539,interactive.pin.name.steppermotorbyp
Stepper Motor C - XN,320540,interactive.pin.name.steppermotorcxn
Stepper Motor A - YN,320541,interactive.pin.name.steppermotorayn
Stepper Motor D - XP,320542,interactive.pin.name.steppermotordxp
Stepper Motor D - XP,320543,interactive.pin.name.steppermotordxp
Stepper Motor A - YN,320544,interactive.pin.name.steppermotorayn
Stepper Motor C - XN,320545,interactive.pin.name.steppermotorcxn
Stepper Motor B - YP,320546,interactive.pin.name.steppermotorbyp
Stepper Motor B - YP,320547,interactive.pin.name.steppermotorbyp
Stepper Motor C - XN,320548,interactive.pin.name.steppermotorcxn
Stepper Motor A - YN,320549,interactive.pin.name.steppermotorayn
Stepper Motor D - XP,320550,interactive.pin.name.steppermotordxp
Power,320551,interactive.pin.name.power
Ground,320552,interactive.pin.name.ground
Stepper Motor B - YP,320553,interactive.pin.name.steppermotorbyp
Stepper Motor C - XN,320554,interactive.pin.name.steppermotorcxn
Stepper Motor A - YN,320555,interactive.pin.name.steppermotorayn
Stepper Motor D - XP,320556,interactive.pin.name.steppermotordxp
Ground,320557,interactive.pin.name.ground
Temp,320558,interactive.pin.name.temp
Pres,320559,interactive.pin.name.pres
Vref,320560,interactive.pin.name.vref
Stepper Motor B - YP,320561,interactive.pin.name.steppermotorbyp
Stepper Motor C - XN,320562,interactive.pin.name.steppermotorcxn
Stepper Motor A - YN,320563,interactive.pin.name.steppermotorayn
Stepper Motor D - XP,320564,interactive.pin.name.steppermotordxp
Vref,320565,interactive.pin.name.vref
Pres,320566,interactive.pin.name.pres
Temp,320567,interactive.pin.name.temp
Ground,320568,interactive.pin.name.ground
EXV_3_PHASE_D,320569,
EXV_3_PHASE_B,320570,
EXV_3_PHASE_C,320571,
EXV_3_PHASE_A,320572,
EXV_5_PHASE_D,320573,
EXV_5_PHASE_B,320574,
EXV_5_PHASE_C,320575,
EXV_5_PHASE_A,320576,
EXV_4_PHASE_D,320577,
EXV_4_PHASE_B,320578,
EXV_4_PHASE_C,320579,
EXV_4_PHASE_A,320580,
EXV_6_PHASE_D,320581,
EXV_6_PHASE_B,320582,
EXV_6_PHASE_C,320583,
EXV_6_PHASE_A,320584,
EXV_2_PHASE_D,320585,
EXV_2_PHASE_B,320586,
EXV_2_PHASE_C,320587,
EXV_2_PHASE_A,320588,
EXV_1_PHASE_D,320589,
EXV_1_PHASE_B,320590,
EXV_1_PHASE_C,320591,
EXV_1_PHASE_A,320592,
COOLANT_VALVE_B,320593,
COOLANT_VALVE_A,320594,
COOLANT_VALVE_HALL,320595,
COOLANT_VALVE_SENSOR_GND,320596,
REFRIGERANT_SUCTION_GND,320597,
REFRIGERANT_SUCTION_PRESSURE,320598,
REFRIGERANT_SUCTION_TEMP,320599,
REFRIGERANT_SUCTION_5V,320600,
REFRIGERANT_DISCHARGE_GND,320601,
REFRIGERANT_DISCHARGE_PRESSURE,320602,
REFRIGERANT_DISCHARGE_TEMP,320603,
REFRIGERANT_DISCHARGE_5V,320604,
REFRIGERANT_AUX_GND,320605,
REFRIGERANT_AUX_PRESSURE,320606,
REFRIGERANT_AUX_TEMP,320607,
REFRIGERANT_AUX_5V,320608,
COOLANT_LEVEL_SENSOR,320609,
COOLANT_LEVEL_SENSOR_GND,320610,
SHUT_OFF_VALVE_1,320611,
SHUT_OFF_VALVE_1_GND,320612,
HV_COMPRESSOR_LV_POWER,320613,
VEH_CAN_P,320614,
VEH_CAN_N,320615,
HVAC_COMPRESSOR_CONTROLLER_GND,320616,
COOLANT_TEMP_BAT_INLET,320617,
COOLANT_TEMP_BAT_INLET_GND,320618,
COOLANT_TEMP_PT_INLET,320619,
COOLANT_TEMP_PT_INLET_GND,320620,
COOLANT_PUMP_BATTERY_PHASE_C,320621,
COOLANT_PUMP_BATTERY_PHASE_B,320622,
COOLANT_PUMP_BATTERY_PHASE_A,320623,
BATTERY_COOLANT_PUMP_GND_SHIELD,320624,
POWERTRAIN_COOLANT_PUMP_GND_SHIELD,320625,
COOLANT_PUMP_POWERTRAIN_PHASE_A,320626,
COOLANT_PUMP_POWERTRAIN_PHASE_B,320627,
COOLANT_PUMP_POWERTRAIN_PHASE_C,320628,
TH011-A,320383,
TH011-A,320384,
TH021-A,320385,
TH021-A,320386,
X511-1,320387,
X511-4,320388,
X510-1,320389,
X510-2,320390,
X510-3,320391,
X510-4,320392,
X519-1,320393,
X519-2,320394,
X519-3,320395,
X519-4,320396,
X508-4,320397,
X508-3,320398,
X508-2,320399,
X508-1,320400,
X518-1,320401,
X518-2,320402,
X517-2,320403,
X517-1,320404,
X529-1,320405,
X529-4,320406,
X529-2,320407,
X529-3,320408,
X532-1,320409,
X534-1,320410,
X534-2,320411,
X534-3,320412,
X534-4,320413,
X504-1,320414,
X504-2,320415,
X504-3,320416,
X504-4,320417,
X503-1,320418,
X503-2,320419,
X503-3,320420,
X503-4,320421,
X499-4,320422,
X499-3,320423,
X499-2,320424,
X499-1,320425,
X502-1,320426,
X502-2,320427,
X502-3,320428,
X502-4,320429,
X516-1,320430,
X516-2,320431,
X500-1,320432,
X500-2,320433,
X500-3,320434,
X500-4,320435,
X533-1,320436,
X533-2,320437,
X533-3,320438,
X533-4,320439,
X505-1,320440,
X505-2,320441,
X505-3,320442,
X505-4,320443,
X513-4,320444,
X513-3,320445,
X513-2,320446,
X513-1,320447,
X021-B4,320448,
X021-C4,320449,
X021-A4,320450,
X021-D4,320451,
X021-B2,320452,
X021-C2,320453,
X021-A2,320454,
X021-D2,320455,
X021-B3,320456,
X021-C3,320457,
X021-A3,320458,
X021-D3,320459,
X021-B1,320460,
X021-C1,320461,
X021-A1,320462,
X021-D1,320463,
X021-F4,320464,
X021-G4,320465,
X021-E4,320466,
X021-H4,320467,
X021-K4,320468,
X021-L4,320469,
X021-J4,320470,
X021-M4,320471,
X021-N3,320472,
X021-O3,320473,
X021-K3,320474,
X021-J3,320475,
X021-K2,320476,
X021-H2,320477,
X021-G2,320478,
X021-J2,320479,
X021-O1,320480,
X021-M2,320481,
X021-L2,320482,
X021-N1,320483,
X021-K1,320484,
X021-F3,320485,
X021-E2,320486,
X021-J1,320487,
X021-L1,320488,
X021-M1,320489,
X021-L3,320490,
X021-M3,320491,
X021-G3,320492,
X021-N4,320493,
X021-O4,320494,
X021-F2,320495,
X021-E1,320496,
X021-F1,320497,
X021-G1,320498,
X021-H1,320499,
X021-Q1,320500,
X021-Q2,320501,
X021-Q3,320502,
X021-P1,320503,
X021-P2,320504,
X021-P3,320505,
X021-P4,320506,
X021-Q4,320507,
TH204-C,330000,
TH504-A,330001,
TH204-D,330002,
TH504-B,330003,
TH204-A,330004,
TH204-B,330005,
TH202-B,330006,
TH201-B,330007,
TH203-B,330008,
AAT01-A,330009,
AAT02-A,330010,
AAT01-B,330011,
AAT02-B,330012,
TH501-A,330013,
TH503-A,330014,
TH202-A,330015,
TH201-A,330016,
TH203-A,330017,
TH502-A,330018,
X506,330107,
X527,330108,
X057,330109,
X525,330110,
X011,330111,
X010,330112,
X905F,330197,
X905M,330198,
X905F,330199,
X906M,330200,
X906M,330201,
X906M,330202,
X906M,330203,
X906F,330204,
X906F,330205,
X906F,330206,
X906F,330207,
X905M,330208,
Z2-TH204,330082,
Z1-TH204,330083,
Z1-TH504,330084,
Z2-TH504,330085,
Z3-TH204,330086,
Z4-TH204,330087,
Active Louver,330113,interactive.device.activelouver
Ambient Air Temp,330114,interactive.device.ambientairtemp
Body Controller Right,330115,interactive.device.bodycontrollerright
Condenser Fan,330116,interactive.device.condenserfan
Body Controller Front,330117,interactive.device.bodycontrollerfront
10,330149,
9,330150,
9,330151,
1,330152,
3,330153,
4,330154,
2,330155,
1,330156,
4,330157,
3,330158,
2,330159,
10,330160,
GND,330161,
Phase 2,330162,interactive.pin.name.phase2
Phase 3,330163,interactive.pin.name.phase3
Phase 1,330164,interactive.pin.name.phase1
Ambient Sensor +,330165,interactive.pin.name.ambientsensorpositive
Ground,330166,interactive.pin.name.ground
AMBIENT_AIR_TEMP_GROUND,330167,
AMBIENT_AIR_TEMP,330168,
Phase A,330169,interactive.pin.name.phasea
Phase B,330170,interactive.pin.name.phaseb
Phase C,330171,interactive.pin.name.phasec
Shielded Grounding,330172,interactive.pin.name.shieldedgrounding
ACTIVE_LOUVER_PHASE_A,330173,
ACTIVE_LOUVER_PHASE_B,330174,
ACTIVE_LOUVER_PHASE_C,330175,
ACTIVE_LOUVER_GND_SHIELD,330176,
CONDENSER_FAN_PHASE_A,330177,
CONDENSER_FAN_PHASE_B,330178,
CONDENSER_FAN_PHASE_C,330179,
CONDENSER_FAN_GND_SHIELD,330180,
X506-1,330123,
X506-2,330124,
X506-3,330125,
X506-4,330126,
X527-1,330127,
X527-2,330128,
X057-18,330129,
X057-19,330130,
X525-1,330131,
X525-2,330132,
X525-3,330133,
X525-4,330134,
X010-63,330135,
X010-62,330136,
X010-61,330137,
X010-47,330138,
X011-2,330139,
X011-5,330140,
X011-1,330141,
X011-4,330142,
TH201-B,330143,
TH201-B,330144,
TH501-A,330145,
TH501-A,330146,
TH201-A,330147,
TH201-A,330148,
X905F-10,330209,
X905M-9,330210,
X905F-9,330211,
X906M-1,330212,
X906M-3,330213,
X906M-4,330214,
X906M-2,330215,
X906F-1,330216,
X906F-4,330217,
X906F-3,330218,
X906F-2,330219,
X905M-10,330220,
INL58-A,340000,
IPG01-G,340001,
INL55-A,340002,
INL56-A,340003,
INL52-A,340004,
INL42-A,340005,
INL54-A,340006,
INL53-A,340007,
+SRI96_B-A,340008,
+SRI97_B-A,340009,
IPG01-L,340010,
ETC01-A,340011,
ETC02-A,340012,
IPG01-D,340013,
IPG01-J,340014,
ETC02-C,340015,
COBD03-B,340016,
COBD04-B,340017,
IPG01-E,340018,
IPG01-B,340019,
SCA12-A,340020,
SCA11-A,340021,
SCA13-A,340022,
IPG01-F,340023,
IPG01-C,340024,
INL57-A,340025,
IPG01-I,340026,
INL41-A,340027,
IPG01-K,340028,
COBD04-A,340029,
COBD03-A,340030,
ETC02-B,340031,
+G403-A,340032,
IPG01-H,340033,
X283,340193,
X283,340194,
X055,340195,
X695,340196,
X695,340197,
X188,340198,
X188,340199,
X697,340200,
X697,340201,
X180,340202,
X180,340203,
X281,340204,
X281,340205,
X284,340206,
X284,340207,
X186,340208,
X280,340209,
X280,340210,
X035,340211,
X201,340212,
X200,340213,
X990M,340394,
X990F,340395,
X990M,340396,
X990F,340397,
X990M,340398,
X990F,340399,
X990M,340400,
X990F,340401,
G031,340418,
Z1-IPG01,340156,
Ambient Light - IP LH,340214,interactive.device.ambientlightiplh
Body Controller Right,340215,interactive.device.bodycontrollerright
Electronic Toll Collection - Japan,340216,interactive.device.electronictollcollectionjapan
Glove Box - LED,340217,interactive.device.gloveboxled
Electronic Toll Colletion - China,340218,interactive.device.electronictollcolletionchina
Footwell LED Front Right,340219,interactive.device.footwellledfrontright
Ambient Light - IP RH,340220,interactive.device.ambientlightiprh
Glove Box - Magnetic Latches,340221,interactive.device.gloveboxmagneticlatches
Footwell LED Front Left,340222,interactive.device.footwellledfrontleft
Body Controller Left,340223,interactive.device.bodycontrollerleft
Restraints Controller,340224,interactive.device.restraintscontroller
Steering Column Control Module (SCCM),340225,interactive.device.steeringcolumncontrolmodulesccm
PWR,340286,
GND,340287,
LIN IN,340288,interactive.pin.name.linin
LIN OUT,340289,interactive.pin.name.linout
RESTRAINT_CONTROL_MODULE_PASSTHROUGH_2,340290,
RESTRAINT_CONTROL_MODULE_PASSTHROUGH_1,340291,
FOOTWELL_LED_FRONT,340292,
GLOVE_BOX_LATCH_RELEASE,340293,
GLOVE_BOX_LATCH_GROUND,340294,
GLOVE_BOX_LED,340295,
ACC,340296,
GND,340297,
BATT+,340298,
PWR,340299,
GND,340300,
CAN-H,340301,
CAN-L,340302,
GND,340303,
VBAT,340304,
PWR,340305,
GND,340306,
PWR,340307,
GND,340308,
LIN IN,340309,interactive.pin.name.linin
Solenoid Input,340310,interactive.pin.name.solenoidinput
GND,340311,
PWR,340312,
GND,340313,
FOOTWELL_LED_FRONT,340314,
DASHBOARD_HARNESS_GROUND_RETURN,340315,
STEERING_WHEEL_CONTROLS_ECU_LIN,340316,
STEERING_ANGLE_AND_STALK_ECU,340317,
STEERING_WHEEL_CONTROLS_ECU,340318,
DASHBOARD_RGB_RIGHT,340319,
DASHBOARD_RGB_LIN,340320,
DASHBOARD_RGB_LEFT,340321,
ACCESSORY_FEED_1,340322,
ACCESSORY_FEED_2_DASH,340323,
OBD_CAN_N,340324,
OBD_CAN_P,340325,
PWR2,340326,
PWR1,340327,
GND,340328,
Power (Steering Wheel),340329,interactive.pin.name.powersteeringwheel
Power,340330,interactive.pin.name.power
LIN,340331,
GND,340332,
GND (Steering Wheel),340333,interactive.pin.name.gndsteeringwheel
6,340334,
6,340335,
7,340336,
7,340337,
14,340338,
14,340339,
13,340340,
13,340341,
X283-1,340238,
X283-4,340239,
X283-3,340240,
X283-2,340241,
X055-33,340242,
X055-32,340243,
X055-12,340244,
X055-17,340245,
X055-23,340246,
X055-15,340247,
X695-1,340248,
X695-2,340249,
X695-3,340250,
X188-1,340251,
X188-2,340252,
X697-3,340253,
X697-4,340254,
X697-5,340255,
X697-7,340256,
X281-1,340257,
X281-2,340258,
X284-1,340259,
X284-4,340260,
X284-3,340261,
X186-1,340262,
X186-2,340263,
X280-1,340264,
X280-2,340265,
X035-43,340266,
X035-20,340267,
X035-41,340268,
X035-44,340269,
X035-5,340270,
X035-14,340271,
X035-37,340272,
X035-45,340273,
X035-33,340274,
X035-34,340275,
X035-28,340276,
X035-29,340277,
X200-27,340278,
X200-40,340279,
X201-55,340280,
X180-7,340281,
X180-1,340282,
X180-14,340283,
X180-4,340284,
X180-6,340285,
X990M-6,340402,
X990F-6,340403,
X990M-7,340404,
X990F-7,340405,
X990M-14,340406,
X990F-14,340407,
X990M-13,340408,
X990F-13,340409,
G905-A,350000,
G906-A,350001,
SEC71-A,350002,
SEC75-B,350003,
SEC70-A,350004,
SEC77-B,350005,
SEC74-B,350006,
PLG14-A,350007,
PLG11-A,350008,
PLG15-A,350009,
PLG12-A,350010,
PLG16-A,350011,
PLG13-A,350012,
PLG01-A,350013,
PLG03-A,350014,
PLG06-A,350015,
PLG02-A,350016,
PLG04-A,350017,
PLG05-A,350018,
TH091-A,350019,
G907-A,350020,
SEC51-A,350021,
SEC52-A,350022,
G651-A,350023,
INL71-A,350024,
SEC71-B,350025,
SEC70-B,350026,
SEC73-B,350027,
SEC74-A,350028,
SEC51-B,350029,
SEC52-B,350030,
SEC77-A,350031,
SEC75-A,350032,
INL72-A,350033,
SEC72-A,350034,
G603-A,350035,
SEC73-A,350036,
X347,350191,
X347,350192,
X340,350193,
X340,350194,
X354,350195,
X353,350196,
X309,350197,
X348,350198,
X348,350199,
X296,350200,
X296,350201,
X059,350202,
X050,350203,
X059,350204,
X050,350205,
X060,350206,
X050,350207,
X057,350208,
X059,350209,
X297,350210,
X297,350211,
X031,350212,
X031,350213,
X039,350214,
X010,350215,
X954M,350411,
X954F,350412,
X954M,350413,
X954F,350414,
X954M,350415,
X954F,350416,
X954M,350417,
X954F,350418,
X954M,350419,
X954F,350420,
X954M,350421,
X954F,350422,
X954M,350423,
X954F,350424,
X954M,350425,
X954F,350426,
G045,350459,
G041,350460,
G042,350461,
Liftgate External Switch & BUC,350216,interactive.device.liftgateexternalswitchbuc
Liftgate Cinching Latch,350217,interactive.device.liftgatecinchinglatch
Liftgate Power Strut RH,350218,interactive.device.liftgatepowerstrutrh
Liftgate Power Strut LH,350219,interactive.device.liftgatepowerstrutlh
Glass Heater - Rear Defrost,350220,interactive.device.glassheaterreardefrost
Liftgate Internal Close Switch,350221,interactive.device.liftgateinternalcloseswitch
Trunk Internal Illumination Left,350222,interactive.device.trunkinternalilluminationleft
Body Controller Right,350223,interactive.device.bodycontrollerright
Trunk Internal Illumination Right,350224,interactive.device.trunkinternalilluminationright
Body Controller Left,350225,interactive.device.bodycontrollerleft
Body Controller Front,350226,interactive.device.bodycontrollerfront
Switch,350291,interactive.pin.name.switch
Ground,350292,interactive.pin.name.ground
Motor -,350293,interactive.pin.name.motor
Motor +,350294,interactive.pin.name.motorpositive
Ratchet switch +,350295,interactive.pin.name.ratchetswitchpositive
Pawl switch +,350296,interactive.pin.name.pawlswitchpositive
Home Position Switch,350297,interactive.pin.name.homepositionswitch
Ground,350298,interactive.pin.name.ground
Hall Signal Power Supply,350299,interactive.pin.name.hallsignalpowersupply
Hall Sensor Output #1,350300,interactive.pin.name.hallsensoroutput1
Hall Sensor Output #2,350301,interactive.pin.name.hallsensoroutput2
Hall Signal Ground,350302,interactive.pin.name.hallsignalground
Motor Terminal Open/Extension,350303,interactive.pin.name.motorterminalopenextension
Motor Terminal Close/Retract,350304,interactive.pin.name.motorterminalcloseretract
Hall Signal Power Supply,350305,interactive.pin.name.hallsignalpowersupply
Hall Sensor Output #1,350306,interactive.pin.name.hallsensoroutput1
Hall Sensor Output #2,350307,interactive.pin.name.hallsensoroutput2
Hall Signal Ground,350308,interactive.pin.name.hallsignalground
Motor Terminal Open/Extension,350309,interactive.pin.name.motorterminalopenextension
Motor Terminal Close/Retract,350310,interactive.pin.name.motorterminalcloseretract
Defrost+,350311,interactive.pin.name.defrostpositive
Close,350312,interactive.pin.name.close
GND,350313,
Switch Illumination,350314,interactive.pin.name.switchillumination
PWR,350315,
GND,350316,
LIFTGATE_LATCH_SWITCH_2,350317,
LIFTGATE_LATCH_SWITCH_3,350318,
LIFTGATE_SHUTFACE_SWITCH,350319,
LIFTGATE_SHUTFACE_SWITCH_LED,350320,
REAR_GLASS_HEATER,350321,
LIFTGATE_STRUT_ENCODER_A,350322,
LIFTGATE_STRUT_ENCODER_B,350323,
LIFTGATE_STRUT_SENSOR_POWER,350324,
LIFTGATE_SHARED_GND,350325,
LIFTGATE_EXTERIOR_SWITCH_PASSTHROUGH,350326,
TRUNK_INTERIOR_LED,350327,
LIFTGATE_EXTERIOR_SWITCH,350328,
LIFTGATE_LATCH_A,350329,
LIFTGATE_LATCH_B,350330,
LIFTGATE_LATCH_SWITCH_1,350331,
LIFTGATE_STRUT_CLOSE,350332,
LIFTGATE_STRUT_OPEN,350333,
PWR,350334,
GND,350335,
LIFTGATE_STRUT_ENCODER_A,350336,
LIFTGATE_STRUT_ENCODER_B,350337,
LIFTGATE_STRUT_OPEN,350338,
LIFTGATE_STRUT_CLOSE,350339,
LIFTGATE_SHARED_GROUND_RETURN,350340,
TRUNK_INTERIOR_LED,350341,
LIFTGATE_SENSOR_POWER,350342,
TRUNK_EXTERIOR_SWITCH,350343,
20,350344,
20,350345,
11,350346,
11,350347,
5,350348,
5,350349,
4,350350,
4,350351,
18,350352,
18,350353,
19,350354,
19,350355,
17,350356,
17,350357,
16,350358,
16,350359,
X347-1,350238,
X347-2,350239,
X340-5,350240,
X340-4,350241,
X340-1,350242,
X340-2,350243,
X340-6,350244,
X340-3,350245,
X354-1,350246,
X354-2,350247,
X354-3,350248,
X354-4,350249,
X354-5,350250,
X354-8,350251,
X353-1,350252,
X353-2,350253,
X353-3,350254,
X353-4,350255,
X353-5,350256,
X353-8,350257,
X309-1,350258,
X348-1,350259,
X348-2,350260,
X348-3,350261,
X296-1,350262,
X296-2,350263,
X059-23,350264,
X059-22,350265,
X059-21,350266,
X059-20,350267,
X060-2,350268,
X059-1,350269,
X059-2,350270,
X059-16,350271,
X059-17,350272,
X057-6,350273,
X059-18,350274,
X050-38,350275,
X050-12,350276,
X050-13,350277,
X050-52,350278,
X050-62,350279,
X050-63,350280,
X297-1,350281,
X297-2,350282,
X039-10,350283,
X039-12,350284,
X031-32,350285,
X031-31,350286,
X039-13,350287,
X031-9,350288,
X039-34,350289,
X010-68,350290,
X954M-20,350427,
X954F-20,350428,
X954M-11,350429,
X954F-11,350430,
X954M-5,350431,
X954F-5,350432,
X954M-4,350433,
X954F-4,350434,
X954M-18,350435,
X954F-18,350436,
X954M-19,350437,
X954F-19,350438,
X954M-17,350439,
X954F-17,350440,
X954M-16,350441,
X954F-16,350442,
EXL92-A,360000,
EXL92-C,360001,
EXL36-A,360002,
EXL82-A,360003,
EXL86-B,360004,
EXL81-B,360005,
EXL83-B,360006,
EXL31-A,360007,
EXL84-A,360008,
EXL32-A,360009,
EXL34-B,360010,
EXL33-B,360011,
EXL22-B,360012,
EXL23-B,360013,
EXL24-B,360014,
EXL91-B,360015,
EXL72-B,360016,
EXL74-B,360017,
EXL73-B,360018,
EXL24-C,360019,
EXL23-C,360020,
EXL22-C,360021,
EXL91-A,360022,
EXL73-A,360023,
EXL74-A,360024,
EXL72-A,360025,
EXL32-B,360026,
EXL82-B,360027,
EXL92-D,360028,
EXL92-B,360029,
EXL86-A,360030,
EXL34-A,360031,
EXL81-A,360032,
EXL83-A,360033,
EXL33-A,360034,
EXL24-A,360035,
EXL23-A,360036,
EXL22-A,360037,
EXL01-A,360038,
EXL04-A,360039,
EXL54-A,360040,
EXL51-A,360041,
EXL08-A,360042,
EXL58-A,360043,
G902-A,360044,
G901-A,360045,
G605-B,360046,
G607-B,360047,
G904-A,360048,
G602-B,360049,
G903-A,360050,
G602-A,360051,
G605-A,360052,
G607-A,360053,
G024-A,360054,
G012-A,360055,
G016-A,360056,
G025-A,360057,
X059,360292,
X050,360293,
X051,360294,
X051,360295,
X059,360296,
X050,360297,
X050,360298,
X051,360299,
X031,360300,
X010,360301,
X279,360302,
X279,360303,
X278,360304,
X278,360305,
X265,360306,
X265,360307,
X264,360308,
X264,360309,
X271,360310,
X271,360311,
X274,360312,
X274,360313,
X273,360314,
X273,360315,
X260,360316,
X260,360317,
X261,360318,
X261,360319,
X269,360320,
X268,360321,
X269,360322,
X268,360323,
X954M,360586,
X954F,360587,
X954M,360588,
X954F,360589,
X954M,360590,
X954F,360591,
X970M,360592,
X970F,360593,
X954M,360594,
X954F,360595,
X954M,360596,
X954F,360597,
X954M,360598,
X954F,360599,
X949M,360600,
X949F,360601,
X949M,360602,
X949F,360603,
X954M,360604,
X954F,360605,
X949M,360606,
X949F,360607,
X949M,360608,
X949F,360609,
X949M,360610,
X949F,360611,
X949M,360612,
X949F,360613,
X949M,360614,
X949F,360615,
X935F,360616,
X935F,360617,
X935M,360618,
X935M,360619,
X935F,360620,
X935M,360621,
X949M,360622,
X949F,360623,
X970M,360624,
X970F,360625,
X949M,360626,
X949F,360627,
G045,360712,
G045,360713,
G042,360714,
G042,360715,
G042,360716,
G011,360717,
G011,360718,
G012,360719,
G012,360720,
Z1-EXL92,360233,
License Plate Light Left,360324,interactive.device.licenseplatelightleft
License Plate Light Right,360325,interactive.device.licenseplatelightright
Rear Fascia Lamp RH,360326,interactive.device.rearfascialamprh
Rear Fascia Lamp LH,360327,interactive.device.rearfascialamplh
Liftgate Lamp LH,360328,interactive.device.liftgatelamplh
CHMSL,360329,
Liftgate Lamp RH,360330,interactive.device.liftgatelamprh
Body Controller Right,360331,interactive.device.bodycontrollerright
Body Controller Left,360332,interactive.device.bodycontrollerleft
Body Controller Front,360333,interactive.device.bodycontrollerfront
Side Repeater Right,360334,interactive.device.siderepeaterright
Headlight Right,360335,interactive.device.headlightright
Headlight Left,360336,interactive.device.headlightleft
Side Repeater Left,360337,interactive.device.siderepeaterleft
13,360412,
13,360413,
12,360414,
12,360415,
1,360416,
1,360417,
6,360418,
6,360419,
3,360420,
3,360421,
15,360422,
15,360423,
14,360424,
14,360425,
1,360426,
1,360427,
5,360428,
5,360429,
7,360430,
7,360431,
4,360432,
4,360433,
3,360434,
3,360435,
10,360436,
10,360437,
9,360438,
9,360439,
2,360440,
2,360441,
31,360442,
15,360443,
14,360444,
31,360445,
14,360446,
15,360447,
7,360448,
7,360449,
7,360450,
7,360451,
11,360452,
11,360453,
Power,360454,interactive.pin.name.power
Ground,360455,interactive.pin.name.ground
Ground,360456,interactive.pin.name.ground
Power,360457,interactive.pin.name.power
Reverse,360458,interactive.pin.name.reverse
Turn,360459,interactive.pin.name.turn
Fault,360460,interactive.pin.name.fault
Tail,360461,interactive.pin.name.tail
Reverse,360462,interactive.pin.name.reverse
Fog,360463,
Fog,360464,
GND,360465,
Reverse,360466,interactive.pin.name.reverse
Turn,360467,interactive.pin.name.turn
Fault,360468,interactive.pin.name.fault
Tail,360469,interactive.pin.name.tail
Tail,360470,interactive.pin.name.tail
Fog,360471,
GND,360472,
Turn,360473,interactive.pin.name.turn
Tail/Stop,360474,interactive.pin.name.tailstop
Ground,360475,interactive.pin.name.ground
PWM,360476,
Ground,360477,interactive.pin.name.ground
Stop,360478,interactive.pin.name.stop
Ground,360479,interactive.pin.name.ground
Tail/Stop,360480,interactive.pin.name.tailstop
Turn,360481,interactive.pin.name.turn
PWM,360482,
LICENSE_PLATE_LIGHTS,360483,
REAR_FASCIA_LIGHTS_RIGHT_FAULT,360484,
REAR_FASCIA_LIGHTS_LEFT_FAULT,360485,
REAR_FASCIA_REVERSE_LIGHT_LEFT_RIGHT,360486,
REAR_FASCIA_TURN_SIGNAL_RIGHT,360487,
REAR_FASCIA_TAIL_LIGHT_LEFT_RIGHT,360488,
REAR_FASCIA_FOG_LIGHT_LEFT_RIGHT,360489,
REAR_FASCIA_TURN_SIGNAL_LEFT,360490,
LIFTGATE_RIGHT_BRAKE_TAIL_INTENSITY,360491,
LIFTGATE_RIGHT_BRAKE_TAIL_PWR,360492,
LIFTGATE_RIGHT_TURN_SIGNAL,360493,
CHMSL_BRAKE_LIGHT,360494,
LIFTGATE_LEFT_TURN_SIGNAL,360495,
LIFTGATE_LEFT_BRAKE_TAIL_PWR,360496,
LIFTGATE_LEFT_BRAKE_TAIL_INTENSITY,360497,
SIDE_REPEATER_LEFT,360498,
SIDE_REPEATER_RIGHT,360499,
HEADLIGHT_RIGHT,360500,
HEADLIGHT_RIGHT_LIN,360501,
HEADLIGHT_LEFT,360502,
HEADLIGHT_LEFT_LIN,360503,
TurnIn12v0,360504,interactive.pin.name.turnin12v0
TurnGND,360505,interactive.pin.name.turngnd
Power,360506,interactive.pin.name.power
LIN,360507,
GND,360508,
Power,360509,interactive.pin.name.power
LIN,360510,
GND,360511,
TurnIn12v0,360512,interactive.pin.name.turnin12v0
TurnGND,360513,interactive.pin.name.turngnd
X279-1,360352,
X279-2,360353,
X278-2,360354,
X278-1,360355,
X265-1,360356,
X265-2,360357,
X265-3,360358,
X265-4,360359,
X265-5,360360,
X265-6,360361,
X265-7,360362,
X265-8,360363,
X264-1,360364,
X264-2,360365,
X264-3,360366,
X264-4,360367,
X264-5,360368,
X264-6,360369,
X264-8,360370,
X271-3,360371,
X271-2,360372,
X271-1,360373,
X271-4,360374,
X274-1,360375,
X274-2,360376,
X273-1,360377,
X273-2,360378,
X273-3,360379,
X273-4,360380,
X051-38,360381,
X059-24,360382,
X059-25,360383,
X051-9,360384,
X051-24,360385,
X051-41,360386,
X051-39,360387,
X050-47,360388,
X050-36,360389,
X050-37,360390,
X050-32,360391,
X050-23,360392,
X031-11,360393,
X031-12,360394,
X031-10,360395,
X010-11,360396,
X010-10,360397,
X010-77,360398,
X010-72,360399,
X010-78,360400,
X010-75,360401,
X269-1,360402,
X269-2,360403,
X261-1,360404,
X261-2,360405,
X261-3,360406,
X260-1,360407,
X260-2,360408,
X260-3,360409,
X268-1,360410,
X268-2,360411,
X954M-13,360628,
X954F-13,360629,
X954M-12,360630,
X954F-12,360631,
X954M-1,360632,
X954F-1,360633,
X970M-6,360634,
X970F-6,360635,
X954M-3,360636,
X954F-3,360637,
X954M-15,360638,
X954F-15,360639,
X954M-14,360640,
X954F-14,360641,
X949M-1,360642,
X949F-1,360643,
X949M-5,360644,
X949F-5,360645,
X954M-7,360646,
X954F-7,360647,
X949M-4,360648,
X949F-4,360649,
X949M-3,360650,
X949F-3,360651,
X949M-10,360652,
X949F-10,360653,
X949M-9,360654,
X949F-9,360655,
X949M-2,360656,
X949F-2,360657,
X935F-31,360658,
X935F-15,360659,
X935M-14,360660,
X935M-31,360661,
X935F-14,360662,
X935M-15,360663,
X949M-7,360664,
X949F-7,360665,
X970M-7,360666,
X970F-7,360667,
X949M-11,360668,
X949F-11,360669,
++BATT02-A,370000,
INL24-A,370001,
INL21-A,370002,
WPA02-A,370003,
WPA02-B,370004,
SCR33-A,370005,
THC92-A,370006,
SCR02-A,370007,
DCR76-A,370008,
DCR176-A,370009,
DCR176-B,370010,
THC92-B,370011,
DCR76-B,370012,
DCR176-C,370013,
AUX14-A,370014,
DCL76-B,370015,
AUX13-B,370016,
DCL76-A,370017,
DCL176-A,370018,
DCL176-C,370019,
AUX13-A,370020,
INL70-B,370021,
INL58-A,370022,
SCL02-A,370023,
SCA12-A,370024,
TRL11-A,370025,
INL56-A,370026,
INL70-A,370027,
DCL176-B,370028,
SCL02-B,370029,
BCM02-A,370030,
EXL54-A,370031,
EXL04-A,370032,
BCM02-B,370033,
X052,370189,
X053B,370190,
X030A,370191,
X033A,370192,
X030A,370193,
X032,370194,
X030A,370195,
X031,370196,
X035,370197,
X035,370198,
X010,370199,
X051,370200,
X485,370201,
X001,370202,
X286,370203,
X287,370204,
X300,370205,
X300A,370206,
X653,370207,
X303,370208,
X619R,370209,
X408,370210,
X464,370211,
X694,370212,
X196,370213,
X434,370214,
X299,370215,
X196,370216,
X378,370217,
X299,370218,
X284,370219,
X619L,370220,
X180,370221,
X041,370222,
X283,370223,
X283,370224,
X261,370225,
X260,370226,
X620L,370227,
X923F,370508,
X923M,370509,
X927M,370510,
X927F,370511,
X926F,370512,
X926M,370513,
X962M,370514,
X962F,370515,
X922M,370516,
X922F,370517,
X925F,370518,
X930M,370519,
X925M,370520,
X930F,370521,
X924M,370522,
X981F,370523,
X981M,370524,
X924F,370525,
X905M,370526,
X905F,370527,
Homelink ECU,370228,interactive.device.homelinkecu
Rear Maplight Left,370229,interactive.device.rearmaplightleft
Rear Maplight Right,370230,interactive.device.rearmaplightright
Wiper Motor (LHD),370231,interactive.device.wipermotorlhd
Wiper Motor (RHD),370232,interactive.device.wipermotorrhd
Humidity and Glass Temp,370233,interactive.device.humidityandglasstemp
Occupant Classification System (OCS),370234,interactive.device.occupantclassificationsystemocs
Lumbar Front Right,370235,interactive.device.lumbarfrontright
Ambient Light - Rear Right Door,370236,interactive.device.ambientlightrearrightdoor
Ambient Light - Front Right Door,370237,interactive.device.ambientlightfrontrightdoor
Body Controller Right,370238,interactive.device.bodycontrollerright
Inductive Charger,370239,interactive.device.inductivecharger
Ambient Light - Rear Left Door,370240,interactive.device.ambientlightrearleftdoor
Front Overhead Module,370241,interactive.device.frontoverheadmodule
Center Console Controller,370242,interactive.device.centerconsolecontroller
Ambient Light - Front Left Door,370243,interactive.device.ambientlightfrontleftdoor
Ambient Light - IP LH,370244,interactive.device.ambientlightiplh
Lumbar Front Left,370245,interactive.device.lumbarfrontleft
Trailer Light Controller,370246,interactive.device.trailerlightcontroller
Ambient Light - IP RH,370247,interactive.device.ambientlightiprh
Body Controller Left,370248,interactive.device.bodycontrollerleft
Body Controller Front,370249,interactive.device.bodycontrollerfront
Headlight Left,370250,interactive.device.headlightleft
Headlight Right,370251,interactive.device.headlightright
Integrated Lumbar Front Left,370252,interactive.device.integratedlumbarfrontleft
LV Battery,370253,interactive.device.lvbattery
Steering Column Control Module (SCCM),370254,interactive.device.steeringcolumncontrolmodulesccm
18,370328,
18,370329,
18,370330,
18,370331,
10,370332,
10,370333,
8,370334,
8,370335,
18,370336,
18,370337,
18,370338,
8,370339,
18,370340,
8,370341,
10,370342,
8,370343,
8,370344,
10,370345,
7,370346,
7,370347,
LIN,370348,
LIN,370349,
LIN,370350,
LIN,370351,
LIN,370352,
LIN,370353,
LIN,370354,
ECU LIN,370355,interactive.pin.name.eculin
LIN IN,370356,interactive.pin.name.linin
LIN IN,370357,interactive.pin.name.linin
LIGHT_AND_HUMIDITY_SENSOR_LIN,370358,
DOOR_REAR_RGB_LIN,370359,
OCCUPANT_CLASSIFICATION_ECU_LIN,370360,
LUMBAR_ECU_LIN,370361,
DOOR_FRONT_RGB_LIN,370362,
LIN,370363,
LIN IN,370364,interactive.pin.name.linin
RR Overhead Light LIN,370365,interactive.pin.name.rroverheadlightlin
LIN,370366,
RL Overhead Light LIN,370367,interactive.pin.name.rloverheadlightlin
LIN_INDUCTIVE_CHARGER,370368,
VCLEFT_LIN,370369,
LIN IN,370370,interactive.pin.name.linin
LIN OUT,370371,interactive.pin.name.linout
LIN IN,370372,interactive.pin.name.linin
ECU LIN,370373,interactive.pin.name.eculin
LIN,370374,
LIN IN,370375,interactive.pin.name.linin
FRONT_OVERHEAD_MODULE_LIN,370376,
TRAILER_LIGHT_ECU_LIN,370377,
DOOR_REAR_RGB_LIN,370378,
CENTER_CONSOLE_LIN,370379,
LUMBAR_ECU_LIN,370380,
DASHBOARD_RGB_LIN,370381,
STEERING_WHEEL_CONTROLS_ECU_LIN,370382,
DOOR_FRONT_RGB_LIN,370383,
WINDSHIELD_WIPER_LIN,370384,
HOMELINK_ECU_LIN,370385,
LV_BATTERY_LIN,370386,
HEADLIGHT_RIGHT_LIN,370387,
HEADLIGHT_LEFT_LIN,370388,
LIN,370389,
LIN,370390,
LIN,370391,
LIN,370392,
LIN,370393,
X485-3,370282,
X286-2,370283,
X287-2,370284,
X300-1,370285,
X300A-1,370286,
X303-3,370287,
X653-2,370288,
X619R-6,370289,
X464-3,370290,
X408-3,370291,
X051-8,370292,
X051-23,370293,
X052-18,370294,
X052-21,370295,
X053B-17,370296,
X694-2,370297,
X434-3,370298,
X299-5,370299,
X299-7,370300,
X299-9,370301,
X196-16,370302,
X196-17,370303,
X378-3,370304,
X283-2,370305,
X283-3,370306,
X619L-6,370307,
X041-2,370308,
X284-3,370309,
X030A-6,370310,
X030A-7,370311,
X030A-8,370312,
X031-22,370313,
X032-18,370314,
X035-37,370315,
X035-41,370316,
X033A-14,370317,
X010-45,370318,
X010-58,370319,
X010-60,370320,
X010-72,370321,
X010-75,370322,
X260-2,370323,
X261-2,370324,
X620L-2,370325,
X001-7,370326,
X180-14,370327,
X923F-18,370528,
X923M-18,370529,
X927M-18,370530,
X927F-18,370531,
X926F-10,370532,
X926M-10,370533,
X962M-8,370534,
X962F-8,370535,
X922M-18,370536,
X922F-18,370537,
X925F-18,370538,
X930M-8,370539,
X925M-18,370540,
X930F-8,370541,
X924M-10,370542,
X981F-8,370543,
X981M-8,370544,
X924F-10,370545,
X905M-7,370546,
X905F-7,370547,
++DCDC2-A,380000,
++DCDC1-A,380001,
+G191-A,380002,
+G291-A,380003,
++DAS22-A,380004,
++NEG01-A,380005,
++BATT04-A,380006,
++BATT03-A,380007,
++BATT02-A,380008,
++BATT01-A,380009,
++NEG02-A,380010,
+MCU02-B,380011,
+MCU02-A,380012,
MCU03-B,380013,
+MCU01-B,380014,
+MCU02-C,380015,
MCU03-A,380016,
+MCU01-A,380017,
++DAS22-B,380018,
+BCM92-A,380019,
++DAS21-B,380020,
+BCM91-A,380021,
++DAS21-A,380022,
X004,380121,
X005,380122,
X006,380123,
X120,380124,
X121,380125,
X001,380126,
X171,380127,
X170A,380128,
X171A,380129,
X170,380130,
X012,380131,
X015,380132,
X121A,380133,
X015,380134,
X011,380135,
X010,380136,
X014,380137,
X056,380138,
X036,380139,
X022,380140,
X120A,380141,
X010,380142,
X036,380143,
X014,380144,
X056,380145,
X908F,380289,
X908M,380290,
G023,380295,
G024,380296,
G001,380297,
HV Battery,380146,interactive.device.hvbattery
Autopilot ECU (LHD),380147,interactive.device.autopiloteculhd
MCU (LHD),380148,interactive.device.mculhd
MCU (RHD),380149,interactive.device.mcurhd
Autopilot ECU (RHD),380150,interactive.device.autopilotecurhd
DCDC Inline,380151,interactive.device.dcdcinline
LV Battery,380152,interactive.device.lvbattery
Body Controller Front,380153,interactive.device.bodycontrollerfront
Body Controller Left,380154,interactive.device.bodycontrollerleft
Body Controller Right,380155,interactive.device.bodycontrollerright
20,380201,
20,380202,
VBAT-A,380203,
VBAT-B,380204,
PVBAT-PRIMARY,380205,
P12V0-GPU,380206,
PVBAT-SECONDARY,380207,
PVBAT-PRIMARY,380208,
P12V0-GPU,380209,
PVBAT-SECONDARY,380210,
VBAT-A,380211,
VBAT-B,380212,
DCDC+,380213,
DCDC+,380214,
Batt+,380215,interactive.pin.name.battpositive
Batt-,380216,interactive.pin.name.battnegative
LVBMB_COMM_P,380217,
LVBMB_COMM_N,380218,
LIN,380219,
RIGHT_CONTROLLER,380220,
12V_BATTERY_POSITIVE,380221,
LEFT_CONTROLLER,380222,
PCS,380223,
LV_BATTERY_LIN,380224,
Chassis Ground,380225,interactive.pin.name.chassisground
AUTOPILOT_2,380226,
AUTOPILOT_1,380227,
MCU_GAMING,380228,
MCU_LOGIC,380229,
MCU_AUDIO,380230,
LVBMB_COMM_P,380231,
LVBMB_COMM_N,380232,
Power,380233,interactive.pin.name.power
Ground,380234,interactive.pin.name.ground
Power,380235,interactive.pin.name.power
Ground,380236,interactive.pin.name.ground
X006-1,380166,
X120-1,380167,
X121-1,380168,
X170-9,380169,
X170-10,380170,
X171-12,380171,
X170A-9,380172,
X170A-10,380173,
X171A-12,380174,
X120A-1,380175,
X121A-1,380176,
X004-1,380177,
X005-1,380178,
X001-1,380179,
X001-2,380180,
X001-5,380181,
X001-6,380182,
X001-7,380183,
X015-1,380184,
X014-3,380185,
X014-1,380186,
X015-3,380187,
X010-60,380188,
X022-1,380189,
X011-6,380190,
X012-2,380191,
X010-92,380192,
X010-93,380193,
X010-76,380194,
X010-66,380195,
X010-67,380196,
X036-1,380197,
X036-2,380198,
X056-1,380199,
X056-2,380200,
X908F-20,380291,
X908M-20,380292,
TH504-B,390000,
TH504-A,390001,
++DAS22-A,390002,
++DAS21-A,390003,
++DAS22-B,390004,
++DAS21-B,390005,
+BCM92-A,390006,
TH502-A,390007,
TH501-A,390008,
TH503-A,390009,
++DCDC2-A,390010,
++DCDC1-A,390011,
WPA01-A,390012,
WPA01-B,390013,
++BATT01-A,390014,
+BCM91-A,390015,
++BRK01-B,390016,
++BRK01-A,390017,
++ABS91-A,390018,
++EPS03-A,390019,
++EPS03-B,390020,
++EPS04-B,390021,
++EPS04-A,390022,
X121,390121,
X120,390122,
X121A,390123,
X120A,390124,
X056,390125,
X525,390126,
X004,390127,
X005,390128,
X006,390129,
X300,390130,
X300A,390131,
X001,390132,
X036,390133,
X150A,390134,
X150,390135,
X011,390136,
X012,390137,
X151,390138,
X014,390139,
X015,390140,
X190A,390141,
X191A,390142,
X190,390143,
X191,390144,
Z1-TH504,390096,
Z2-TH504,390097,
Autopilot ECU (LHD),390145,interactive.device.autopiloteculhd
Autopilot ECU (LHD),390146,interactive.device.autopiloteculhd
Autopilot ECU (RHD),390147,interactive.device.autopilotecurhd
Autopilot ECU (RHD),390148,interactive.device.autopilotecurhd
Condenser Fan,390149,interactive.device.condenserfan
HV Battery,390150,interactive.device.hvbattery
Wiper Motor (LHD),390151,interactive.device.wipermotorlhd
Wiper Motor (RHD),390152,interactive.device.wipermotorrhd
iBooster & DTS (LHD),390153,interactive.device.iboosterdtslhd
iBooster & DTS (RHD),390154,interactive.device.iboosterdtsrhd
HCU/ESP,390155,
Body Controller Right,390156,interactive.device.bodycontrollerright
DCDC Inline,390157,interactive.device.dcdcinline
LV Battery,390158,interactive.device.lvbattery
Body Controller Left,390159,interactive.device.bodycontrollerleft
EPAS (RHD),390160,interactive.device.epasrhd
EPAS (LHD),390161,interactive.device.epaslhd
EPAS (LHD),390162,interactive.device.epaslhd
EPAS (RHD),390163,interactive.device.epasrhd
Body Controller Front,390164,interactive.device.bodycontrollerfront
VBAT-B,390225,
VBAT-A,390226,
VBAT-B,390227,
VBAT-A,390228,
Phase A,390229,interactive.pin.name.phasea
Phase B,390230,interactive.pin.name.phaseb
Phase C,390231,interactive.pin.name.phasec
Shielded Grounding,390232,interactive.pin.name.shieldedgrounding
Power,390233,interactive.pin.name.power
Power,390234,interactive.pin.name.power
+12V_UBB [motor positive],390235,interactive.pin.name.positive12vubbmotorpositive
+12V_UBB [motor positive],390236,interactive.pin.name.positive12vubbmotorpositive
+12V_MR,390237,
Power,390238,interactive.pin.name.power
DCDC+,390239,
DCDC+,390240,
Batt+,390241,interactive.pin.name.battpositive
Power,390242,interactive.pin.name.power
BATT1,390243,
BATT1,390244,
BATT2,390245,
BATT2,390246,
PCS,390247,
RIGHT_CONTROLLER,390248,
EPAS_2,390249,
EPAS_1,390250,
LEFT_CONTROLLER,390251,
12V_BATTERY_POSITIVE,390252,
iBOOSTER,390253,interactive.pin.name.ibooster
WINDSHIELD_WIPER_POWER,390254,
HCU_ESP_ABS_MOTOR,390255,
CONDENSER_FAN_PHASE_B,390256,
CONDENSER_FAN_GND_SHIELD,390257,
CONDENSER_FAN_PHASE_A,390258,
CONDENSER_FAN_PHASE_C,390259,
AUTOPILOT_1,390260,
AUTOPILOT_2,390261,
X121-1,390185,
X120-1,390186,
X121A-1,390187,
X120A-1,390188,
X525-1,390189,
X525-2,390190,
X525-3,390191,
X525-4,390192,
X006-1,390193,
X300-4,390194,
X300A-4,390195,
X150-1,390196,
X150A-1,390197,
X151-1,390198,
X056-1,390199,
X005-1,390200,
X004-1,390201,
X001-1,390202,
X036-1,390203,
X190A-1,390204,
X190-1,390205,
X191-1,390206,
X191A-1,390207,
X015-3,390208,
X015-1,390209,
X015-2,390210,
X014-2,390211,
X014-1,390212,
X014-3,390213,
X012-5,390214,
X012-3,390215,
X011-7,390216,
X011-5,390217,
X011-4,390218,
X011-2,390219,
X011-1,390220,
X012-2,390221,
X011-6,390222,
TH501-A,390223,
TH501-A,390224,
TH204-A,400000,
TH204-D,400001,
TH202-B,400002,
TH201-B,400003,
TH203-B,400004,
SEC22-B,400005,
JMP01-B,400006,
SEC11-B,400007,
SEC12-B,400008,
BCM01-B,400009,
TH204-C,400010,
PT061-B,400011,
PT051-B,400012,
MCU03-B,400013,
+MCU01-B,400014,
+DAS06-A,400015,
HWA22-A,400016,
MCU03-A,400017,
+MCU01-A,400018,
+MCU02-B,400019,
HWA22-B,400020,
+DAS06-B,400021,
PT061-A,400022,
JMP01-A,400023,
BCM01-A,400024,
WPA10-A,400025,
WPA11-A,400026,
+MCU02-C,400027,
PT051-A,400028,
+MCU02-A,400029,
+BRK05-B,400030,
SEC11-A,400031,
TH204-B,400032,
EXL01-A,400033,
+BRK05-A,400034,
SEC22-A,400035,
TH202-A,400036,
TH201-A,400037,
SEC12-A,400038,
EXL58-A,400039,
EXL08-A,400040,
TH203-A,400041,
EXL51-A,400042,
+EPS01-A,400043,
+EPS01-B,400044,
+EPS02-A,400045,
+EPS02-B,400046,
X333,400268,
X355,400269,
X330,400270,
X485,400271,
X095,400272,
X093,400273,
X170A,400274,
X304,400275,
X170,400276,
X171,400277,
X304A,400278,
X301,400279,
X171A,400280,
X010,400281,
X506,400282,
X150A,400283,
X260,400284,
X150,400285,
X269,400286,
X268,400287,
X261,400288,
X192A,400289,
X193A,400290,
X192,400291,
X193,400292,
X010,400293,
X911M,400559,
X911F,400560,
X901M,400561,
X905F,400562,
X905M,400563,
X908M,400564,
X911F,400565,
X901F,400566,
X908F,400567,
X911M,400568,
X906F,400569,
X906F,400570,
X906F,400571,
X906M,400572,
X906M,400573,
X906M,400574,
X906F,400575,
X906M,400576,
X906M,400577,
X906F,400578,
X906F,400579,
X906M,400580,
X906F,400581,
X906M,400582,
Z1-TH204,400215,
Z2-TH204,400216,
Z4-TH204,400217,
Z3-TH204,400218,
Active Louver,400294,interactive.device.activelouver
Emergency Frunk Release Switch,400295,interactive.device.emergencyfrunkreleaseswitch
Frunk Access Post,400296,interactive.device.frunkaccesspost
Frunk Latch,400297,interactive.device.frunklatch
Homelink ECU,400298,interactive.device.homelinkecu
MCU (RHD),400299,interactive.device.mcurhd
MCU (LHD),400300,interactive.device.mculhd
Glass Heater - Windshield (RHD),400301,interactive.device.glassheaterwindshieldrhd
Washer Pump & Level Sensor,400302,interactive.device.washerpumplevelsensor
Glass Heater - Windshield (LHD),400303,interactive.device.glassheaterwindshieldlhd
Side Repeater Left,400304,interactive.device.siderepeaterleft
Headlight Left,400305,interactive.device.headlightleft
Side Repeater Right,400306,interactive.device.siderepeaterright
Headlight Right,400307,interactive.device.headlightright
iBooster & DTS (LHD),400308,interactive.device.iboosterdtslhd
iBooster & DTS (RHD),400309,interactive.device.iboosterdtsrhd
EPAS (LHD),400310,interactive.device.epaslhd
EPAS (RHD),400311,interactive.device.epasrhd
Drive Unit Oil Pump Front,400312,interactive.device.driveunitoilpumpfront
Drive Inverter Front Logic,400313,interactive.device.driveinverterfrontlogic
Body Controller Front,400314,interactive.device.bodycontrollerfront
Phase 1,400398,interactive.pin.name.phase1
Phase 3,400399,interactive.pin.name.phase3
Phase 2,400400,interactive.pin.name.phase2
GND,400401,
Illumination,400402,interactive.pin.name.illumination
Power,400403,interactive.pin.name.power
Primary Latch Reset,400404,interactive.pin.name.primarylatchreset
Primary Latch Release,400405,interactive.pin.name.primarylatchrelease
Power In,400406,interactive.pin.name.powerin
PVBAT-PRIMARY,400407,
P12V0-GPU,400408,
PVBAT-SECONDARY,400409,
PVBAT-PRIMARY,400410,
P12V0-GPU,400411,
PVBAT-SECONDARY,400412,
Camera Area Heater,400413,interactive.pin.name.cameraareaheater
Windshield Wiper Area,400414,interactive.pin.name.windshieldwiperarea
PUMP 13.5 V Camera,400415,interactive.pin.name.pump135vcamera
PUMP 13.5 V Windshield,400416,interactive.pin.name.pump135vwindshield
Camera Area Heater,400417,interactive.pin.name.cameraareaheater
Windshield Wiper Area,400418,interactive.pin.name.windshieldwiperarea
TurnIn12v0,400419,interactive.pin.name.turnin12v0
Power,400420,interactive.pin.name.power
TurnIn12v0,400421,interactive.pin.name.turnin12v0
Power,400422,interactive.pin.name.power
Wake,400423,interactive.pin.name.wake
Wake,400424,interactive.pin.name.wake
WAU1,400425,
WAU2,400426,
WAU2,400427,
WAU1,400428,
Power,400429,interactive.pin.name.power
Switched +12V,400430,interactive.pin.name.switchedpositive12v
FRUNK_LED,400431,
HOMELINK_ECU,400432,
WINDSHIELD_UPPER_GLASS_HEATER,400433,
FRUNK_ACCESS_POST,400434,
FRONT_DRIVE_INVERTER,400435,
FRONT_DRIVE_UNIT_OIL_PUMP,400436,
FRUNK_LATCH_PRIMARY_RELEASE,400437,
FRUNK_LATCH_PRIMARY_RESET,400438,
WASHER_FLUID_PUMP_PHASE A,400439,interactive.pin.name.washerfluidpumpphasea
MCU_AUDIO,400440,
MCU_LOGIC,400441,
HEADLIGHT_RIGHT,400442,
SIDE_REPEATER_RIGHT,400443,
SIDE_REPEATER_LEFT,400444,
HEADLIGHT_LEFT,400445,
BRAKE_MOTOR_ECU_2_WAKE,400446,
ACTIVE_LOUVER_PHASE_C,400447,
ACTIVE_LOUVER_PHASE_B,400448,
ACTIVE_LOUVER_PHASE_A,400449,
EPAS_2_WAKE,400450,
EPAS_1_WAKE,400451,
MCU_GAMING,400452,
WINDSHIELD_WIPER_PARK_HEATER,400453,
ACTIVE_LOUVER_GND_SHIELD,400454,
WASHER_FLUID_PUMP_PHASE B,400455,interactive.pin.name.washerfluidpumpphaseb
1,400456,
1,400457,
5,400458,
8,400459,
8,400460,
20,400461,
10,400462,
5,400463,
20,400464,
10,400465,
10,400466,
7,400467,
11,400468,
7,400469,
11,400470,
10,400471,
4,400472,
1,400473,
2,400474,
1,400475,
2,400476,
4,400477,
3,400478,
3,400479,
X506-4,400336,
X506-3,400337,
X506-2,400338,
X506-1,400339,
X333-3,400340,
X355-1,400341,
X330-2,400342,
X330-1,400343,
X485-1,400344,
X170A-9,400345,
X170A-10,400346,
X171A-12,400347,
X170-9,400348,
X170-10,400349,
X171-12,400350,
X304A-1,400351,
X304A-3,400352,
X301-2,400353,
X301-1,400354,
X304-1,400355,
X304-3,400356,
X268-1,400357,
X260-1,400358,
X269-1,400359,
X261-1,400360,
X150-20,400361,
X150A-20,400362,
X192-1,400363,
X193-1,400364,
X193A-1,400365,
X192A-1,400366,
X095-1,400367,
X093-3,400368,
X010-1,400369,
X010-2,400370,
X010-90,400371,
X010-84,400372,
X010-4,400373,
X010-79,400374,
X010-83,400375,
X010-82,400376,
X010-80,400377,
X010-76,400378,
X010-93,400379,
X010-77,400380,
X010-10,400381,
X010-11,400382,
X010-78,400383,
X010-6,400384,
X010-61,400385,
X010-62,400386,
X010-63,400387,
X010-17,400388,
X010-16,400389,
X010-92,400390,
X010-89,400391,
X010-47,400392,
X010-81,400393,
TH201-B,400394,
TH201-B,400395,
TH201-A,400396,
TH201-A,400397,
X911M-1,400583,
X911F-1,400584,
X901M-5,400585,
X905F-8,400586,
X905M-8,400587,
X908M-20,400588,
X911F-10,400589,
X901F-5,400590,
X908F-20,400591,
X911M-10,400592,
X906F-10,400593,
X906F-7,400594,
X906F-11,400595,
X906M-7,400596,
X906M-11,400597,
X906M-10,400598,
X906F-4,400599,
X906M-1,400600,
X906M-2,400601,
X906F-1,400602,
X906F-2,400603,
X906M-4,400604,
X906F-3,400605,
X906M-3,400606,
+DRV62-B,410000,
ETC02-C,410001,
DCL144-B,410002,
DCL175-A,410003,
DCL175-C,410004,
+DRV62-C,410005,
INL81-B,410006,
INL55-A,410007,
ETC01-A,410008,
ETC02-A,410009,
INL81-A,410010,
SCA11-A,410011,
SCA13-A,410012,
+DAS04-A,410013,
SEC02-A,410014,
INL57-A,410015,
DCL175-B,410016,
SCL109-A,410017,
SCA07-A,410018,
SCA08-A,410019,
SCA01-A,410020,
SCA02-A,410021,
ETC02-B,410022,
INL41-A,410023,
SEC03-A,410024,
TRL10-A,410025,
DCL144-A,410026,
SEC01-A,410027,
+CP001-A,410028,
SCL110-A,410029,
SCL112-A,410030,
+DRV62-A,410031,
SCL15-A,410032,
+SRI96_A-A,410033,
SCL35-A,410034,
+SRI96_A-B,410035,
SCL23-A,410036,
SCL24-A,410037,
SCL43-A,410038,
SCL44-A,410039,
SCL21-A,410040,
SCL22-A,410041,
SCL01-A,410042,
SCL37-A,410043,
SCL13-A,410044,
SCL09-A,410045,
OBD01-A,410046,
OBD02-A,410047,
+SRI96_B-A,410048,
THC02-A,410049,
THC01-A,410050,
THC03-A,410051,
SCL10-A,410052,
X090,410309,
X697,410310,
X434,410311,
X299,410312,
X283,410313,
X695,410314,
X180,410315,
X493,410316,
X284,410317,
X676,410318,
X182,410319,
X280,410320,
X497,410321,
X041,410322,
X490,410323,
X096,410324,
X686,410325,
X030A,410326,
X030B,410327,
X039,410328,
X035,410329,
X425,410330,
X617L,410331,
X625L,410332,
X614L,410333,
X621L,410334,
X618L,410335,
X619L,410336,
X626L,410337,
X616L,410338,
X181,410339,
X200,410340,
X059,410341,
X037,410342,
X055,410343,
X038,410344,
X536,410345,
X032,410346,
X613L,410347,
X925F,410729,
X925M,410730,
X952F,410731,
X952M,410732,
X981M,410733,
X924M,410734,
X924F,410735,
X990M,410736,
X981F,410737,
X924F,410738,
X924M,410739,
X990F,410740,
X935F,410741,
X935M,410742,
X908F,410743,
X908M,410744,
Z1-SHIELD908 CUTOFF,410243,
Electronic Toll Colletion - China,410348,interactive.device.electronictollcolletionchina
Exterior Open Switch Rear Left,410349,interactive.device.exterioropenswitchrearleft
Ambient Light - Rear Left Door,410350,interactive.device.ambientlightrearleftdoor
Front Overhead Module,410351,interactive.device.frontoverheadmodule
Ambient Light - IP RH,410352,interactive.device.ambientlightiprh
OBD,410353,
Footwell LED Front Left,410354,interactive.device.footwellledfrontleft
Heat Pad Cushion Front Left,410355,interactive.device.heatpadcushionfrontleft
Seat Backrest Pitch Front Left,410356,interactive.device.seatbackrestpitchfrontleft
Ambient Light - IP LH,410357,interactive.device.ambientlightiplh
Heat Pad Backrest Front Left,410358,interactive.device.heatpadbackrestfrontleft
Ventilation Fan Backrest Front Left,410359,interactive.device.ventilationfanbackrestfrontleft
2R Heat Pad Backrest Left,410360,interactive.device.2rheatpadbackrestleft
Electronic Toll Collection - Japan,410361,interactive.device.electronictollcollectionjapan
Charge Port ECU,410362,interactive.device.chargeportecu
Authentication Endpoint Interior,410363,interactive.device.authenticationendpointinterior
Seat Tilt Motor Front Left,410364,interactive.device.seattiltmotorfrontleft
Seat Lift Motor Front Left,410365,interactive.device.seatliftmotorfrontleft
Lumbar Front Left,410366,interactive.device.lumbarfrontleft
Ventilation Fan Cushion Front Left,410367,interactive.device.ventilationfancushionfrontleft
Seat Track Motor Front Left,410368,interactive.device.seattrackmotorfrontleft
Authentication Endpoint Rear Center,410369,interactive.device.authenticationendpointrearcenter
Steering Column Adjust,410370,interactive.device.steeringcolumnadjust
Authentication and Heater Left B-Pillar,410371,interactive.device.authenticationandheaterleftbpillar
Trailer Light Controller,410372,interactive.device.trailerlightcontroller
2R Heat Pad Cushion,410373,interactive.device.2rheatpadcushion
Restraints Controller,410374,interactive.device.restraintscontroller
Blower Motor,410375,interactive.device.blowermotor
Body Controller Right,410376,interactive.device.bodycontrollerright
Drive Inverter Rear Logic,410377,interactive.device.driveinverterrearlogic
Steering Column Control Module (SCCM),410378,interactive.device.steeringcolumncontrolmodulesccm
Body Controller Left,410379,interactive.device.bodycontrollerleft
VBAT,410504,
Sensor Power,410505,interactive.pin.name.sensorpower
PWR,410506,
Main Power,410507,interactive.pin.name.mainpower
PWR,410508,
VBATT,410509,
Activation Line,410510,interactive.pin.name.activationline
PWR,410511,
Heater Supply,410512,interactive.pin.name.heatersupply
"Power (U+ = SEAT FORWARD, CW)",410513,interactive.pin.name.powerupositiveseatforwardcw
"Power (U+ = SEAT REARWARD, CCW)",410514,interactive.pin.name.powerupositiveseatrearwardccw
PWR,410515,
Heat +12V,410516,interactive.pin.name.heatpositive12v
Power,410517,interactive.pin.name.power
Heater + 12V,410518,interactive.pin.name.heaterpositive12v
ACC,410519,
BATT+,410520,
VBAT_PROT,410521,
VBAT,410522,
Down,410523,interactive.pin.name.down
Up,410524,
Up,410525,
Down,410526,interactive.pin.name.down
ECU & Pump Power Input,410527,interactive.pin.name.ecupumppowerinput
Power,410528,interactive.pin.name.power
Fore,410529,interactive.pin.name.fore
Aft,410530,
VBAT,410531,
Tele IN,410532,interactive.pin.name.telein
Tele OUT,410533,interactive.pin.name.teleout
Tilt UP,410534,interactive.pin.name.tiltup
Tilt DOWN,410535,interactive.pin.name.tiltdown
VBAT (BLE),410536,interactive.pin.name.vbatble
Heater +,410537,interactive.pin.name.heaterpositive
VBAT,410538,
Heater +12V RH,410539,interactive.pin.name.heaterpositive12vrh
Heater +12V LH,410540,interactive.pin.name.heaterpositive12vlh
PWR1,410541,
Phase 3 (W),410542,interactive.pin.name.phase3w
Phase 2 (V),410543,interactive.pin.name.phase2v
Phase 1 (U),410544,interactive.pin.name.phase1u
RESTRAINT_CONTROL_MODULE_PASSTHROUGH_1,410545,
RESTRAINT_CONTROL_MODULE_PASSTHROUGH_1,410546,
Switched +12V,410547,interactive.pin.name.switchedpositive12v
Power (Steering Wheel),410548,interactive.pin.name.powersteeringwheel
Power,410549,interactive.pin.name.power
BLE_B_PILLAR,410550,
BLE_REAR,410551,
FRONT_OVERHEAD_MODULE,410552,
REAR_DRIVE_INVERTER,410553,
CHARGE_PORT_ECU,410554,
2R_SEAT_RIGHT_CUSHION_HEAT,410555,
2R_SEAT_LEFT_CUSHION_HEAT,410556,
2R_SEAT_LEFT_BACKREST_HEAT,410557,
TRAILER_ECU,410558,
BLE_INTERIOR,410559,
B_PILLAR_HEATER,410560,
RESTRAINT_CONTROL_MODULE,410561,
BLE_REAR_LEFT,410562,
ACCESSORY_FEED_3,410563,
OBD_ETHERNET_ACTIVATION_SIGNAL,410564,
DOOR_REAR_EXTERIOR_HANDLE_SENSOR_5V,410565,
DOOR_REAR_RGB,410566,
STEERING_WHEEL_CONTROLS_ECU,410567,
STEERING_ANGLE_AND_STALK_ECU,410568,
STEERING_COLUMN_IN,410569,
STEERING_COLUMN_OUT,410570,
STEERING_COLUMN_UP,410571,
STEERING_COLUMN_DOWN,410572,
FOOTWELL_LED_FRONT,410573,
DASHBOARD_RGB_LEFT,410574,
DASHBOARD_RGB_RIGHT,410575,
ACCESSORY_FEED_1,410576,
ACCESSORY_FEED_2_DASH,410577,
SEAT_FRONT_HEAT_PAD_CUSHION,410578,
SEAT_FRONT_BACKREST_UP,410579,
SEAT_FRONT_BACKREST_DOWN,410580,
SEAT_FRONT_TRACK_FORWARD,410581,
SEAT_FRONT_TRACK_REVERSE,410582,
SEAT_FRONT_TILT_DOWN,410583,
SEAT_FRONT_TILT_UP,410584,
SEAT_FRONT_LIFT_DOWN,410585,
SEAT_FRONT_LIFT_UP,410586,
LUMBAR_ECU,410587,
SEAT_FRONT_VENT_FAN_CUSHION,410588,
SEAT_FRONT_VENT_FAN_BACKREST,410589,
SEAT_FRONT_HEAT_PAD_BACKREST,410590,
HVAC_BLOWER_PHASE_A,410591,
HVAC_BLOWER_PHASE_B,410592,
HVAC_BLOWER_PHASE_C,410593,
HVAC_BLOWER_MOTOR_GROUND_SHIELD,410594,
19,410595,
19,410596,
15,410597,
15,410598,
13,410599,
23,410600,
22,410601,
13,410602,
13,410603,
23,410604,
22,410605,
13,410606,
13,410607,
13,410608,
10,410609,
10,410610,
THC01-A,410411,
THC01-A,410412,
X697-7,410413,
X425-4,410414,
X434-1,410415,
X299-1,410416,
X284-1,410417,
X181-16,410418,
X181-8,410419,
X280-1,410420,
X617L-2,410421,
X613L-1,410422,
X613L-3,410423,
X283-1,410424,
X616L-2,410425,
X626L-1,410426,
X676-2,410427,
X695-1,410428,
X695-3,410429,
X096-10,410430,
X490-2,410431,
X621L-1,410432,
X621L-3,410433,
X618L-1,410434,
X618L-3,410435,
X619L-1,410436,
X625L-1,410437,
X614L-1,410438,
X614L-5,410439,
X497-4,410440,
X182-2,410441,
X182-1,410442,
X182-6,410443,
X182-5,410444,
X493-2,410445,
X493-1,410446,
X041-3,410447,
X686-3,410448,
X686-1,410449,
X200-40,410450,
X536-1,410451,
X536-2,410452,
X536-4,410453,
X055-32,410454,
X059-30,410455,
X090-3,410456,
X180-7,410457,
X180-1,410458,
X030A-12,410459,
X030A-25,410460,
X030A-26,410461,
X030A-27,410462,
X030A-28,410463,
X030A-29,410464,
X030A-31,410465,
X030A-32,410466,
X030B-11,410467,
X030A-21,410468,
X039-25,410469,
X037-28,410470,
X030A-24,410471,
X037-27,410472,
X037-26,410473,
X030A-23,410474,
X039-31,410475,
X035-5,410476,
X035-44,410477,
X035-15,410478,
X035-31,410479,
X035-35,410480,
X035-36,410481,
X035-43,410482,
X035-45,410483,
X035-14,410484,
X035-33,410485,
X035-34,410486,
X032-32,410487,
X032-9,410488,
X032-10,410489,
X032-12,410490,
X032-13,410491,
X032-36,410492,
X032-37,410493,
X032-34,410494,
X032-33,410495,
X032-49,410496,
X032-35,410497,
X032-11,410498,
X032-31,410499,
X038-4,410500,
X038-2,410501,
X038-1,410502,
X038-3,410503,
X925F-19,410745,
X925M-19,410746,
X952F-15,410747,
X952M-15,410748,
X981M-13,410749,
X924M-23,410750,
X924F-22,410751,
X990M-13,410752,
X981F-13,410753,
X924F-23,410754,
X924M-22,410755,
X990F-13,410756,
X935F-13,410757,
X935M-13,410758,
X908F-10,410759,
X908M-10,410760,
DCL72-B,420000,
DCL71-B,420001,
DCL44-A,420002,
DCL42-A,420003,
DCL24-A,420004,
DCL23-A,420005,
DCL21-A,420006,
DCL01-A,420007,
DCL02-A,420008,
DCL34-C,420009,
DCL21-B,420010,
DCL75-A,420011,
DCL71-A,420012,
DCL34-B,420013,
DCL42-B,420014,
DCL72-A,420015,
DCL75-B,420016,
DCL34-A,420017,
DCL52-A,420018,
DCL60-A,420019,
DCL53-A,420020,
DCL51-A,420021,
DCL59-A,420022,
DCL56-A,420023,
DCL55-A,420024,
DCL58-A,420025,
AUX01-B,420026,
DCL171-B,420027,
+ABS51-A,420028,
+ABS52-A,420029,
DCL142-A,420030,
DCL124-A,420031,
DCL123-A,420032,
EXL22-B,420033,
EXL23-B,420034,
EXL24-B,420035,
PLG01-A,420036,
PLG06-A,420037,
PLG05-A,420038,
DCL121-A,420039,
INL71-A,420040,
DCL101-A,420041,
DCL102-A,420042,
DCL134-A,420043,
EXL24-C,420044,
EXL23-C,420045,
EXL22-C,420046,
AUX12-A,420047,
DCL134-C,420048,
DCL142-C,420049,
AUX11-B,420050,
DCL171-C,420051,
DCL121-C,420052,
DCL101-B,420053,
DCL124-B,420054,
DCL121-B,420055,
DCL134-B,420056,
DCL123-B,420057,
DCL142-B,420058,
DCL171-A,420059,
DCL102-B,420060,
+ABS51-B,420061,
+ABS52-B,420062,
+ABS62-A,420063,
+ABS61-A,420064,
AUX01-A,420065,
AUX11-A,420066,
EXL22-A,420067,
EXL24-A,420068,
EXL23-A,420069,
X379,420403,
X370,420404,
X367,420405,
X366,420406,
X380,420407,
X371,420408,
X373,420409,
X369,420410,
X378,420411,
X365,420412,
X376,420413,
X033A,420414,
X033B,420415,
X033B,420416,
X033A,420417,
X031,420418,
X435,420419,
X426,420420,
X427,420421,
X271,420422,
X436,420423,
X433,420424,
X432,420425,
X197,420426,
X162,420427,
X353,420428,
X296,420429,
X694,420430,
X196,420431,
X162A,420432,
X162B,420433,
X161,420434,
X039,420435,
X922F,420809,
X922M,420810,
X922F,420811,
X922M,420812,
X922F,420813,
X922F,420814,
X922F,420815,
X922M,420816,
X922M,420817,
X922M,420818,
X922F,420819,
X922M,420820,
X954M,420821,
X954F,420822,
X954M,420823,
X954F,420824,
X954M,420825,
X954F,420826,
X925F,420827,
X925M,420828,
X925F,420829,
X925M,420830,
X925F,420831,
X925M,420832,
X925M,420833,
X925F,420834,
X924F,420835,
X924F,420836,
X924M,420837,
X924F,420838,
X924M,420839,
X924F,420840,
X924F,420841,
X924M,420842,
X924F,420843,
X924M,420844,
X924M,420845,
X924M,420846,
X924F,420847,
X924F,420848,
X924M,420849,
X935F,420850,
X935F,420851,
X935M,420852,
X935M,420853,
X935M,420854,
X935F,420855,
X924M,420856,
X930F,420857,
X930M,420858,
X930F,420859,
X930M,420860,
12V Power Socket Center Console,420436,interactive.device.12vpowersocketcenterconsole
Blind Spot Indicator LH,420437,interactive.device.blindspotindicatorlh
Door Map Pocket LED Front Left,420438,interactive.device.doormappocketledfrontleft
Door Map Pocket LED Rear Left,420439,interactive.device.doormappocketledrearleft
EPB Left,420440,interactive.device.epbleft
Exterior Open Switch Front Left,420441,interactive.device.exterioropenswitchfrontleft
Interior Open Switch Front Left,420442,interactive.device.interioropenswitchfrontleft
Interior Open Switch Rear Left,420443,interactive.device.interioropenswitchrearleft
Latch Front Left,420444,interactive.device.latchfrontleft
Latch Rear Left,420445,interactive.device.latchrearleft
Liftgate Lamp LH,420446,interactive.device.liftgatelamplh
Liftgate Power Strut LH,420447,interactive.device.liftgatepowerstrutlh
Puddle LED Front Left,420448,interactive.device.puddleledfrontleft
Puddle LED Rear Left,420449,interactive.device.puddleledrearleft
Trunk Internal Illumination Left,420450,interactive.device.trunkinternalilluminationleft
Window Lift Motor Front Left,420451,interactive.device.windowliftmotorfrontleft
Window Lift Motor Rear Left,420452,interactive.device.windowliftmotorrearleft
Window Switch Pass Front Left,420453,interactive.device.windowswitchpassfrontleft
Window Switch RL,420454,interactive.device.windowswitchrl
Inductive Charger,420455,interactive.device.inductivecharger
Center Console Controller,420456,interactive.device.centerconsolecontroller
Ambient Light - Front Left Door,420457,interactive.device.ambientlightfrontleftdoor
EPB and Adaptive Damper Valve LR,420458,interactive.device.epbandadaptivedampervalvelr
Park Brake Caliper LH - EPB side,420459,interactive.device.parkbrakecaliperlhepbside
Window Switch Driver Front Left,420460,interactive.device.windowswitchdriverfrontleft
Mirror Left Premium,420461,interactive.device.mirrorleftpremium
Body Controller Left,420462,interactive.device.bodycontrollerleft
ACC+,420575,
PWR,420576,
Power,420577,interactive.pin.name.power
Power,420578,interactive.pin.name.power
Power - Apply,420579,interactive.pin.name.powerapply
Power - Release,420580,interactive.pin.name.powerrelease
Sensor Power,420581,interactive.pin.name.sensorpower
Illumination,420582,interactive.pin.name.illumination
Illumination,420583,interactive.pin.name.illumination
UNLATCH RESET,420584,interactive.pin.name.unlatchreset
UNLATCH OPEN,420585,interactive.pin.name.unlatchopen
UNLATCH RESET,420586,interactive.pin.name.unlatchreset
UNLATCH OPEN,420587,interactive.pin.name.unlatchopen
Turn,420588,interactive.pin.name.turn
Tail/Stop,420589,interactive.pin.name.tailstop
PWM,420590,
Hall Signal Power Supply,420591,interactive.pin.name.hallsignalpowersupply
Motor Terminal Open/Extension,420592,interactive.pin.name.motorterminalopenextension
Motor Terminal Close/Retract,420593,interactive.pin.name.motorterminalcloseretract
PWR,420594,
PWR,420595,
PWR,420596,
MOTOR -,420597,interactive.pin.name.motor
MOTOR +,420598,interactive.pin.name.motorpositive
MOTOR +,420599,interactive.pin.name.motorpositive
MOTOR -,420600,interactive.pin.name.motor
LED,420601,
LED,420602,
Power,420603,interactive.pin.name.power
VBATT,420604,
VBATT,420605,
PWR,420606,
Power - Release,420607,interactive.pin.name.powerrelease
Power - Apply,420608,interactive.pin.name.powerapply
Power - Release,420609,interactive.pin.name.powerrelease
Power - Apply,420610,interactive.pin.name.powerapply
Power - Release,420611,interactive.pin.name.powerrelease
Power - Apply,420612,interactive.pin.name.powerapply
Illumination,420613,interactive.pin.name.illumination
"Motor Pan (Left-, Right+)",420614,interactive.pin.name.motorpanleftrightpositive
"Motor Tilt (Up+, Down-)",420615,interactive.pin.name.motortiltuppositivedown
Motor Common,420616,interactive.pin.name.motorcommon
"Fold (+), Unfold (-)",420617,interactive.pin.name.foldpositiveunfold
Heater (+),420618,interactive.pin.name.heaterpositive
"Fold (-), Unfold (+)",420619,interactive.pin.name.foldunfoldpositive
Position Vref 5V,420620,interactive.pin.name.positionvref5v
EC (+),420621,
DOOR_FRONT_EXTERIOR_HANDLE_SENSOR_5V,420622,
DOOR_FRONT_INTERIOR_HANDLE_SWITCH_LED,420623,
WINDOW_LIFT_FRONT_DOWN,420624,
WINDOW_LIFT_FRONT_UP,420625,
MIRROR_TILT_LEFT_RIGHT,420626,
MIRROR_TILT_UP_DOWN,420627,
MIRROR_TILT_COMMON,420628,
MIRROR_UNFOLD,420629,
MIRROR_FOLD,420630,
MIRROR_TILT_POSITION_5V,420631,
MIRROR_DIM,420632,
MIRROR_HEAT,420633,
DOOR_FRONT_LATCH_RESET,420634,
DOOR_FRONT_LATCH_RELEASE,420635,
DOOR_REAR_WINDOW_SWITCH_LED,420636,
DOOR_REAR_PUDDLE_LED,420637,
DOOR_REAR_INTERIOR_HANDLE_SWITCH_LED,420638,
WINDOW_LIFT_REAR_UP,420639,
WINDOW_LIFT_REAR_DOWN,420640,
DOOR_REAR_LATCH_RESET,420641,
DOOR_REAR_LATCH_RELEASE,420642,
TRUNK_INTERIOR_LED,420643,
LIFTGATE_STRUT_OPEN,420644,
LIFTGATE_STRUT_CLOSE,420645,
PARKING_BRAKE_RELEASE,420646,
PARKING_BRAKE_APPLY,420647,
LIFTGATE_LEFT_TURN_SIGNAL,420648,
DOOR_REAR_MAP_POCKET_LED,420649,
DOOR_FRONT_MAP_POCKET_LED,420650,
DOOR_FRONT_WINDOW_SWITCH_LED,420651,
DOOR_FRONT_PUDDLE_LED,420652,
DOOR_FRONT_BLIND_SPOT_INDICATOR_LED,420653,
DOOR_FRONT_RGB,420654,
LIFTGATE_LEFT_BRAKE_TAIL_PWR,420655,
LIFTGATE_LEFT_BRAKE_TAIL_INTENSITY,420656,
LIFTGATE_SENSOR_POWER,420657,
USB_PORTS,420658,
12V_SOCKET_FRONT,420659,
10,420660,
5,420661,
19,420662,
14,420663,
4,420664,
14,420665,
8,420666,
10,420667,
4,420668,
19,420669,
5,420670,
8,420671,
13,420672,
13,420673,
12,420674,
12,420675,
1,420676,
1,420677,
10,420678,
8,420679,
8,420680,
10,420681,
14,420682,
14,420683,
5,420684,
5,420685,
1,420686,
13,420687,
24,420688,
9,420689,
15,420690,
25,420691,
12,420692,
13,420693,
16,420694,
16,420695,
12,420696,
1,420697,
24,420698,
15,420699,
25,420700,
14,420701,
31,420702,
15,420703,
31,420704,
14,420705,
15,420706,
9,420707,
1,420708,
10,420709,
10,420710,
1,420711,
X197-2,420490,
X379-1,420491,
X370-1,420492,
X435-1,420493,
X162-2,420494,
X162-1,420495,
X367-4,420496,
X366-2,420497,
X426-2,420498,
X380-3,420499,
X380-4,420500,
X427-3,420501,
X427-4,420502,
X271-3,420503,
X271-2,420504,
X271-4,420505,
X353-1,420506,
X353-5,420507,
X353-8,420508,
X371-1,420509,
X436-1,420510,
X296-1,420511,
X373-5,420512,
X373-1,420513,
X433-1,420514,
X433-5,420515,
X369-1,420516,
X432-1,420517,
X694-1,420518,
X196-11,420519,
X196-20,420520,
X378-1,420521,
X162A-3,420522,
X162A-4,420523,
X162B-3,420524,
X162B-4,420525,
X161-1,420526,
X161-2,420527,
X365-5,420528,
X376-3,420529,
X376-9,420530,
X376-8,420531,
X376-2,420532,
X376-1,420533,
X376-10,420534,
X376-4,420535,
X376-14,420536,
X033B-19,420537,
X033A-24,420538,
X033A-2,420539,
X033A-1,420540,
X033B-17,420541,
X033B-7,420542,
X033A-11,420543,
X033A-12,420544,
X033A-13,420545,
X033B-11,420546,
X033A-18,420547,
X033A-21,420548,
X033A-17,420549,
X033A-16,420550,
X031-8,420551,
X031-24,420552,
X031-23,420553,
X031-1,420554,
X031-15,420555,
X031-4,420556,
X031-19,420557,
X031-9,420558,
X031-32,420559,
X031-31,420560,
X031-2,420561,
X031-17,420562,
X031-11,420563,
X031-7,420564,
X033A-7,420565,
X033A-15,420566,
X033A-20,420567,
X033A-19,420568,
X033A-22,420569,
X031-12,420570,
X031-10,420571,
X039-34,420572,
X031-5,420573,
X031-3,420574,
X922F-10,420861,
X922M-5,420862,
X922F-19,420863,
X922M-14,420864,
X922F-4,420865,
X922F-14,420866,
X922F-8,420867,
X922M-10,420868,
X922M-4,420869,
X922M-19,420870,
X922F-5,420871,
X922M-8,420872,
X954M-13,420873,
X954F-13,420874,
X954M-12,420875,
X954F-12,420876,
X954M-1,420877,
X954F-1,420878,
X925F-10,420879,
X925M-8,420880,
X925F-8,420881,
X925M-10,420882,
X925F-14,420883,
X925M-14,420884,
X925M-5,420885,
X925F-5,420886,
X924F-1,420887,
X924F-13,420888,
X924M-24,420889,
X924F-9,420890,
X924M-15,420891,
X924F-25,420892,
X924F-12,420893,
X924M-13,420894,
X924F-16,420895,
X924M-16,420896,
X924M-12,420897,
X924M-1,420898,
X924F-24,420899,
X924F-15,420900,
X924M-25,420901,
X935F-14,420902,
X935F-31,420903,
X935M-15,420904,
X935M-31,420905,
X935M-14,420906,
X935F-15,420907,
X924M-9,420908,
X930F-1,420909,
X930M-10,420910,
X930F-10,420911,
X930M-1,420912,
+DRV01-A,430000,
+DRV04-A,430001,
EXL91-B,430002,
DCR124-A,430003,
SEC71-A,430004,
SEC70-A,430005,
SEC51-A,430006,
EXL72-B,430007,
EXL74-B,430008,
EXL73-B,430009,
INL95-A,430010,
TAS28-A,430011,
TAS27-A,430012,
TAS26-A,430013,
TAS25-A,430014,
TAS16-B,430015,
TAS15-B,430016,
DCR124-B,430017,
SEC04-A,430018,
+DAS05-A,430019,
+DRV04-C,430020,
INL95-B,430021,
SEC70-B,430022,
SEC51-B,430023,
TAS17-A,430024,
TAS16-A,430025,
INL72-A,430026,
PLG11-A,430027,
TAS18-A,430028,
TAS15-A,430029,
EXL91-A,430030,
EXL72-A,430031,
EXL74-A,430032,
+DRV01-C,430033,
+DRV01-B,430034,
AUD81-A,430035,
+BMS01-A,430036,
+DRV04-B,430037,
PLG15-A,430038,
PLG16-A,430039,
DCR123-B,430040,
EXL73-A,430041,
SEC71-B,430042,
DCR123-A,430043,
TAS24-A,430044,
TAS23-A,430045,
TAS22-A,430046,
TAS21-A,430047,
++BMS02_B-A,430048,
TH091-A,430049,
AMP91-A,430050,
++BMS02_C-A,430051,
++BMS02_A-A,430052,
+SRI97_B-A,430053,
+SRI97_A-A,430054,
+SRI97_A-B,430055,
TAS12-A,430056,
TAS11-A,430057,
+BCM03-A,430058,
TAS14-A,430059,
TAS13-A,430060,
X167,430341,
X274,430342,
X340,430343,
X348,430344,
X273,430345,
X127,430346,
X078,430347,
X077,430348,
X162A,430349,
X162B,430350,
X494,430351,
X059,430352,
X297,430353,
X163A,430354,
X050,430355,
X098,430356,
X354,430357,
X167A,430358,
X050,430359,
X163B,430360,
X051,430361,
X562,430362,
X457,430363,
X918M,430364,
X060,430365,
X050,430366,
X918F,430367,
X200,430368,
X057,430369,
X055,430370,
X059,430371,
X098,430372,
X154A,430373,
X309,430374,
X561,430375,
X057,430376,
X010,430377,
X076,430378,
X075,430379,
X926F,430758,
X954F,430759,
X954F,430760,
X970F,430761,
X936M,430762,
X962M,430763,
X936F,430764,
X926M,430765,
X954M,430766,
X954M,430767,
X970M,430768,
X954M,430769,
X954M,430770,
X935F,430771,
X954F,430772,
X935M,430773,
X954F,430774,
X954M,430775,
X954M,430776,
X954F,430777,
X936F,430778,
X926F,430779,
X935M,430780,
X926M,430781,
X962F,430782,
X936M,430783,
X935F,430784,
X954F,430785,
X908M,430786,
X908F,430787,
CHMSL,430380,
Latch Rear Right,430381,interactive.device.latchrearright
Liftgate Cinching Latch,430382,interactive.device.liftgatecinchinglatch
Liftgate Internal Close Switch,430383,interactive.device.liftgateinternalcloseswitch
Liftgate Lamp RH,430384,interactive.device.liftgatelamprh
Adaptive Damper Valve RF,430385,interactive.device.adaptivedampervalverf
Adaptive Damper Valve LF,430386,interactive.device.adaptivedampervalvelf
Camera - Interior,430387,interactive.device.camerainterior
Adaptive Damper Valve RR,430388,interactive.device.adaptivedampervalverr
Adaptive Damper Valve LR,430389,interactive.device.adaptivedampervalvelr
EPB and Adaptive Damper Valve LR,430390,interactive.device.epbandadaptivedampervalvelr
HV Battery,430391,interactive.device.hvbattery
Glass Heater - Rear Defrost,430392,interactive.device.glassheaterreardefrost
"Wheel Speed Sensor, Accelerometer and Adaptive Damper Valve LF Inline",430393,interactive.device.wheelspeedsensoraccelerometerandadaptivedampervalvelfinline
HV Battery,430394,interactive.device.hvbattery
Radio Tuner,430395,interactive.device.radiotuner
Liftgate Power Strut RH,430396,interactive.device.liftgatepowerstrutrh
Premium Amp Audio,430397,interactive.device.premiumampaudio
HV Contactor Disconnect,430398,interactive.device.hvcontactordisconnect
EPB and Adaptive Damper Valve RR,430399,interactive.device.epbandadaptivedampervalverr
Authentication and Heater Right B-Pillar,430400,interactive.device.authenticationandheaterrightbpillar
"Wheel Speed Sensor, Accelerometer and Adaptive Damper Valve RF Inline",430401,interactive.device.wheelspeedsensoraccelerometerandadaptivedampervalverfinline
Restraints Controller,430402,interactive.device.restraintscontroller
Trunk Internal Illumination Right,430403,interactive.device.trunkinternalilluminationright
Body Controller Front,430404,interactive.device.bodycontrollerfront
Accel Pedal Sensor (LHD),430405,interactive.device.accelpedalsensorlhd
Accel Pedal Sensor (RHD),430406,interactive.device.accelpedalsensorrhd
Body Controller Right,430407,interactive.device.bodycontrollerright
Stop,430526,interactive.pin.name.stop
UNLATCH RESET,430527,interactive.pin.name.unlatchreset
UNLATCH OPEN,430528,interactive.pin.name.unlatchopen
Motor +,430529,interactive.pin.name.motorpositive
Motor -,430530,interactive.pin.name.motor
Switch Illumination,430531,interactive.pin.name.switchillumination
Tail/Stop,430532,interactive.pin.name.tailstop
Turn,430533,interactive.pin.name.turn
PWM,430534,
Control +,430535,interactive.pin.name.controlpositive
Control -,430536,interactive.pin.name.control
Control +,430537,interactive.pin.name.controlpositive
Control -,430538,interactive.pin.name.control
Power,430539,interactive.pin.name.power
VEH-12V-BAT,430540,
Defrost+,430541,interactive.pin.name.defrostpositive
Control +,430542,interactive.pin.name.controlpositive
Control -,430543,interactive.pin.name.control
VEH-12V-CONTACTOR-POWER,430544,
ACC,430545,
Hall Signal Power Supply,430546,interactive.pin.name.hallsignalpowersupply
Motor Terminal Open/Extension,430547,interactive.pin.name.motorterminalopenextension
Motor Terminal Close/Retract,430548,interactive.pin.name.motorterminalcloseretract
VbatAccIn14v0,430549,interactive.pin.name.vbataccin14v0
HV Disconnect,430550,interactive.pin.name.hvdisconnect
HV Disconnect,430551,interactive.pin.name.hvdisconnect
VBAT (BLE),430552,interactive.pin.name.vbatble
Heater +,430553,interactive.pin.name.heaterpositive
Control +,430554,interactive.pin.name.controlpositive
Control -,430555,interactive.pin.name.control
PWR2,430556,
PWR,430557,
EFUSE_LOCKOUT,430558,
Accel_Ref1,430559,interactive.pin.name.accelref1
Accel_Ref2,430560,interactive.pin.name.accelref2
Accel_Ref2,430561,interactive.pin.name.accelref2
Accel_Ref1,430562,interactive.pin.name.accelref1
REAR_GLASS_HEATER,430563,
PREMIUM_AMP_ECU,430564,
ACCELERATOR_PEDAL_5V_1,430565,
ACCELERATOR_PEDAL_5V_2,430566,
DAMPER_VALVE_FRONT_LEFT,430567,
DAMPER_VALVE_FRONT_LEFT_RETURN,430568,
DAMPER_VALVE_FRONT_RIGHT,430569,
DAMPER_VALVE_FRONT_RIGHT_RETURN,430570,
DAMPER_VALVE_REAR_LEFT,430571,
DAMPER_VALVE_REAR_LEFT_RETURN,430572,
DAMPER_VALVE_REAR_RIGHT,430573,
DAMPER_VALVE_REAR_RIGHT_RETURN,430574,
CHMSL_BRAKE_LIGHT,430575,
LIFTGATE_RIGHT_BRAKE_TAIL_PWR,430576,
LIFTGATE_RIGHT_BRAKE_TAIL_INTENSITY,430577,
LIFTGATE_RIGHT_TURN_SIGNAL,430578,
LIFTGATE_LATCH_B,430579,
LIFTGATE_LATCH_A,430580,
LIFTGATE_STRUT_SENSOR_POWER,430581,
LIFTGATE_STRUT_CLOSE,430582,
LIFTGATE_STRUT_OPEN,430583,
LIFTGATE_SHUTFACE_SWITCH_LED,430584,
RADIO_TUNER,430585,
HV_CONTROLLER,430586,
BLE_B_PILLAR,430587,
B_PILLAR_HEATER,430588,
DOOR_REAR_LATCH_RELEASE,430589,
DOOR_REAR_LATCH_RESET,430590,
INTERIOR_CAMERA_LED_FAN,430591,
TRUNK_INTERIOR_LED,430592,
RESTRAINT_CONTROL_MODULE,430593,
HV_CONTACTORS,430594,
RESTRAINT_CONTROL_MODULE_PASSTHROUGH_2,430595,
FRONT_EFUSE_LOCKOUT,430596,
RESTRAINT_CONTROL_MODULE_PASSTHROUGH_2,430597,
HV_CONTACTORS_FRUNK_CUTLOOP_PASSTHROUGH_IN,430598,
HV_CONTACTORS_FRUNK_CUTLOOP_PASSTHROUGH_OUT,430599,
13,430600,
20,430601,
15,430602,
6,430603,
10,430604,
3,430605,
10,430606,
12,430607,
11,430608,
18,430609,
6,430610,
14,430611,
15,430612,
1,430613,
14,430614,
2,430615,
11,430616,
3,430617,
20,430618,
18,430619,
5,430620,
12,430621,
1,430622,
13,430623,
3,430624,
5,430625,
2,430626,
3,430627,
15,430628,
15,430629,
Control +,430630,interactive.pin.name.controlpositive
Control -,430631,interactive.pin.name.control
Control +,430632,interactive.pin.name.controlpositive
Control -,430633,interactive.pin.name.control
Control +,430634,interactive.pin.name.controlpositive
Control -,430635,interactive.pin.name.control
Control +,430636,interactive.pin.name.controlpositive
Control -,430637,interactive.pin.name.control
Control +,430638,interactive.pin.name.controlpositive
Control -,430639,interactive.pin.name.control
Control +,430640,interactive.pin.name.controlpositive
Control -,430641,interactive.pin.name.control
Control +,430642,interactive.pin.name.controlpositive
Control -,430643,interactive.pin.name.control
Control +,430644,interactive.pin.name.controlpositive
Control -,430645,interactive.pin.name.control
X274-2,430436,
X340-4,430437,
X340-5,430438,
X348-3,430439,
X273-2,430440,
X273-3,430441,
X273-4,430442,
X076-1,430443,
X076-2,430444,
X075-1,430445,
X075-2,430446,
X127-1,430447,
X098-8,430448,
X309-1,430449,
X154A-5,430450,
X154A-6,430451,
X098-18,430452,
X562-1,430453,
X354-1,430454,
X354-5,430455,
X354-8,430456,
X561-6,430457,
X494-2,430458,
X494-1,430459,
X155A-5,430460,
X155A-6,430461,
X200-27,430462,
X297-1,430463,
X010-21,430464,
X060-2,430465,
X060-1,430466,
X050-27,430467,
X050-50,430468,
X057-16,430469,
X057-17,430470,
X057-5,430471,
X057-4,430472,
X059-35,430473,
X059-36,430474,
X059-33,430475,
X059-32,430476,
X050-23,430477,
X050-37,430478,
X050-36,430479,
X050-32,430480,
X050-13,430481,
X050-12,430482,
X059-16,430483,
X050-62,430484,
X050-63,430485,
X059-20,430486,
X050-45,430487,
X050-39,430488,
X050-20,430489,
X051-45,430490,
X050-31,430491,
X050-54,430492,
X059-19,430493,
X059-18,430494,
X057-1,430495,
X057-14,430496,
X059-14,430497,
X057-2,430498,
X055-33,430499,
X057-26,430500,
X050-19,430501,
X457-3,430502,
X457-4,430503,
X918F-1,430504,
X918M-1,430505,
X167-6,430506,
X167-1,430507,
X167A-1,430508,
X167A-6,430509,
X078-1,430510,
X078-2,430511,
X077-1,430512,
X077-2,430513,
X162A-1,430514,
X162A-2,430515,
X162B-1,430516,
X162B-2,430517,
154AF-5,430518,
154AF-6,430519,
X163A-1,430520,
X163A-2,430521,
X163B-1,430522,
X163B-2,430523,
155AF-5,430524,
155AF-6,430525,
X926F-13,430788,
X954F-20,430789,
X954F-15,430790,
X970F-6,430791,
X936M-10,430792,
X962M-3,430793,
X936F-10,430794,
X926M-12,430795,
X954M-11,430796,
X954M-18,430797,
X970M-6,430798,
X954M-14,430799,
X954M-15,430800,
X935F-1,430801,
X954F-14,430802,
X935M-2,430803,
X954F-11,430804,
X954M-3,430805,
X954M-20,430806,
X954F-18,430807,
X936F-5,430808,
X926F-12,430809,
X935M-1,430810,
X926M-13,430811,
X962F-3,430812,
X936M-5,430813,
X935F-2,430814,
X954F-3,430815,
X908M-15,430816,
X908F-15,430817,
DCR75-A,440000,
DCR72-B,440001,
DCR71-B,440002,
DCR42-A,440003,
DCR21-A,440004,
DCR34-B,440005,
DCR34-C,440006,
DCR34-A,440007,
DCR58-A,440008,
DCR55-A,440009,
DCR53-A,440010,
DCR51-A,440011,
DCR42-B,440012,
DCR60-A,440013,
DCR59-A,440014,
DCR52-A,440015,
DCR56-A,440016,
DCR44-A,440017,
DCR21-B,440018,
DCR75-B,440019,
DCR01-A,440020,
DCR02-A,440021,
DCR71-A,440022,
DCR23-A,440023,
DCR24-A,440024,
DCR72-A,440025,
+ABS54-B,440026,
+ABS64-A,440027,
DCR175-A,440028,
DCR171-B,440029,
DCR144-B,440030,
DCR142-A,440031,
DCR121-A,440032,
DCR102-A,440033,
DCR101-A,440034,
DCR134-A,440035,
DCR134-C,440036,
DCR121-C,440037,
DCR175-C,440038,
DCR171-C,440039,
+ABS63-A,440040,
DCR175-B,440041,
+ABS54-A,440042,
+ABS53-A,440043,
+ABS53-B,440044,
SCR105-A,440045,
DCR171-A,440046,
DCR102-B,440047,
DCR101-B,440048,
DCR144-A,440049,
DCR121-B,440050,
DCR134-B,440051,
DCR142-B,440052,
DCR142-C,440053,
+DRV81-A,440054,
THC91-A,440055,
EXL92-A,440056,
EXL92-C,440057,
INL91-B,440058,
SEC40-A,440059,
EXL31-A,440060,
EXL34-B,440061,
EXL36-A,440062,
EXL84-A,440063,
EXL82-A,440064,
EXL86-B,440065,
EXL81-B,440066,
EXL92-D,440067,
EXL92-B,440068,
EXL34-A,440069,
EXL81-A,440070,
EXL86-A,440071,
EXL82-B,440072,
+DRV81-B,440073,
SEC40-B,440074,
THC91-B,440075,
INL91-A,440076,
EXL32-B,440077,
EXL32-A,440078,
X408,440455,
X409,440456,
X400,440457,
X396,440458,
X401,440459,
X395,440460,
X399,440461,
X053B,440462,
X397,440463,
X406,440464,
X410,440465,
X053A,440466,
X403,440467,
X051,440468,
X163B,440469,
X163A,440470,
X164,440471,
X464,440472,
X465,440473,
X455,440474,
X456,440475,
X466,440476,
X463,440477,
X462,440478,
X677,440479,
X163,440480,
X092,440481,
X303,440482,
X279,440483,
X278,440484,
X129,440485,
X486,440486,
X264,440487,
X265,440488,
X050,440489,
X923F,440912,
X923M,440913,
X923M,440914,
X923F,440915,
X923F,440916,
X923M,440917,
X923M,440918,
X923M,440919,
X923F,440920,
X923F,440921,
X923F,440922,
X923M,440923,
X927M,440924,
X927F,440925,
X927M,440926,
X927F,440927,
X927M,440928,
X927F,440929,
X927M,440930,
X927F,440931,
X927M,440932,
X927F,440933,
X926F,440934,
X926M,440935,
X926M,440936,
X926M,440937,
X926F,440938,
X926F,440939,
X926M,440940,
X926F,440941,
X926M,440942,
X926M,440943,
X926F,440944,
X926M,440945,
X926F,440946,
X926F,440947,
X926F,440948,
X926M,440949,
X954M,440950,
X949F,440951,
X962F,440952,
X935F,440953,
X949F,440954,
X949M,440955,
X949F,440956,
X949F,440957,
X949M,440958,
X935M,440959,
X962F,440960,
X949M,440961,
X949M,440962,
X954F,440963,
X949F,440964,
X962M,440965,
X949M,440966,
X952F,440967,
X952M,440968,
X962M,440969,
Z1-EXL92,440365,
Ambient Light - Front Right Door,440490,interactive.device.ambientlightfrontrightdoor
Ambient Light - Rear Right Door,440491,interactive.device.ambientlightrearrightdoor
Blind Spot Indicator RH,440492,interactive.device.blindspotindicatorrh
Door Map Pocket LED Front Right,440493,interactive.device.doormappocketledfrontright
Door Map Pocket LED Rear Right,440494,interactive.device.doormappocketledrearright
Exterior Open Switch Rear Right,440495,interactive.device.exterioropenswitchrearright
Humidity and Glass Temp,440496,interactive.device.humidityandglasstemp
Interior Open Switch Front Right,440497,interactive.device.interioropenswitchfrontright
Interior Open Switch Rear Right,440498,interactive.device.interioropenswitchrearright
License Plate Light Left,440499,interactive.device.licenseplatelightleft
License Plate Light Right,440500,interactive.device.licenseplatelightright
Mirror - Rear View - Electrochromatic,440501,interactive.device.mirrorrearviewelectrochromatic
Puddle LED Front Right,440502,interactive.device.puddleledfrontright
Puddle LED Rear Right,440503,interactive.device.puddleledrearright
Radar Interior,440504,interactive.device.radarinterior
Rear Fascia Lamp LH,440505,interactive.device.rearfascialamplh
Rear Fascia Lamp RH,440506,interactive.device.rearfascialamprh
Window Lift Motor Rear Right,440507,interactive.device.windowliftmotorrearright
Window Switch Driver Front Right,440508,interactive.device.windowswitchdriverfrontright
Window Switch Pass Front Right,440509,interactive.device.windowswitchpassfrontright
Window Switch RR,440510,interactive.device.windowswitchrr
Park Brake Caliper RH - EPB side,440511,interactive.device.parkbrakecaliperrhepbside
Mirror Right Premium,440512,interactive.device.mirrorrightpremium
EPB and Adaptive Damper Valve RR,440513,interactive.device.epbandadaptivedampervalverr
2R Heat Pad Backrest Right,440514,interactive.device.2rheatpadbackrestright
EPB Right,440515,interactive.device.epbright
Latch Front Right,440516,interactive.device.latchfrontright
Window Lift Motor Front Right,440517,interactive.device.windowliftmotorfrontright
Exterior Open Switch Front Right,440518,interactive.device.exterioropenswitchfrontright
Drive Unit Oil Pump Rear,440519,interactive.device.driveunitoilpumprear
Body Controller Right,440520,interactive.device.bodycontrollerright
PWR,440646,
PWR,440647,
PWR,440648,
Power,440649,interactive.pin.name.power
Power,440650,interactive.pin.name.power
Sensor Power,440651,interactive.pin.name.sensorpower
Power,440652,interactive.pin.name.power
Illumination,440653,interactive.pin.name.illumination
Illumination,440654,interactive.pin.name.illumination
Power,440655,interactive.pin.name.power
Power,440656,interactive.pin.name.power
EC+,440657,
PWR,440658,
PWR,440659,
12V,440660,
Reverse,440661,interactive.pin.name.reverse
Turn,440662,interactive.pin.name.turn
Tail,440663,interactive.pin.name.tail
Tail,440664,interactive.pin.name.tail
Fog,440665,
Reverse,440666,interactive.pin.name.reverse
Turn,440667,interactive.pin.name.turn
Tail,440668,interactive.pin.name.tail
Reverse,440669,interactive.pin.name.reverse
Fog,440670,
Fog,440671,
MOTOR +,440672,interactive.pin.name.motorpositive
MOTOR -,440673,interactive.pin.name.motor
Illumination,440674,interactive.pin.name.illumination
LED,440675,
LED,440676,
Power - Release,440677,interactive.pin.name.powerrelease
Power - Apply,440678,interactive.pin.name.powerapply
Heater (+),440679,interactive.pin.name.heaterpositive
EC (+),440680,
"Fold (-), Unfold (+)",440681,interactive.pin.name.foldunfoldpositive
Motor Common,440682,interactive.pin.name.motorcommon
"Motor Tilt (Up+, Down-)",440683,interactive.pin.name.motortiltuppositivedown
"Motor Pan (Left-, Right+)",440684,interactive.pin.name.motorpanleftrightpositive
"Fold (+), Unfold (-)",440685,interactive.pin.name.foldpositiveunfold
Position Vref 5V,440686,interactive.pin.name.positionvref5v
Power - Release,440687,interactive.pin.name.powerrelease
Power - Apply,440688,interactive.pin.name.powerapply
Power - Release,440689,interactive.pin.name.powerrelease
Power - Apply,440690,interactive.pin.name.powerapply
Heater + 12V,440691,interactive.pin.name.heaterpositive12v
Power - Release,440692,interactive.pin.name.powerrelease
Power - Apply,440693,interactive.pin.name.powerapply
UNLATCH OPEN,440694,interactive.pin.name.unlatchopen
UNLATCH RESET,440695,interactive.pin.name.unlatchreset
MOTOR +,440696,interactive.pin.name.motorpositive
MOTOR -,440697,interactive.pin.name.motor
Sensor Power,440698,interactive.pin.name.sensorpower
Power,440699,interactive.pin.name.power
MIRROR_HEAT,440700,
MIRROR_UNFOLD,440701,
MIRROR_TILT_COMMON,440702,
MIRROR_TILT_UP_DOWN,440703,
MIRROR_TILT_LEFT_RIGHT,440704,
MIRROR_FOLD,440705,
MIRROR_TILT_POSITION_5V,440706,
DOOR_FRONT_WINDOW_SWITCH_LED,440707,
DOOR_FRONT_INTERIOR_HANDLE_SWITCH_LED,440708,
DOOR_FRONT_EXTERIOR_HANDLE_SENSOR_5V,440709,
WINDOW_LIFT_FRONT_UP,440710,
WINDOW_LIFT_FRONT_DOWN,440711,
MIRROR_DIM,440712,
DOOR_FRONT_LATCH_RELEASE,440713,
DOOR_FRONT_LATCH_RESET,440714,
DOOR_FRONT_PUDDLE_LED,440715,
DOOR_REAR_EXTERIOR_HANDLE_SENSOR_5V,440716,
DOOR_REAR_WINDOW_SWITCH_LED,440717,
DOOR_REAR_PUDDLE_LED,440718,
DOOR_REAR_INTERIOR_HANDLE_SWITCH_LED,440719,
WINDOW_LIFT_REAR_DOWN,440720,
WINDOW_LIFT_REAR_UP,440721,
MIRROR_REAR_VIEW_DIM,440722,
DOOR_FRONT_MAP_POCKET_LED,440723,
DOOR_FRONT_BLIND_SPOT_INDICATOR_LED,440724,
DOOR_FRONT_RGB,440725,
DOOR_REAR_MAP_POCKET_LED,440726,
DOOR_REAR_RGB,440727,
2R_SEAT_RIGHT_HEAT_PAD_BACKREST,440728,
PARKING_BRAKE_RELEASE,440729,
PARKING_BRAKE_APPLY,440730,
LICENSE_PLATE_LIGHTS,440731,
INTERIOR_RADAR,440732,
OIL_PUMP_REAR_DRIVE_UNIT,440733,
LIGHT_AND_HUMIDITY_SENSOR,440734,
REAR_FASCIA_TURN_SIGNAL_RIGHT,440735,
REAR_FASCIA_FOG_LIGHT_LEFT_RIGHT,440736,
REAR_FASCIA_REVERSE_LIGHT_LEFT_RIGHT,440737,
REAR_FASCIA_TAIL_LIGHT_LEFT_RIGHT,440738,
REAR_FASCIA_TURN_SIGNAL_LEFT,440739,
4,440740,
5,440741,
19,440742,
14,440743,
8,440744,
14,440745,
10,440746,
4,440747,
5,440748,
10,440749,
19,440750,
8,440751,
10,440752,
10,440753,
8,440754,
8,440755,
5,440756,
5,440757,
19,440758,
19,440759,
14,440760,
14,440761,
22,440762,
16,440763,
25,440764,
22,440765,
1,440766,
15,440767,
1,440768,
23,440769,
15,440770,
9,440771,
24,440772,
23,440773,
16,440774,
9,440775,
25,440776,
24,440777,
7,440778,
10,440779,
7,440780,
10,440781,
4,440782,
5,440783,
5,440784,
3,440785,
4,440786,
10,440787,
1,440788,
3,440789,
1,440790,
7,440791,
1,440792,
1,440793,
10,440794,
10,440795,
10,440796,
7,440797,
X408-1,440552,
X464-1,440553,
X409-1,440554,
X400-1,440555,
X465-1,440556,
X455-4,440557,
X303-1,440558,
X396-2,440559,
X456-2,440560,
X279-1,440561,
X278-1,440562,
X129-1,440563,
X401-1,440564,
X466-1,440565,
X486-3,440566,
X264-1,440567,
X264-2,440568,
X264-4,440569,
X264-5,440570,
X264-6,440571,
X265-1,440572,
X265-2,440573,
X265-4,440574,
X265-5,440575,
X265-6,440576,
X265-7,440577,
X463-1,440578,
X463-5,440579,
X395-5,440580,
X399-1,440581,
X462-1,440582,
X164-1,440583,
X164-2,440584,
X406-1,440585,
X406-14,440586,
X406-10,440587,
X406-8,440588,
X406-9,440589,
X406-3,440590,
X406-2,440591,
X406-4,440592,
X163A-3,440593,
X163A-4,440594,
X163B-3,440595,
X163B-4,440596,
X677-2,440597,
X163-1,440598,
X163-2,440599,
X410-4,440600,
X410-3,440601,
X403-1,440602,
X403-5,440603,
X397-4,440604,
X092-1,440605,
X053B-22,440606,
X053B-23,440607,
X053B-14,440608,
X053B-13,440609,
X053B-12,440610,
X053B-11,440611,
X053B-8,440612,
X053B-10,440613,
X053B-9,440614,
X053A-21,440615,
X053A-1,440616,
X053A-2,440617,
X053B-21,440618,
X053A-4,440619,
X053A-3,440620,
X053A-8,440621,
X051-11,440622,
X051-22,440623,
X051-25,440624,
X051-21,440625,
X051-1,440626,
X051-2,440627,
X051-26,440628,
X053A-9,440629,
X053A-14,440630,
X053A-15,440631,
X051-6,440632,
X051-44,440633,
X051-17,440634,
X051-4,440635,
X051-5,440636,
X051-38,440637,
X051-10,440638,
X051-3,440639,
X051-7,440640,
X051-24,440641,
X051-39,440642,
X051-9,440643,
X051-41,440644,
X050-47,440645,
X923F-4,440970,
X923M-5,440971,
X923M-19,440972,
X923F-14,440973,
X923F-8,440974,
X923M-14,440975,
X923M-10,440976,
X923M-4,440977,
X923F-5,440978,
X923F-10,440979,
X923F-19,440980,
X923M-8,440981,
X927M-10,440982,
X927F-10,440983,
X927M-8,440984,
X927F-8,440985,
X927M-5,440986,
X927F-5,440987,
X927M-19,440988,
X927F-19,440989,
X927M-14,440990,
X927F-14,440991,
X926F-22,440992,
X926M-16,440993,
X926M-25,440994,
X926M-22,440995,
X926F-1,440996,
X926F-15,440997,
X926M-1,440998,
X926F-23,440999,
X926M-15,441000,
X926M-9,441001,
X926F-24,441002,
X926M-23,441003,
X926F-16,441004,
X926F-9,441005,
X926F-25,441006,
X926M-24,441007,
X954M-7,441008,
X949F-10,441009,
X962F-7,441010,
X935F-10,441011,
X949F-4,441012,
X949M-5,441013,
X949F-5,441014,
X949F-3,441015,
X949M-4,441016,
X935M-10,441017,
X962F-1,441018,
X949M-3,441019,
X949M-1,441020,
X954F-7,441021,
X949F-1,441022,
X962M-1,441023,
X949M-10,441024,
X952F-10,441025,
X952M-10,441026,
X962M-7,441027,
THC63-A,450000,
THC64-A,450001,
INL42-A,450002,
INL52-A,450003,
INL53-A,450004,
THC15-B,450005,
THC38-B,450006,
THC36-B,450007,
SCR01-A,450008,
SCR22-A,450009,
SCR21-A,450010,
SCR37-A,450011,
SCR35-A,450012,
SCR09-A,450013,
SCR10-A,450014,
SCR43-A,450015,
SCR44-A,450016,
SCR15-A,450017,
SCR30-A,450018,
SCR23-A,450019,
SCR24-A,450020,
THC35-B,450021,
THC13-C,450022,
THC13-A,450023,
THC35-C,450024,
THC35-A,450025,
THC33-C,450026,
THC33-A,450027,
THC33-B,450028,
THC13-B,450029,
THC38-A,450030,
THC36-A,450031,
THC15-A,450032,
SCR13-A,450033,
X542,450201,
X281,450202,
X188,450203,
X186,450204,
X546,450205,
X619R,450206,
X618R,450207,
X626R,450208,
X625R,450209,
X613R,450210,
X621R,450211,
X617R,450212,
X653,450213,
X614R,450214,
X559,450215,
X616R,450216,
X055,450217,
X052,450218,
X990M,450424,
X990F,450425,
X990M,450426,
X990F,450427,
X990F,450428,
X990M,450429,
X990M,450430,
X990F,450431,
X990M,450432,
X990F,450433,
X990M,450434,
X990F,450435,
Cabin Thermistors,450219,interactive.device.cabinthermistors
Footwell LED Front Right,450220,interactive.device.footwellledfrontright
Glove Box - LED,450221,interactive.device.gloveboxled
Glove Box - Magnetic Latches,450222,interactive.device.gloveboxmagneticlatches
Vertical Vanes Left,450223,interactive.device.verticalvanesleft
Seat Track Motor Front Right,450224,interactive.device.seattrackmotorfrontright
Ventilation Fan Backrest Front Right,450225,interactive.device.ventilationfanbackrestfrontright
Ventilation Fan Cushion Front Right,450226,interactive.device.ventilationfancushionfrontright
Seat Lift Motor Front Right,450227,interactive.device.seatliftmotorfrontright
Seat Backrest Pitch Front Right,450228,interactive.device.seatbackrestpitchfrontright
Lumbar Front Right,450229,interactive.device.lumbarfrontright
Heat Pad Cushion Front Right,450230,interactive.device.heatpadcushionfrontright
Seat Tilt Motor Front Right,450231,interactive.device.seattiltmotorfrontright
Occupant Classification System (OCS),450232,interactive.device.occupantclassificationsystemocs
Lateral Vanes Left,450233,interactive.device.lateralvanesleft
Heat Pad Backrest Front Right,450234,interactive.device.heatpadbackrestfrontright
Body Controller Right,450235,interactive.device.bodycontrollerright
Motor +,450303,interactive.pin.name.motorpositive
Motor -,450304,interactive.pin.name.motor
PWR,450305,
PWR,450306,
Solenoid Input,450307,interactive.pin.name.solenoidinput
Duct Open,450308,interactive.pin.name.ductopen
Duct Position 5v,450309,interactive.pin.name.ductposition5v
Duct Close,450310,interactive.pin.name.ductclose
Aft,450311,
Fore,450312,interactive.pin.name.fore
Power,450313,interactive.pin.name.power
Power,450314,interactive.pin.name.power
Down,450315,interactive.pin.name.down
Up,450316,
"Power (U+ = SEAT REARWARD, CCW)",450317,interactive.pin.name.powerupositiveseatrearwardccw
"Power (U+ = SEAT FORWARD, CW)",450318,interactive.pin.name.powerupositiveseatforwardcw
ECU & Pump Power Input,450319,interactive.pin.name.ecupumppowerinput
Heater Supply,450320,interactive.pin.name.heatersupply
Up,450321,
Down,450322,interactive.pin.name.down
Power,450323,interactive.pin.name.power
Duct Position 5v,450324,interactive.pin.name.ductposition5v
Duct Open,450325,interactive.pin.name.ductopen
Duct Close,450326,interactive.pin.name.ductclose
Heat +12V,450327,interactive.pin.name.heatpositive12v
SEAT_FRONT_TRACK_REVERSE,450328,
SEAT_FRONT_TRACK_FORWARD,450329,
SEAT_FRONT_BACKREST_DOWN,450330,
SEAT_FRONT_BACKREST_UP,450331,
LUMBAR_ECU,450332,
SEAT_FRONT_TILT_UP,450333,
SEAT_FRONT_TILT_DOWN,450334,
SEAT_FRONT_HEAT_PAD_CUSHION,450335,
SEAT_FRONT_HEAT_PAD_BACKREST,450336,
SEAT_FRONT_LIFT_DOWN,450337,
SEAT_FRONT_LIFT_UP,450338,
HVAC_LEFT_LATERAL_VANE_DUCT_CLOSE,450339,
HVAC_LEFT_LATERAL_VANE_DUCT_OPEN,450340,
HVAC_LEFT_LATERAL_VANE_POSITION_5V,450341,
GLOVE_BOX_LATCH_RELEASE,450342,
GLOVE_BOX_LED,450343,
HVAC_CABIN_TEMP_FAN_GROUND,450344,
HVAC_CABIN_TEMP_FAN,450345,
FOOTWELL_LED_FRONT,450346,
SEAT_FRONT_VENT_FAN_CUSHION,450347,
OCCUPANT_CLASSIFICATION_ECU,450348,
SEAT_FRONT_VENT_FAN_BACKREST,450349,
HVAC_LEFT_VERTICAL_VANE_DUCT_OPEN,450350,
HVAC_LEFT_VERTICAL_VANE_DUCT_CLOSE,450351,
HVAC_LEFT_VERTICAL_VANE_POSITION_5V,450352,
8,450353,
11,450354,
1,450355,
8,450356,
1,450357,
11,450358,
5,450359,
5,450360,
12,450361,
12,450362,
2,450363,
2,450364,
X542-3,450253,
X542-4,450254,
X281-1,450255,
X188-1,450256,
X186-1,450257,
X546-3,450258,
X546-4,450259,
X546-7,450260,
X614R-5,450261,
X614R-1,450262,
X626R-1,450263,
X625R-1,450264,
X618R-3,450265,
X618R-1,450266,
X613R-3,450267,
X613R-1,450268,
X619R-1,450269,
X617R-2,450270,
X621R-3,450271,
X621R-1,450272,
X653-1,450273,
X559-4,450274,
X559-3,450275,
X559-7,450276,
X616R-2,450277,
X052-26,450278,
X052-27,450279,
X052-29,450280,
X052-30,450281,
X052-34,450282,
X052-46,450283,
X052-47,450284,
X052-51,450285,
X052-52,450286,
X052-49,450287,
X052-50,450288,
X055-27,450289,
X055-26,450290,
X055-19,450291,
X055-17,450292,
X055-15,450293,
X055-13,450294,
X055-14,450295,
X055-12,450296,
X052-9,450297,
X052-20,450298,
X052-10,450299,
X055-28,450300,
X055-29,450301,
X055-2,450302,
X990M-8,450436,
X990F-11,450437,
X990M-1,450438,
X990F-8,450439,
X990F-1,450440,
X990M-11,450441,
X990M-5,450442,
X990F-5,450443,
X990M-12,450444,
X990F-12,450445,
X990M-2,450446,
X990F-2,450447,
+SRS22-A,460000,
+SRS18-A,460001,
+SRS17-A,460002,
+SRS19-A,460003,
+SRS20-A,460004,
+SRS16-A,460005,
+SRS15-A,460006,
+SRS13-A,460007,
+SRS14-A,460008,
+SRS12-A,460009,
+SRS11-A,460010,
+SRS21-A,460011,
+SRS27_A-A,460012,
+SRS28_A-A,460013,
+SRS45_A-A,460014,
+SRS46_A-A,460015,
+SRS09-A,460016,
+SRS07-A,460017,
+SRS10-A,460018,
+SRS08-A,460019,
+SRS05-A,460020,
+SRS06-A,460021,
+SRS24-B,460022,
+SRS23-B,460023,
+SRS44_A-A,460024,
+SRS43_A-A,460025,
+SRS49-B,460026,
+SRS48-B,460027,
+SRS50-B,460028,
+SRS25_A-A,460029,
+SRS26_A-A,460030,
+SRS47-B,460031,
+SRS23-A,460032,
+SRS24-A,460033,
+SRS44_B-A,460034,
+SRS43_B-A,460035,
+SRS46_B-A,460036,
+SRS45_B-A,460037,
CLOCKSPRING3-A,460038,
CLOCKSPRING4-A,460039,
CLOCKSPRING5-A,460040,
CLOCKSPRING2-A,460041,
CLOCKSPRING6-A,460042,
CLOCKSPRING1-A,460043,
+SRS26_B-A,460044,
+SRS25_B-A,460045,
+SRS27_B-A,460046,
+SRS28_B-A,460047,
+SRS47-A,460048,
+SRS48-A,460049,
+SRS50-A,460050,
+SRS49-A,460051,
X225,460314,
X226,460315,
X244,460316,
X245,460317,
X232,460318,
X227,460319,
X233,460320,
X231,460321,
X230,460322,
X229,460323,
X237,460324,
X238,460325,
X052,460326,
X055,460327,
X052,460328,
X055,460329,
X250,460330,
X251,460331,
X183,460332,
X180,460333,
X035,460334,
X032,460335,
X201,460336,
X032,460337,
X200,460338,
X200,460339,
X201,460340,
X035,460341,
X936M,460655,
X936F,460656,
X936F,460657,
X909F,460658,
X909M,460659,
X909M,460660,
X909M,460661,
X909F,460662,
X909M,460663,
X909F,460664,
X909F,460665,
X936M,460666,
Body Controller Right,460342,interactive.device.bodycontrollerright
Body Controller Left,460343,interactive.device.bodycontrollerleft
Restraints Controller,460344,interactive.device.restraintscontroller
Body Controller Left,460345,interactive.device.bodycontrollerleft
Airbag - Curtain - Left,460346,interactive.device.airbagcurtainleft
Airbag - Curtain - Right,460347,interactive.device.airbagcurtainright
Airbag - Driver Inboard FL,460348,interactive.device.airbagdriverinboardfl
Airbag - Driver Inboard FR,460349,interactive.device.airbagdriverinboardfr
Airbag - Driver Knee,460350,interactive.device.airbagdriverknee
Airbag - Driver,460351,interactive.device.airbagdriver
Airbag - Passenger Knee,460352,interactive.device.airbagpassengerknee
Airbag - Passenger,460353,interactive.device.airbagpassenger
Airbag - Side Seat FL,460354,interactive.device.airbagsideseatfl
Airbag - Side Seat FR,460355,interactive.device.airbagsideseatfr
Pyrotechnic Hood Lifter - LH,460356,interactive.device.pyrotechnichoodlifterlh
Pyrotechnic Hood Lifter - RH,460357,interactive.device.pyrotechnichoodlifterrh
Steering Column Control Module (SCCM),460358,interactive.device.steeringcolumncontrolmodulesccm
Body Controller Right,460359,interactive.device.bodycontrollerright
DRIVER_INBOARD_AIRBAG_PASSTHROUGH_P,460468,
DRIVER_INBOARD_AIRBAG_PASSTHROUGH_N,460469,
DRIVER_INBOARD_AIRBAG_PASSTHROUGH_P,460470,
DRIVER_INBOARD_AIRBAG_PASSTHROUGH_N,460471,
DRIVER_INBOARD_AIRBAG_PASSTHROUGH_P,460472,
DRIVER_INBOARD_AIRBAG_PASSTHROUGH_N,460473,
DRIVER_INBOARD_AIRBAG_PASSTHROUGH_P,460474,
DRIVER_INBOARD_AIRBAG_PASSTHROUGH_N,460475,
Driver Front Airbag Stage 1 High,460476,interactive.pin.name.driverfrontairbagstage1high
Driver Front Airbag Stage 1 Low,460477,interactive.pin.name.driverfrontairbagstage1low
Driver Front Airbag Stage 2 High,460478,interactive.pin.name.driverfrontairbagstage2high
Driver Front Airbag Stage 2 Low,460479,interactive.pin.name.driverfrontairbagstage2low
Driver Airbag Active Vent High,460480,interactive.pin.name.driverairbagactiveventhigh
Driver Airbag Active Vent Low,460481,interactive.pin.name.driverairbagactiveventlow
Passenger Front Airbag Stage 1 High,460482,interactive.pin.name.passengerfrontairbagstage1high
Passenger Front Airbag Stage 1 Low,460483,interactive.pin.name.passengerfrontairbagstage1low
Passenger Front Airbag Stage 2 High,460484,interactive.pin.name.passengerfrontairbagstage2high
Passenger Front Airbag Stage 2 Low,460485,interactive.pin.name.passengerfrontairbagstage2low
Passenger Active Vent High,460486,interactive.pin.name.passengeractiveventhigh
Passenger Active Vent Low,460487,interactive.pin.name.passengeractiveventlow
Driver Knee Airbag High,460488,interactive.pin.name.driverkneeairbaghigh
Driver Knee Airbag Low,460489,interactive.pin.name.driverkneeairbaglow
Passenger Knee Airbag High,460490,interactive.pin.name.passengerkneeairbaghigh
Passenger Knee Airbag Low,460491,interactive.pin.name.passengerkneeairbaglow
Left Curtain Airbag High,460492,interactive.pin.name.leftcurtainairbaghigh
Left Curtain Airbag Low,460493,interactive.pin.name.leftcurtainairbaglow
Right Curtain Airbag High,460494,interactive.pin.name.rightcurtainairbaghigh
Right Curtain Airbag Low,460495,interactive.pin.name.rightcurtainairbaglow
First Row Left Seat Side Airbag High,460496,interactive.pin.name.firstrowleftseatsideairbaghigh
First Row Left Seat Side Airbag Low,460497,interactive.pin.name.firstrowleftseatsideairbaglow
First Row Right Seat Side Airbag High,460498,interactive.pin.name.firstrowrightseatsideairbaghigh
First Row Right Seat Side Airbag Low,460499,interactive.pin.name.firstrowrightseatsideairbaglow
Driver Inboard Airbag - Far Side - High,460500,interactive.pin.name.driverinboardairbagfarsidehigh
Driver Inboard Airbag - Far Side - Low,460501,interactive.pin.name.driverinboardairbagfarsidelow
Left Active Hood Actuator Low,460502,interactive.pin.name.leftactivehoodactuatorlow
Left Active Hood Actuator High,460503,interactive.pin.name.leftactivehoodactuatorhigh
Right Active Hood Actuator Low,460504,interactive.pin.name.rightactivehoodactuatorlow
Right Active Hood Actuator High,460505,interactive.pin.name.rightactivehoodactuatorhigh
SEAT_SIDE_AIRBAG_PASSTHROUGH_P,460506,
SEAT_SIDE_AIRBAG_PASSTHROUGH_N,460507,
SEAT_SIDE_AIRBAG_PASSTHROUGH_P,460508,
SEAT_SIDE_AIRBAG_PASSTHROUGH_N,460509,
FLIC+,460510,
FLIC-,460511,
FLIC+,460512,
FLIC-,460513,
FLIC-,460514,
FLIC+,460515,
FLIC+,460516,
FLIC-,460517,
FLIC+,460518,
FLIC-,460519,
DABStage1+,460520,interactive.pin.name.dabstage1positive
DABStage1-,460521,interactive.pin.name.dabstage1negative
DABStage2+,460522,interactive.pin.name.dabstage2positive
DABStage2-,460523,interactive.pin.name.dabstage2negative
DABStage3+,460524,interactive.pin.name.dabstage3positive
DABStage3-,460525,interactive.pin.name.dabstage3negative
FLIC+,460526,
FLIC-,460527,
Stage 1 FLIC+,460528,interactive.pin.name.stage1flicpositive
Stage 1 FLIC-,460529,interactive.pin.name.stage1flicnegative
Stage 2 FLIC+,460530,interactive.pin.name.stage2flicpositive
Stage 2 FLIC-,460531,interactive.pin.name.stage2flicnegative
Active Vent FLIC+,460532,interactive.pin.name.activeventflicpositive
Active Vent FLIC-,460533,interactive.pin.name.activeventflicnegative
FLIC+,460534,
FLIC-,460535,
FLIC+,460536,
PHL-,460537,
PHL+,460538,
PHL+,460539,
PHL-,460540,
DABStage1+ (in),460541,interactive.pin.name.dabstage1positivein
DABStage1- (in),460542,interactive.pin.name.dabstage1negativein
DABStage2+ (in),460543,interactive.pin.name.dabstage2positivein
DABStage2- (in),460544,interactive.pin.name.dabstage2negativein
DABStage3+ (in),460545,interactive.pin.name.dabstage3positivein
DABStage3- (in),460546,interactive.pin.name.dabstage3negativein
DABStage1+ (out),460547,interactive.pin.name.dabstage1positiveout
DABStage1- (out),460548,interactive.pin.name.dabstage1negativeout
DABStage2+ (out),460549,interactive.pin.name.dabstage2positiveout
DABStage2- (out),460550,interactive.pin.name.dabstage2negativeout
DABStage3+ (out),460551,interactive.pin.name.dabstage3positiveout
DABStage3- (out),460552,interactive.pin.name.dabstage3negativeout
SEAT_SIDE_AIRBAG_PASSTHROUGH_P,460553,
SEAT_SIDE_AIRBAG_PASSTHROUGH_N,460554,
SEAT_SIDE_AIRBAG_PASSTHROUGH_P,460555,
SEAT_SIDE_AIRBAG_PASSTHROUGH_N,460556,
2,460557,
3,460558,
2,460559,
9,460560,
18,460561,
10,460562,
19,460563,
18,460564,
9,460565,
19,460566,
10,460567,
3,460568,
X055-7,460378,
X055-6,460379,
X052-1,460380,
X052-2,460381,
X035-1,460382,
X035-2,460383,
X032-8,460384,
X032-7,460385,
X200-17,460386,
X200-16,460387,
X200-21,460388,
X200-20,460389,
X200-9,460390,
X200-10,460391,
X200-14,460392,
X200-15,460393,
X200-18,460394,
X200-19,460395,
X200-5,460396,
X200-6,460397,
X200-25,460398,
X200-24,460399,
X200-22,460400,
X200-23,460401,
X201-12,460402,
X201-11,460403,
X201-9,460404,
X201-10,460405,
X200-4,460406,
X200-3,460407,
X200-1,460408,
X200-2,460409,
X200-8,460410,
X200-7,460411,
X201-7,460412,
X201-8,460413,
X201-6,460414,
X201-5,460415,
X035-16,460416,
X035-32,460417,
X032-25,460418,
X032-24,460419,
X225-1,460420,
X225-2,460421,
X226-1,460422,
X226-2,460423,
X244-2,460424,
X244-1,460425,
X245-1,460426,
X245-2,460427,
X232-1,460428,
X232-2,460429,
X227-1,460430,
X227-2,460431,
X227-3,460432,
X227-4,460433,
X227-5,460434,
X227-6,460435,
X233-1,460436,
X233-2,460437,
X229-1,460438,
X229-2,460439,
X230-1,460440,
X230-2,460441,
X231-1,460442,
X231-2,460443,
X237-1,460444,
X237-2,460445,
X238-1,460446,
X238-2,460447,
X250-2,460448,
X250-1,460449,
X251-1,460450,
X251-2,460451,
X180-8,460452,
X180-9,460453,
X180-10,460454,
X180-11,460455,
X180-12,460456,
X180-13,460457,
X183-1,460458,
X183-2,460459,
X183-3,460460,
X183-4,460461,
X183-5,460462,
X183-6,460463,
X055-8,460464,
X055-9,460465,
X052-14,460466,
X052-15,460467,
X936M-2,460667,
X936F-3,460668,
X936F-2,460669,
X909F-9,460670,
X909M-18,460671,
X909M-10,460672,
X909M-19,460673,
X909F-18,460674,
X909M-9,460675,
X909F-19,460676,
X909F-10,460677,
X936M-3,460678,
+CPT16-A,470000,
+CPT15-A,470001,
+SRS03_B-A,470002,
+SRS04_B-A,470003,
+SRS38_B-A,470004,
+SRS37_B-A,470005,
+ENS10_B-B,470006,
+ENS10_B-C,470007,
+SRS32-A,470008,
+SRS30-A,470009,
+SRS29-A,470010,
+SRS51-A,470011,
+SRS52-A,470012,
+SRS36-A,470013,
+SRS35-A,470014,
+SRS34-B,470015,
+SRS33-B,470016,
+SRS39-A,470017,
+SRS40-A,470018,
+SRS41-A,470019,
+SRS42-A,470020,
+ENS20-A,470021,
+SRS34-A,470022,
+SRS35-B,470023,
+SRS38_A-A,470024,
+SRS37_A-A,470025,
+ENS10_B-A,470026,
+SRS33-A,470027,
+ENS10_A-A,470028,
+SRS36-B,470029,
+ENS20-B,470030,
+SRS42-B,470031,
+SRS41-B,470032,
+SRS04_A-A,470033,
+SRS03_A-A,470034,
+SRS31-A,470035,
X215,470208,
X216,470209,
X173,470210,
X173A,470211,
X221,470212,
X217,470213,
X213,470214,
X222,470215,
X218,470216,
X219,470217,
X220,470218,
X098,470219,
X055,470220,
X051,470221,
X055,470222,
X059,470223,
X052,470224,
X201,470225,
X032,470226,
X035,470227,
X200,470228,
X200,470229,
X201,470230,
X200,470231,
X201,470232,
X936F,470441,
X936M,470442,
X908F,470443,
X936F,470444,
X936M,470445,
X908M,470446,
X936F,470447,
X936M,470448,
X935M,470449,
X935F,470450,
X935F,470451,
X935M,470452,
X935F,470453,
X935M,470454,
X936F,470455,
X936M,470456,
MCU (LHD),470233,interactive.device.mculhd
MCU (RHD),470234,interactive.device.mcurhd
HV Battery,470235,interactive.device.hvbattery
Body Controller Right,470236,interactive.device.bodycontrollerright
Restraints Controller,470237,interactive.device.restraintscontroller
Body Controller Left,470238,interactive.device.bodycontrollerleft
Lap Pretensioner - FL,470239,interactive.device.lappretensionerfl
Lap Pretensioner - FR,470240,interactive.device.lappretensionerfr
Retractor - FL,470241,interactive.device.retractorfl
Retractor - FR,470242,interactive.device.retractorfr
Retractor - RL,470243,interactive.device.retractorrl
Retractor - RR,470244,interactive.device.retractorrr
Body Controller Right,470245,interactive.device.bodycontrollerright
RCM-ENS-IN,470312,
RCM-ENS-IN,470313,
RCM-ENS-IN,470314,
ECALL_PASSTHROUGH,470315,
ECALL_PASSTHROUGH,470316,
ENS2,470317,
Right Retractor Pretensioner High,470318,interactive.pin.name.rightretractorpretensionerhigh
Right Retractor Pretensioner Low,470319,interactive.pin.name.rightretractorpretensionerlow
Left Retractor Pretensioner Low,470320,interactive.pin.name.leftretractorpretensionerlow
Left Retractor Pretensioner High,470321,interactive.pin.name.leftretractorpretensionerhigh
First Row Right Seatbelt Load Limiter Low,470322,interactive.pin.name.firstrowrightseatbeltloadlimiterlow
First Row Right Seatbelt Load Limiter High,470323,interactive.pin.name.firstrowrightseatbeltloadlimiterhigh
First Row Left Seatbelt Load Limiter High,470324,interactive.pin.name.firstrowleftseatbeltloadlimiterhigh
First Row Left Seatbelt Load Limiter Low,470325,interactive.pin.name.firstrowleftseatbeltloadlimiterlow
ENS1,470326,
Second Row Left Outboard Retractor Pretensioner High,470327,interactive.pin.name.secondrowleftoutboardretractorpretensionerhigh
Second Row Left Outboard Retractor Pretensioner Low,470328,interactive.pin.name.secondrowleftoutboardretractorpretensionerlow
Second Row Right Outboard Retractor Pretensioner High,470329,interactive.pin.name.secondrowrightoutboardretractorpretensionerhigh
Second Row Right Outboard Retractor Pretensioner Low,470330,interactive.pin.name.secondrowrightoutboardretractorpretensionerlow
CAN2L (Private),470331,interactive.pin.name.can2lprivate
CAN2H (Private),470332,interactive.pin.name.can2hprivate
First Row Left Outboard Lap Belt Pretensioner Low,470333,interactive.pin.name.firstrowleftoutboardlapbeltpretensionerlow
First Row Left Outboard Lap Belt Pretensioner High,470334,interactive.pin.name.firstrowleftoutboardlapbeltpretensionerhigh
First Row Right Outboard Lap Belt Pretensioner Low,470335,interactive.pin.name.firstrowrightoutboardlapbeltpretensionerlow
First Row Right Outboard Lap Belt Pretensioner High,470336,interactive.pin.name.firstrowrightoutboardlapbeltpretensionerhigh
LAP_PRETENSIONER_PASSTHROUGH_P,470337,
LAP_PRETENSIONER_PASSTHROUGH_N,470338,
LAP_PRETENSIONER_PASSTHROUGH_P,470339,
LAP_PRETENSIONER_PASSTHROUGH_N,470340,
FLIC+,470341,
FLIC -,470342,interactive.pin.name.flic
FLIC+,470343,
FLIC -,470344,interactive.pin.name.flic
FLIC+,470345,
FLIC-,470346,
FLIC+,470347,
FLIC-,470348,
FLIC+,470349,
FLIC-,470350,
FLIC+,470351,
FLIC-,470352,
Power In,470353,interactive.pin.name.powerin
Return,470354,interactive.pin.name.return
FLIC +,470355,interactive.pin.name.flicpositive
FLIC -,470356,interactive.pin.name.flic
FLIC +,470357,interactive.pin.name.flicpositive
FLIC -,470358,interactive.pin.name.flic
LAP_PRETENSIONER_PASSTHROUGH_P,470359,
LAP_PRETENSIONER_PASSTHROUGH_N,470360,
LAP_PRETENSIONER_PASSTHROUGH_P,470361,
LAP_PRETENSIONER_PASSTHROUGH_N,470362,
SEAT_FRONT_AUTOMATIC_LOCKING_RETRACTOR_SENSOR,470363,
SEAT_FRONT_AUTOMATIC_LOCKING_RETRACTOR_SENSOR_GND,470364,
25,470365,
25,470366,
2,470367,
12,470368,
12,470369,
2,470370,
24,470371,
24,470372,
17,470373,
28,470374,
17,470375,
28,470376,
18,470377,
18,470378,
13,470379,
13,470380,
X173-7,470259,
X173A-7,470260,
X098-13,470261,
X055-34,470262,
X051-37,470263,
X200-35,470264,
X201-1,470265,
X201-2,470266,
X201-3,470267,
X201-4,470268,
X201-15,470269,
X201-16,470270,
X201-17,470271,
X201-18,470272,
X201-56,470273,
X201-22,470274,
X201-21,470275,
X201-19,470276,
X201-20,470277,
X201-71,470278,
X201-72,470279,
X200-32,470280,
X200-31,470281,
X200-33,470282,
X200-34,470283,
X035-17,470284,
X035-18,470285,
X032-2,470286,
X032-1,470287,
X215-1,470288,
X215-2,470289,
X216-1,470290,
X216-2,470291,
X217-1,470292,
X217-2,470293,
X221-1,470294,
X221-2,470295,
X218-1,470296,
X218-2,470297,
X222-1,470298,
X222-2,470299,
X213-1,470300,
X213-2,470301,
X219-1,470302,
X219-2,470303,
X220-1,470304,
X220-2,470305,
X055-10,470306,
X055-11,470307,
X052-7,470308,
X052-8,470309,
X059-4,470310,
X059-3,470311,
X936F-25,470457,
X936M-25,470458,
X908F-2,470459,
X936F-12,470460,
X936M-12,470461,
X908M-2,470462,
X936F-24,470463,
X936M-24,470464,
X935M-17,470465,
X935F-28,470466,
X935F-17,470467,
X935M-28,470468,
X935F-18,470469,
X935M-18,470470,
X936F-13,470471,
X936M-13,470472,
+SRI19-A,480000,
+SRI26-C,480001,
+SRI25-C,480002,
+SRI16-C,480003,
+SRI15-C,480004,
+SRI20-A,480005,
+SRI04_A-A,480006,
+SRI03_A-A,480007,
+SRI26-B,480008,
+SRI25-B,480009,
+SRI23-B,480010,
+SRI24-B,480011,
+SRS50-B,480012,
+SRI21-A,480013,
+SRI17_A-A,480014,
+SRI14_A-A,480015,
+SRI18_A-A,480016,
+SRI13_A-A,480017,
+SRS47-B,480018,
+SRS48-B,480019,
+SRS49-B,480020,
+SRI15-B,480021,
+SRI16-B,480022,
+SRI22-A,480023,
+SRI30_A-A,480024,
+SRI29_A-A,480025,
+SRI27_A-A,480026,
+SRI28_A-A,480027,
+SRI01_A-A,480028,
+SRI02_A-A,480029,
+SRI04_B-A,480030,
+SRI03_B-A,480031,
+SRI21-B,480032,
+SRI22-B,480033,
+SRI14_B-A,480034,
+SRI13_B-A,480035,
+SRI17_B-A,480036,
+SRI18_B-A,480037,
+SRI15-A,480038,
+SRI16-A,480039,
+SRI02_B-A,480040,
+SRI01_B-A,480041,
+SRI24-A,480042,
+SRI23-A,480043,
+SRI25-A,480044,
+SRI26-A,480045,
+SRI27_B-A,480046,
+SRI28_B-A,480047,
+SRI30_B-A,480048,
+SRI29_B-A,480049,
+SRS47-A,480050,
+SRS48-A,480051,
+SRS50-A,480052,
+SRS49-A,480053,
X055,480314,
X035,480315,
X201,480316,
X200,480317,
X201,480318,
X200,480319,
X035,480320,
X201,480321,
X053B,480322,
X206,480323,
X207,480324,
X202,480325,
X203,480326,
X210,480327,
X204,480328,
X205,480329,
X208,480330,
X209,480331,
X252,480332,
X253,480333,
X250,480334,
X251,480335,
X037,480336,
X037,480337,
X033B,480338,
X924M,480627,
X924F,480628,
X936F,480629,
X936M,480630,
X936F,480631,
X936M,480632,
X924F,480633,
X909M,480634,
X935F,480635,
X909F,480636,
X909M,480637,
X909M,480638,
X909F,480639,
X935F,480640,
X909M,480641,
X909M,480642,
X909M,480643,
X926F,480644,
X926M,480645,
X926F,480646,
X926M,480647,
X924M,480648,
X905F,480649,
X905M,480650,
X905F,480651,
X905M,480652,
X935M,480653,
X909F,480654,
X935M,480655,
X909F,480656,
X909F,480657,
X909F,480658,
Restraints Controller,480339,interactive.device.restraintscontroller
Body Controller Left,480340,interactive.device.bodycontrollerleft
Body Controller Left,480341,interactive.device.bodycontrollerleft
Impact Sensor - B-Pillar Left,480342,interactive.device.impactsensorbpillarleft
Impact Sensor - B-Pillar Right,480343,interactive.device.impactsensorbpillarright
Impact Sensor - FEM Bracket Left,480344,interactive.device.impactsensorfembracketleft
Impact Sensor - FEM Bracket Right,480345,interactive.device.impactsensorfembracketright
Impact Sensor - Front Mid,480346,interactive.device.impactsensorfrontmid
Pressure Sensor - FL Door,480347,interactive.device.pressuresensorfldoor
Pressure Sensor - FR Door,480348,interactive.device.pressuresensorfrdoor
Pressure Sensor - RL Door,480349,interactive.device.pressuresensorrldoor
Pressure Sensor - RR Door,480350,interactive.device.pressuresensorrrdoor
Pressure Tube - LH,480351,interactive.device.pressuretubelh
Pressure Tube - RH,480352,interactive.device.pressuretuberh
Pyrotechnic Hood Lifter - LH,480353,interactive.device.pyrotechnichoodlifterlh
Pyrotechnic Hood Lifter - RH,480354,interactive.device.pyrotechnichoodlifterrh
Body Controller Right,480355,interactive.device.bodycontrollerright
Left Front Door Pressure Impact Sensor High,480449,interactive.pin.name.leftfrontdoorpressureimpactsensorhigh
Left Front Door Pressure Impact Sensor Low,480450,interactive.pin.name.leftfrontdoorpressureimpactsensorlow
Right Front Door Pressure Impact Sensor High,480451,interactive.pin.name.rightfrontdoorpressureimpactsensorhigh
Right Front Door Pressure Impact Sensor Low,480452,interactive.pin.name.rightfrontdoorpressureimpactsensorlow
Left B-Pillar Impact Sensor High,480453,interactive.pin.name.leftbpillarimpactsensorhigh
Left B-Pillar Impact Sensor Low,480454,interactive.pin.name.leftbpillarimpactsensorlow
Right B-Pillar Impact Sensor High,480455,interactive.pin.name.rightbpillarimpactsensorhigh
Right B-Pillar Impact Sensor Low,480456,interactive.pin.name.rightbpillarimpactsensorlow
Front Left Satellite Impact Sensor High (UFSL),480457,interactive.pin.name.frontleftsatelliteimpactsensorhighufsl
Front Left Satellite Impact Sensor Low (UFSL),480458,interactive.pin.name.frontleftsatelliteimpactsensorlowufsl
Front Right Satellite Impact Sensor High (UFSR),480459,interactive.pin.name.frontrightsatelliteimpactsensorhighufsr
Front Right Satellite Impact Sensor Low (UFSR),480460,interactive.pin.name.frontrightsatelliteimpactsensorlowufsr
Front Center / Middle Right Satellite Impact Sensor Low (UFSC/UFSMR),480461,interactive.pin.name.frontcentermiddlerightsatelliteimpactsensorlowufscufsmr
Front Center / Middle Right Satellite Impact Sensor High (UFSR/UFSMR),480462,interactive.pin.name.frontcentermiddlerightsatelliteimpactsensorhighufsrufsmr
Right PedPro Sensor Bus (PTSR/PCSMR/PSCR) Low,480463,interactive.pin.name.rightpedprosensorbusptsrpcsmrpscrlow
Right PedPro Sensor Bus (PTSR/PCSMR/PSCR) High,480464,interactive.pin.name.rightpedprosensorbusptsrpcsmrpscrhigh
Left PedPro Sensor Bus (PTSL/PCSML/PSCL) High,480465,interactive.pin.name.leftpedprosensorbusptslpcsmlpsclhigh
Left PedPro Sensor Bus (PTSL/PCSML/PSCL) Low,480466,interactive.pin.name.leftpedprosensorbusptslpcsmlpscllow
Right Active Hood Actuator High,480467,interactive.pin.name.rightactivehoodactuatorhigh
Right Active Hood Actuator Low,480468,interactive.pin.name.rightactivehoodactuatorlow
Left Active Hood Actuator Low,480469,interactive.pin.name.leftactivehoodactuatorlow
Left Active Hood Actuator High,480470,interactive.pin.name.leftactivehoodactuatorhigh
Right Rear Door Pressure Impact Sensor Low,480471,interactive.pin.name.rightreardoorpressureimpactsensorlow
Right Rear Door Pressure Impact Sensor High,480472,interactive.pin.name.rightreardoorpressureimpactsensorhigh
Left Rear Door Pressure Impact Sensor High,480473,interactive.pin.name.leftreardoorpressureimpactsensorhigh
Left Rear Door Pressure Impact Sensor Low,480474,interactive.pin.name.leftreardoorpressureimpactsensorlow
FRONT_LEFT_SATELLITE_IMPACT_HIGH,480475,
FRONT_LEFT_SATELLITE_IMPACT_LOW,480476,
FRONT_RIGHT_SATELLITE_IMPACT_HIGH,480477,
FRONT_RIGHT_SATELLITE_IMPACT_LOW,480478,
FRONT_LEFT_SATELLITE_IMPACT_LOW,480479,
FRONT_LEFT_SATELLITE_IMPACT_HIGH,480480,
FRONT_RIGHT_SATELLITE_IMPACT_HIGH,480481,
FRONT_RIGHT_SATELLITE_IMPACT_LOW,480482,
PEDPRO_RIGHT_PRESSURE_SENSOR_PASSTHROUGH_P,480483,
PEDPRO_RIGHT_PRESSURE_SENSOR_PASSTHROUGH_N,480484,
FRONT_DOOR_PRESSURE_SENSOR_PASSTHROUGH_N,480485,
FRONT_DOOR_PRESSURE_SENSOR_PASSTHROUGH_P,480486,
FRONT_DOOR_PRESSURE_SENSOR_PASSTHROUGH_N,480487,
FRONT_DOOR_PRESSURE_SENSOR_PASSTHROUGH_P,480488,
PEDPRO_LEFT_PRESSURE_SENSOR_PASSTHROUGH_P,480489,
PEDPRO_LEFT_PRESSURE_SENSOR_PASSTHROUGH_N,480490,
PEDPRO_RIGHT_PRESSURE_SENSOR_PASSTHROUGH_N,480491,
PEDPRO_RIGHT_PRESSURE_SENSOR_PASSTHROUGH_P,480492,
PEDPRO_LEFT_PRESSURE_SENSOR_PASSTHROUGH_P,480493,
PEDPRO_LEFT_PRESSURE_SENSOR_PASSTHROUGH_N,480494,
PCS+,480495,
PCS-,480496,
PCS+,480497,
PCS-,480498,
PCS-,480499,
PCS+,480500,
PCS+,480501,
PCS-,480502,
UFS+,480503,
UFS-,480504,
PPS-,480505,
PPS+,480506,
PPS+,480507,
PPS-,480508,
PCS+,480509,
PCS-,480510,
PCS+,480511,
PCS-,480512,
PTS+,480513,
PTS-,480514,
PTS+,480515,
PTS-,480516,
PHL-,480517,
PHL+,480518,
PHL+,480519,
PHL-,480520,
FRONT_DOOR_PRESSURE_SENSOR_PASSTHROUGH_P,480521,
FRONT_DOOR_PRESSURE_SENSOR_PASSTHROUGH_N,480522,
FRONT_DOOR_PRESSURE_SENSOR_PASSTHROUGH_P,480523,
FRONT_DOOR_PRESSURE_SENSOR_PASSTHROUGH_N,480524,
21,480525,
21,480526,
17,480527,
17,480528,
16,480529,
16,480530,
20,480531,
19,480532,
12,480533,
5,480534,
4,480535,
10,480536,
4,480537,
11,480538,
9,480539,
5,480540,
18,480541,
20,480542,
20,480543,
21,480544,
21,480545,
20,480546,
6,480547,
6,480548,
5,480549,
5,480550,
12,480551,
9,480552,
11,480553,
10,480554,
18,480555,
19,480556,
X200-52,480373,
X200-51,480374,
X200-38,480375,
X200-39,480376,
X201-39,480377,
X201-40,480378,
X201-38,480379,
X201-37,480380,
X200-45,480381,
X200-46,480382,
X200-44,480383,
X200-43,480384,
X201-45,480385,
X201-46,480386,
X200-47,480387,
X200-48,480388,
X200-49,480389,
X200-50,480390,
X201-5,480391,
X201-6,480392,
X201-7,480393,
X201-8,480394,
X201-41,480395,
X201-42,480396,
X201-43,480397,
X201-44,480398,
X037-7,480399,
X037-8,480400,
X037-20,480401,
X037-21,480402,
X035-4,480403,
X035-7,480404,
X035-23,480405,
X035-8,480406,
X037-18,480407,
X037-19,480408,
X035-21,480409,
X035-6,480410,
X033B-14,480411,
X033B-13,480412,
X035-26,480413,
X035-27,480414,
X035-9,480415,
X035-25,480416,
X037-24,480417,
X037-25,480418,
X206-1,480419,
X206-2,480420,
X207-1,480421,
X207-2,480422,
X202-2,480423,
X202-1,480424,
X203-1,480425,
X203-2,480426,
X210-1,480427,
X210-2,480428,
X204-2,480429,
X204-1,480430,
X205-1,480431,
X205-2,480432,
X208-1,480433,
X208-2,480434,
X209-1,480435,
X209-2,480436,
X252-1,480437,
X252-2,480438,
X253-1,480439,
X253-2,480440,
X250-2,480441,
X250-1,480442,
X251-1,480443,
X251-2,480444,
X053B-18,480445,
X053B-19,480446,
X055-1,480447,
X055-18,480448,
X924M-21,480659,
X924F-21,480660,
X936F-17,480661,
X936M-17,480662,
X936F-16,480663,
X936M-16,480664,
X924F-20,480665,
X909M-19,480666,
X935F-12,480667,
X909F-5,480668,
X909M-4,480669,
X909M-10,480670,
X909F-4,480671,
X935F-11,480672,
X909M-9,480673,
X909M-5,480674,
X909M-18,480675,
X926F-20,480676,
X926M-20,480677,
X926F-21,480678,
X926M-21,480679,
X924M-20,480680,
X905F-6,480681,
X905M-6,480682,
X905F-5,480683,
X905M-5,480684,
X935M-12,480685,
X909F-9,480686,
X935M-11,480687,
X909F-10,480688,
X909F-18,480689,
X909F-19,480690,
FM02-A,490000,
++BUC01-A,490001,
+DAS90-A,490002,
++DAS81-A,490003,
G411-B,490004,
DIS13-A,490005,
DIS12-A,490006,
DIS11-A,490007,
DIS03-A,490008,
DIS01-A,490009,
DIS02-A,490010,
DIS28-A,490011,
DIS24-A,490012,
DIS27-A,490013,
DIS26-A,490014,
DIS21-A,490015,
DIS23-A,490016,
DIS22-A,490017,
DIS25-A,490018,
++DAS82-A,490019,
+ETH03-A,490020,
+TCU01-A,490021,
USB03-A,490022,
++DAS86-A,490023,
++DAS80-A,490024,
++DAS84-A,490025,
++DAS83-A,490026,
+ETH01-A,490027,
+ETH02-A,490028,
DIS13-B,490029,
DIS11-B,490030,
DIS12-B,490031,
++DAS87-A,490032,
+DAS90-B,490033,
++DAS86-B,490034,
++DAS84-B,490035,
++BUC01-B,490036,
++DAS80-B,490037,
+GPS01-B,490038,
++DAS87-B,490039,
+GPS01-A,490040,
G411-A,490041,
FM01-A,490042,
X850,490240,
X849,490241,
X858,490242,
X852,490243,
X833,490244,
X171,490245,
X860,490246,
X176,490247,
X892,490248,
X870,490249,
X891,490250,
X838,490251,
X891,490252,
X838,490253,
X801,490254,
X818,490255,
X854,490256,
X851,490257,
X845,490258,
X867,490259,
X880,490260,
X817,490261,
X857,490262,
X861,490263,
X189,490264,
X823,490265,
X825,490266,
X607,490267,
X853,490268,
X898,490269,
X816,490270,
X896,490271,
X824,490272,
X895,490273,
X834,490274,
X886M,490533,
X886F,490534,
X822F,490535,
X822M,490536,
X885M,490537,
X885F,490538,
X866F,490539,
X866M,490540,
X876F,490541,
X876M,490542,
X876F,490543,
X876M,490544,
X876F,490545,
X876M,490546,
X886M,490547,
X886F,490548,
X886M,490549,
X886F,490550,
X887M,490551,
X887F,490552,
X930F,490553,
X930M,490554,
G031,490599,
Antenna - FM/DAB,490275,interactive.device.antennafmdab
Liftgate External Switch & BUC,490276,interactive.device.liftgateexternalswitchbuc
Camera - Interior,490277,interactive.device.camerainterior
Camera - B-Pillar Right,490278,interactive.device.camerabpillarright
Rear Display,490279,interactive.device.reardisplay
Center Display,490280,interactive.device.centerdisplay
Camera - Side Repeater Left,490281,interactive.device.camerasiderepeaterleft
TCU,490282,
Glove Box USB Port,490283,interactive.device.gloveboxusbport
Camera - Main Far-Field Forward,490284,interactive.device.cameramainfarfieldforward
Camera - B-Pillar Left,490285,interactive.device.camerabpillarleft
Camera - Wide Far-Field Forward,490286,interactive.device.camerawidefarfieldforward
Camera - Side Repeater Right,490287,interactive.device.camerasiderepeaterright
MCU (LHD),490288,interactive.device.mculhd
Autopilot ECU (LHD),490289,interactive.device.autopiloteculhd
Camera - Front Fascia,490290,interactive.device.camerafrontfascia
Antenna - GPS,490291,interactive.device.antennagps
Radio Tuner,490292,interactive.device.radiotuner
FM/DAB 2 OUT,490372,interactive.pin.name.fmdab2out
Backup Camera,490373,interactive.pin.name.backupcamera
AdasInteriorCamPoc5v0,490374,interactive.pin.name.adasinteriorcampoc5v0
Coax,490375,interactive.pin.name.coax
12V Power,490376,interactive.pin.name.12vpower
Ground,490377,interactive.pin.name.ground
Data,490378,interactive.pin.name.data
ESD Ground,490379,interactive.pin.name.esdground
AUX_N,490380,
AUX_P,490381,
I2C_SDA_N,490382,
I2C_SDA_P,490383,
TOUCH_INT,490384,
HPD,490385,
I2C_SCL_N,490386,
I2C_SCL_P,490387,
12V Power,490388,interactive.pin.name.12vpower
Ground,490389,interactive.pin.name.ground
Data,490390,interactive.pin.name.data
Coax,490391,interactive.pin.name.coax
Ethernet,490392,interactive.pin.name.ethernet
VBAT,490393,
Data,490394,interactive.pin.name.data
Coax,490395,interactive.pin.name.coax
Coax,490396,interactive.pin.name.coax
Coax,490397,interactive.pin.name.coax
Coax,490398,interactive.pin.name.coax
Data,490399,interactive.pin.name.data
Data,490400,interactive.pin.name.data
Power,490401,interactive.pin.name.power
GND,490402,
APE-BR-ETH,490403,
Display Data,490404,interactive.pin.name.displaydata
GND,490405,
12V,490406,
MUX-DP2-HPD,490407,
CENTER-TOUCH-INTb,490408,interactive.pin.name.centertouchintb
MUX-DP2-AUX_N,490409,
MUX-DP2-AUX_P,490410,
CENTER-I2C-SCL_N,490411,
CENTER-I2C-SCL_P,490412,
CENTER-I2C-SDA_N,490413,
CENTER-I2C-SDA_P,490414,
PVBAT-TCU,490415,
Ethernet,490416,interactive.pin.name.ethernet
Data,490417,interactive.pin.name.data
AP-MCU-1000BT1,490418,
AP-MCU2-1000BT1,490419,
GPS-ANT-Ex,490420,interactive.pin.name.gpsantex
L-FF-SIDE-CAM-EX_P,490421,
MAIN-CAM-EX_P,490422,
BUC-CAM-EX_P,490423,
R-FF-SIDE-CAM-EX_P,490424,
SELFIE-CAM-EX_P,490425,
WIDE-CAM-EX_P,490426,
R-FF-REAR-CAM-EX_P,490427,
L-FF-REAR-CAM-EX_P,490428,
F-SVC-CAM-EX_P,490429,
Coax,490430,interactive.pin.name.coax
GPS IN,490431,interactive.pin.name.gpsin
FM/DAB 2 IN,490432,interactive.pin.name.fmdab2in
1,490433,
1,490434,
1,490435,
1,490436,
1,490437,
1,490438,
1,490439,
1,490440,
1,490441,
1,490442,
2,490443,
2,490444,
H,490445,
H,490446,
4,490447,
4,490448,
3,490449,
3,490450,
1,490451,
1,490452,
2,490453,
2,490454,
X845-1,490311,
X867-1,490312,
X880-1,490313,
X817-1,490314,
X857-1,490315,
X857-2,490316,
X857-H,490317,
G006-1,490318,
X189-1,490319,
X189-2,490320,
X189-3,490321,
X189-4,490322,
X189-5,490323,
X189-6,490324,
X189-7,490325,
X189-8,490326,
X861-1,490327,
X861-2,490328,
X861-H,490329,
X823-1,490330,
X825-H,490331,
X607-5,490332,
X853-1,490333,
X898-1,490334,
X816-1,490335,
X896-1,490336,
X824-1,490337,
X852-1,490338,
X858-H,490339,
X858-1,490340,
X858-2,490341,
X850-H,490342,
X860-H,490343,
X860-2,490344,
X860-1,490345,
X176-7,490346,
X176-8,490347,
X176-4,490348,
X176-3,490349,
X176-6,490350,
X176-5,490351,
X176-2,490352,
X176-1,490353,
X171-14,490354,
X833-H,490355,
X849-H,490356,
X851-H,490357,
X854-H,490358,
X801-1,490359,
X838-1,490360,
X838-2,490361,
X838-3,490362,
X838-4,490363,
X891-1,490364,
X891-2,490365,
X870-1,490366,
X870-2,490367,
X892-1,490368,
X895-1,490369,
X834-1,490370,
X818-1,490371,
X886M-1,490555,
X886F-1,490556,
X822F-1,490557,
X822M-1,490558,
X885M-1,490559,
X885F-1,490560,
X866F-1,490561,
X866M-1,490562,
X876F-1,490563,
X876M-1,490564,
X876F-2,490565,
X876M-2,490566,
X876F-H,490567,
X876M-H,490568,
X886M-4,490569,
X886F-4,490570,
X886M-3,490571,
X886F-3,490572,
X887M-1,490573,
X887F-1,490574,
X930F-2,490575,
X930M-2,490576,
+DAS90-A,500000,
++DAS87-C,500001,
++DAS82-B,500002,
++DAS83-B,500003,
+DAS90-C,500004,
++DAS86-C,500005,
++DAS84-C,500006,
++BUC01-C,500007,
++DAS81-B,500008,
++DAS80-C,500009,
+GPS01-C,500010,
+ETH02-B,500011,
+ETH01-B,500012,
G411-B,500013,
DIS13-A,500014,
DIS12-A,500015,
DIS11-A,500016,
DIS03-B,500017,
DIS01-B,500018,
DIS02-B,500019,
DIS28-B,500020,
DIS24-B,500021,
DIS27-B,500022,
DIS26-B,500023,
DIS21-B,500024,
DIS23-B,500025,
DIS22-B,500026,
DIS25-B,500027,
+ETH03-B,500028,
+TCU01-B,500029,
USB03-B,500030,
++DAS86-A,500031,
++DAS80-A,500032,
++DAS84-A,500033,
DIS13-C,500034,
DIS11-C,500035,
DIS12-C,500036,
++DAS87-B,500037,
+GPS01-A,500038,
G411-A,500039,
++BUC01-A,500040,
X892A,500230,
X870A,500231,
X891A,500232,
X838A,500233,
X891A,500234,
X838A,500235,
X801A,500236,
X854A,500237,
X851A,500238,
X850A,500239,
X849A,500240,
X858A,500241,
X852A,500242,
X833A,500243,
X171A,500244,
X860A,500245,
X176A,500246,
X867,500247,
X880,500248,
X817,500249,
X857,500250,
X861,500251,
X189,500252,
X823,500253,
X825,500254,
X607,500255,
X853,500256,
X898,500257,
X816,500258,
X896,500259,
X824,500260,
X895,500261,
X834,500262,
X886M,500506,
X886F,500507,
X822F,500508,
X822M,500509,
X885M,500510,
X885F,500511,
X866F,500512,
X866M,500513,
X876F,500514,
X876M,500515,
X876F,500516,
X876M,500517,
X876F,500518,
X876M,500519,
X886M,500520,
X886F,500521,
X886M,500522,
X886F,500523,
X887M,500524,
X887F,500525,
X930F,500526,
X930M,500527,
G031,500572,
Liftgate External Switch & BUC,500263,interactive.device.liftgateexternalswitchbuc
Camera - Interior,500264,interactive.device.camerainterior
Autopilot ECU (RHD),500265,interactive.device.autopilotecurhd
Camera - B-Pillar Right,500266,interactive.device.camerabpillarright
Rear Display,500267,interactive.device.reardisplay
Center Display,500268,interactive.device.centerdisplay
Camera - Side Repeater Left,500269,interactive.device.camerasiderepeaterleft
TCU,500270,
Glove Box USB Port,500271,interactive.device.gloveboxusbport
Camera - Main Far-Field Forward,500272,interactive.device.cameramainfarfieldforward
Camera - B-Pillar Left,500273,interactive.device.camerabpillarleft
Camera - Wide Far-Field Forward,500274,interactive.device.camerawidefarfieldforward
MCU (RHD),500275,interactive.device.mcurhd
Camera - Side Repeater Right,500276,interactive.device.camerasiderepeaterright
Camera - Front Fascia,500277,interactive.device.camerafrontfascia
Antenna - GPS,500278,interactive.device.antennagps
Backup Camera,500354,interactive.pin.name.backupcamera
AdasInteriorCamPoc5v0,500355,interactive.pin.name.adasinteriorcampoc5v0
AP-MCU-1000BT1,500356,
AP-MCU2-1000BT1,500357,
GPS-ANT-Ex,500358,interactive.pin.name.gpsantex
L-FF-SIDE-CAM-EX_P,500359,
MAIN-CAM-EX_P,500360,
BUC-CAM-EX_P,500361,
R-FF-SIDE-CAM-EX_P,500362,
SELFIE-CAM-EX_P,500363,
WIDE-CAM-EX_P,500364,
R-FF-REAR-CAM-EX_P,500365,
L-FF-REAR-CAM-EX_P,500366,
F-SVC-CAM-EX_P,500367,
Coax,500368,interactive.pin.name.coax
12V Power,500369,interactive.pin.name.12vpower
Ground,500370,interactive.pin.name.ground
Data,500371,interactive.pin.name.data
ESD Ground,500372,interactive.pin.name.esdground
AUX_N,500373,
AUX_P,500374,
I2C_SDA_N,500375,
I2C_SDA_P,500376,
TOUCH_INT,500377,
HPD,500378,
I2C_SCL_N,500379,
I2C_SCL_P,500380,
12V Power,500381,interactive.pin.name.12vpower
Ground,500382,interactive.pin.name.ground
Data,500383,interactive.pin.name.data
Coax,500384,interactive.pin.name.coax
Ethernet,500385,interactive.pin.name.ethernet
VBAT,500386,
Data,500387,interactive.pin.name.data
Coax,500388,interactive.pin.name.coax
Coax,500389,interactive.pin.name.coax
Coax,500390,interactive.pin.name.coax
Ethernet,500391,interactive.pin.name.ethernet
Data,500392,interactive.pin.name.data
Power,500393,interactive.pin.name.power
GND,500394,
Data,500395,interactive.pin.name.data
APE-BR-ETH,500396,
CENTER-I2C-SDA_P,500397,
CENTER-I2C-SDA_N,500398,
MUX-DP2-AUX_P,500399,
MUX-DP2-AUX_N,500400,
CENTER-I2C-SCL_P,500401,
CENTER-I2C-SCL_N,500402,
MUX-DP2-HPD,500403,
CENTER-TOUCH-INTb,500404,interactive.pin.name.centertouchintb
12V,500405,
GND,500406,
Display Data,500407,interactive.pin.name.displaydata
PVBAT-TCU,500408,
Data,500409,interactive.pin.name.data
Coax,500410,interactive.pin.name.coax
Coax,500411,interactive.pin.name.coax
GPS IN,500412,interactive.pin.name.gpsin
1,500413,
1,500414,
1,500415,
1,500416,
1,500417,
1,500418,
1,500419,
1,500420,
1,500421,
1,500422,
2,500423,
2,500424,
H,500425,
H,500426,
4,500427,
4,500428,
3,500429,
3,500430,
1,500431,
1,500432,
2,500433,
2,500434,
X867-1,500295,
X880-1,500296,
X851A-H,500297,
X854A-H,500298,
X801A-1,500299,
X838A-1,500300,
X838A-2,500301,
X838A-3,500302,
X838A-4,500303,
X891A-1,500304,
X891A-2,500305,
X870A-1,500306,
X870A-2,500307,
X892A-1,500308,
X817-1,500309,
X857-1,500310,
X857-2,500311,
X857-H,500312,
G006-1,500313,
X189-1,500314,
X189-2,500315,
X189-3,500316,
X189-4,500317,
X189-5,500318,
X189-6,500319,
X189-7,500320,
X189-8,500321,
X861-1,500322,
X861-2,500323,
X861-H,500324,
X823-1,500325,
X825-H,500326,
X607-5,500327,
X853-1,500328,
X898-1,500329,
X816-1,500330,
X896-1,500331,
X833A-H,500332,
X852A-1,500333,
X858A-1,500334,
X858A-2,500335,
X858A-H,500336,
X850A-H,500337,
X176A-1,500338,
X176A-2,500339,
X176A-3,500340,
X176A-4,500341,
X176A-5,500342,
X176A-6,500343,
X176A-7,500344,
X176A-8,500345,
X860A-1,500346,
X860A-2,500347,
X860A-H,500348,
X171A-14,500349,
X849A-H,500350,
X824-1,500351,
X895-1,500352,
X834-1,500353,
X886M-1,500528,
X886F-1,500529,
X822F-1,500530,
X822M-1,500531,
X885M-1,500532,
X885F-1,500533,
X866F-1,500534,
X866M-1,500535,
X876F-1,500536,
X876M-1,500537,
X876F-2,500538,
X876M-2,500539,
X876F-H,500540,
X876M-H,500541,
X886M-4,500542,
X886F-4,500543,
X886M-3,500544,
X886F-3,500545,
X887M-1,500546,
X887F-1,500547,
X930F-2,500548,
X930M-2,500549,
SCL35-A,510000,
SCL80-C,510001,
SCL23-A,510002,
SCL25-A,510003,
SCL24-A,510004,
SCL14-A,510005,
SCL13-A,510006,
SCL04-A,510007,
SCL80-H,510008,
SCL03-A,510009,
SCL80-A,510010,
SCL20-A,510011,
SCL21-A,510012,
SCL22-A,510013,
SCL80-E,510014,
SCL42-A,510015,
SCL43-A,510016,
SCL44-A,510017,
SCL80-K,510018,
SCL80-J,510019,
SCL01-A,510020,
SCL02-A,510021,
SCL37-A,510022,
SCL38-A,510023,
SCL17-A,510024,
SCL16-A,510025,
SCL15-A,510026,
SCL80-B,510027,
SCL80-F,510028,
SCL32-A,510029,
SCL11-A,510030,
SCL10-A,510031,
SCL09-A,510032,
SCL80-I,510033,
SCL29-A,510034,
SCL80-D,510035,
SCL26-A,510036,
SCL28-A,510037,
SCL27-A,510038,
SCL80-G,510039,
SCL80-L,510040,
SCL80-M,510041,
SCL02-B,510042,
SCL01-B,510043,
SCL36-A,510044,
X625L,510280,
X621L,510281,
X614L,510282,
X616L,510283,
X617L,510284,
X618L,510285,
X618L,510286,
X621L,510287,
X625L,510288,
X620L,510289,
X626L,510290,
X619L,510291,
X626L,510292,
X617L,510293,
X614L,510294,
X610,510295,
X610,510296,
X613L,510297,
X613L,510298,
X622L,510299,
X622L,510300,
X631,510301,
X631,510302,
X032,510303,
X620L,510304,
X620L,510305,
X619L,510306,
Z1-SCL80,510226,
Heat Pad Backrest Front Left,510307,interactive.device.heatpadbackrestfrontleft
Ventilation Fan Backrest Front Left,510308,interactive.device.ventilationfanbackrestfrontleft
Lumbar Front Left,510309,interactive.device.lumbarfrontleft
Ventilation Fan Cushion Front Left,510310,interactive.device.ventilationfancushionfrontleft
Lumbar Front Left,510311,interactive.device.lumbarfrontleft
Seat Tilt Motor Front Left,510312,interactive.device.seattiltmotorfrontleft
Seat Track Motor Front Left,510313,interactive.device.seattrackmotorfrontleft
Seat Lift Motor Front Left,510314,interactive.device.seatliftmotorfrontleft
Heat Pad Cushion Front Left,510315,interactive.device.heatpadcushionfrontleft
Seatbelt Buckle Switch Front Left,510316,interactive.device.seatbeltbuckleswitchfrontleft
Seat Backrest Pitch Front Left,510317,interactive.device.seatbackrestpitchfrontleft
Occupancy Sensor Front Left,510318,interactive.device.occupancysensorfrontleft
Seat Switchpack Front Left,510319,interactive.device.seatswitchpackfrontleft
Body Controller Left,510320,interactive.device.bodycontrollerleft
Integrated Lumbar Front Left,510321,interactive.device.integratedlumbarfrontleft
Heat GND,510412,interactive.pin.name.heatgnd
Heat +12V,510413,interactive.pin.name.heatpositive12v
Power,510414,interactive.pin.name.power
PWM,510415,
Ground,510416,interactive.pin.name.ground
ECU & Pump Power Input,510417,interactive.pin.name.ecupumppowerinput
ECU & Pump Chassis Ground,510418,interactive.pin.name.ecupumpchassisground
Passthrough Pump Power,510419,interactive.pin.name.passthroughpumppower
Passthrough Pump Ground,510420,interactive.pin.name.passthroughpumpground
ECU LIN,510421,interactive.pin.name.eculin
Power,510422,interactive.pin.name.power
PWM,510423,
Ground,510424,interactive.pin.name.ground
Pump Power,510425,interactive.pin.name.pumppower
Pump Ground,510426,interactive.pin.name.pumpground
Down,510427,interactive.pin.name.down
Hall effect ground,510428,interactive.pin.name.halleffectground
Up,510429,
Hall effect signal,510430,interactive.pin.name.halleffectsignal
Fore,510431,interactive.pin.name.fore
Hall effect ground,510432,interactive.pin.name.halleffectground
Hall effect signal,510433,interactive.pin.name.halleffectsignal
Aft,510434,
Up,510435,
Hall effect signal,510436,interactive.pin.name.halleffectsignal
Down,510437,interactive.pin.name.down
Hall effect ground,510438,interactive.pin.name.halleffectground
Heater GND,510439,interactive.pin.name.heatergnd
Heater Supply,510440,interactive.pin.name.heatersupply
NTC +,510441,
NTC - Supply (GND),510442,interactive.pin.name.ntcsupplygnd
Power In,510443,interactive.pin.name.powerin
Ground Return,510444,interactive.pin.name.groundreturn
"Power (U+ = SEAT FORWARD, CW)",510445,interactive.pin.name.powerupositiveseatforwardcw
Hall Effect Signal,510446,interactive.pin.name.halleffectsignal
"Power (U+ = SEAT REARWARD, CCW)",510447,interactive.pin.name.powerupositiveseatrearwardccw
Hall Effect Ground,510448,interactive.pin.name.halleffectground
Signal,510449,interactive.pin.name.signal
Ground,510450,interactive.pin.name.ground
"C,D,G,H - lift/tilt",510451,interactive.pin.name.cdghlifttilt
"A,B,E,F - Track/backrest",510452,interactive.pin.name.abeftrackbackrest
"J,K,L,M - lumbar",510453,interactive.pin.name.jklmlumbar
Ground,510454,interactive.pin.name.ground
SEAT_FRONT_HEAT_PAD_BACKREST,510455,
SEAT_FRONT_HEAT_PAD_BACKREST_GROUND_RETURN,510456,
SEAT_FRONT_HEAT_PAD_CUSHION,510457,
SEAT_FRONT_HEAT_PAD_CUSHION_GROUND_RETURN,510458,
SEAT_FRONT_HEAT_PAD_CUSHION_TEMP,510459,
SEAT_FRONT_BACKREST_UP,510460,
SEAT_FRONT_BACKREST_DOWN,510461,
SEAT_FRONT_BACKREST_ENCODER,510462,
SEAT_FRONT_LIFT_DOWN,510463,
SEAT_FRONT_LIFT_UP,510464,
SEAT_FRONT_LIFT_ENCODER,510465,
SEAT_FRONT_SHARED_GROUND_RETURN,510466,
SEAT_FRONT_TRACK_FORWARD,510467,
SEAT_FRONT_TRACK_REVERSE,510468,
SEAT_FRONT_TRACK_ENCODER,510469,
SEAT_FRONT_TILT_DOWN,510470,
SEAT_FRONT_TILT_UP,510471,
SEAT_FRONT_TILT_ENCODER,510472,
SEAT_FRONT_LUMBAR_SWITCH,510473,
SEAT_FRONT_TRACK_BACKREST_SWITCH,510474,
SEAT_FRONT_LIFT_TILT_SWITCH,510475,
SEAT_FRONT_BUCKLE_SENSOR,510476,
SEAT_FRONT_OCCUPANCY_SENSOR,510477,
LUMBAR_ECU,510478,
LUMBAR_ECU_LIN,510479,
SEAT_FRONT_VENT_FAN_CUSHION,510480,
SEAT_FRONT_VENT_FAN_CUSHION_SPEED,510481,
SEAT_FRONT_VENT_FAN_BACKREST,510482,
SEAT_FRONT_VENT_FAN_BACKREST_SPEED,510483,
Power,510484,interactive.pin.name.power
LIN,510485,
Ground,510486,interactive.pin.name.ground
X616L-1,510337,
X616L-2,510338,
X626L-1,510339,
X626L-2,510340,
X626L-3,510341,
X619L-1,510342,
X619L-2,510343,
X619L-3,510344,
X619L-4,510345,
X619L-6,510346,
X625L-1,510347,
X625L-2,510348,
X625L-3,510349,
X620L-1,510350,
X620L-3,510351,
X621L-1,510352,
X621L-2,510353,
X621L-3,510354,
X621L-4,510355,
X614L-1,510356,
X614L-2,510357,
X614L-4,510358,
X614L-5,510359,
X618L-1,510360,
X618L-2,510361,
X618L-3,510362,
X618L-4,510363,
X617L-1,510364,
X617L-2,510365,
X617L-3,510366,
X617L-4,510367,
X610-1,510368,
X610-2,510369,
X613L-1,510370,
X613L-2,510371,
X613L-3,510372,
X613L-4,510373,
X622L-1,510374,
X622L-2,510375,
X631-1,510376,
X631-2,510377,
X631-3,510378,
X631-4,510379,
X032-31,510380,
X032-26,510381,
X032-32,510382,
X032-48,510383,
X032-22,510384,
X032-9,510385,
X032-10,510386,
X032-4,510387,
X032-34,510388,
X032-33,510389,
X032-3,510390,
X032-6,510391,
X032-12,510392,
X032-13,510393,
X032-5,510394,
X032-36,510395,
X032-37,510396,
X032-47,510397,
X032-42,510398,
X032-44,510399,
X032-43,510400,
X032-27,510401,
X032-41,510402,
X032-49,510403,
X032-18,510404,
X032-35,510405,
X032-16,510406,
X032-11,510407,
X032-39,510408,
X620L-1,510409,
X620L-2,510410,
X620L-3,510411,
SCR80-K,520000,
SCR80-J,520001,
SCR20-A,520002,
SCR21-A,520003,
SCR09-A,520004,
SCR10-A,520005,
SCR11-A,520006,
SCR80-E,520007,
SCR80-B,520008,
SCR14-A,520009,
SCR13-A,520010,
SCR38-A,520011,
SCR37-A,520012,
SCR80-I,520013,
SCR32-A,520014,
SCR35-A,520015,
SCR36-A,520016,
SCR29-A,520017,
SCR80-F,520018,
+SRI08_A-A,520019,
+SRI07_A-A,520020,
SCR03-A,520021,
SCR04-A,520022,
SCR02-A,520023,
SCR01-A,520024,
SCR80-H,520025,
SCR30-A,520026,
SCR31-A,520027,
SCR33-A,520028,
SCR26-A,520029,
SCR27-A,520030,
SCR28-A,520031,
SCR80-G,520032,
SCR80-C,520033,
SCR17-A,520034,
SCR15-A,520035,
SCR16-A,520036,
SCR23-A,520037,
SCR25-A,520038,
SCR24-A,520039,
SCR80-D,520040,
SCR80-L,520041,
SCR42-A,520042,
SCR43-A,520043,
SCR44-A,520044,
SCR80-A,520045,
SCR22-A,520046,
X625R,520294,
X626R,520295,
X618R,520296,
X613R,520297,
X618R,520298,
X622R,520299,
X616R,520300,
X626R,520301,
X613R,520302,
X640,520303,
X625R,520304,
X622R,520305,
X640,520306,
X624,520307,
X620R,520308,
X619R,520309,
X619R,520310,
X653,520311,
X661,520312,
X661,520313,
X617R,520314,
X617R,520315,
X614R,520316,
X614R,520317,
X621R,520318,
X621R,520319,
X052,520320,
Z1-SCR80,520236,
Seat Track Position Sensor Front Right,520321,interactive.device.seattrackpositionsensorfrontright
Seat Lift Motor Front Right,520322,interactive.device.seatliftmotorfrontright
Seat Backrest Pitch Front Right,520323,interactive.device.seatbackrestpitchfrontright
Heat Pad Backrest Front Right,520324,interactive.device.heatpadbackrestfrontright
Seatbelt Buckle Switch Front Right,520325,interactive.device.seatbeltbuckleswitchfrontright
Occupancy Sensor Front Right,520326,interactive.device.occupancysensorfrontright
Ventilation Fan Backrest Front Right,520327,interactive.device.ventilationfanbackrestfrontright
Ventilation Fan Cushion Front Right,520328,interactive.device.ventilationfancushionfrontright
Lumbar Front Right,520329,interactive.device.lumbarfrontright
Occupant Classification System (OCS),520330,interactive.device.occupantclassificationsystemocs
Seat Switchpack Front Right,520331,interactive.device.seatswitchpackfrontright
Heat Pad Cushion Front Right,520332,interactive.device.heatpadcushionfrontright
Seat Track Motor Front Right,520333,interactive.device.seattrackmotorfrontright
Seat Tilt Motor Front Right,520334,interactive.device.seattiltmotorfrontright
Body Controller Right,520335,interactive.device.bodycontrollerright
Lumbar Front Right,520336,interactive.device.lumbarfrontright
Return,520435,interactive.pin.name.return
Signal,520436,interactive.pin.name.signal
Up,520437,
Hall effect signal,520438,interactive.pin.name.halleffectsignal
Down,520439,interactive.pin.name.down
Hall effect ground,520440,interactive.pin.name.halleffectground
"Power (U+ = SEAT FORWARD, CW)",520441,interactive.pin.name.powerupositiveseatforwardcw
Hall Effect Signal,520442,interactive.pin.name.halleffectsignal
"Power (U+ = SEAT REARWARD, CCW)",520443,interactive.pin.name.powerupositiveseatrearwardccw
Hall Effect Ground,520444,interactive.pin.name.halleffectground
Heat GND,520445,interactive.pin.name.heatgnd
Heat +12V,520446,interactive.pin.name.heatpositive12v
Power In,520447,interactive.pin.name.powerin
Ground Return,520448,interactive.pin.name.groundreturn
Signal,520449,interactive.pin.name.signal
Ground,520450,interactive.pin.name.ground
Power,520451,interactive.pin.name.power
PWM,520452,
Ground,520453,interactive.pin.name.ground
Power,520454,interactive.pin.name.power
PWM,520455,
Ground,520456,interactive.pin.name.ground
Pump Power,520457,interactive.pin.name.pumppower
Pump Ground,520458,interactive.pin.name.pumpground
Power,520459,interactive.pin.name.power
LIN,520460,
GND,520461,
"C,D,G,H - lift/tilt",520462,interactive.pin.name.cdghlifttilt
"A,B,E,F - Track/backrest",520463,interactive.pin.name.abeftrackbackrest
"J,K,L,M - lumbar",520464,interactive.pin.name.jklmlumbar
Ground,520465,interactive.pin.name.ground
Heater GND,520466,interactive.pin.name.heatergnd
Heater Supply,520467,interactive.pin.name.heatersupply
NTC +,520468,
NTC - Supply (GND),520469,interactive.pin.name.ntcsupplygnd
Fore,520470,interactive.pin.name.fore
Hall effect ground,520471,interactive.pin.name.halleffectground
Hall effect signal,520472,interactive.pin.name.halleffectsignal
Aft,520473,
Hall effect signal,520474,interactive.pin.name.halleffectsignal
Up,520475,
Hall effect ground,520476,interactive.pin.name.halleffectground
Down,520477,interactive.pin.name.down
SEAT_FRONT_HEAT_PAD_BACKREST,520478,
SEAT_FRONT_HEAT_PAD_BACKREST_GROUND,520479,
SEAT_FRONT_HEAT_PAD_CUSHION,520480,
SEAT_FRONT_HEAT_PAD_CUSHION_GROUND,520481,
SEAT_FRONT_HEAT_PAD_CUSHION_TEMP,520482,
SEAT_FRONT_BACKREST_UP,520483,
SEAT_FRONT_BACKREST_DOWN,520484,
SEAT_FRONT_BACKREST_ENCODER,520485,
SEAT_FRONT_LIFT_DOWN,520486,
SEAT_FRONT_LIFT_UP,520487,
SEAT_FRONT_LIFT_ENCODER,520488,
SEAT_FRONT_SHARED_GROUND,520489,
SEAT_FRONT_TRACK_FORWARD,520490,
SEAT_FRONT_TRACK_REVERSE,520491,
SEAT_FRONT_TRACK_ENCODER,520492,
SEAT_FRONT_TILT_DOWN,520493,
SEAT_FRONT_TILT_UP,520494,
SEAT_FRONT_TILT_ENCODER,520495,
SEAT_FRONT_LUMBAR_SWITCH,520496,
SEAT_FRONT_TRACK_BACKREST_SWITCH,520497,
SEAT_FRONT_LIFT_TILT_SWITCH,520498,
SEAT_FRONT_BUCKLE_SENSOR,520499,
SEAT_FRONT_OCCUPANCY_SENSOR,520500,
SEAT_FRONT_TRACK_POSITION_SENSOR,520501,
SEAT_FRONT_TRACK_POSITION_SENSOR_GROUND,520502,
LUMBAR_ECU,520503,
LUMBAR_ECU_LIN,520504,
OCCUPANT_CLASSIFICATION_ECU,520505,
OCCUPANT_CLASSIFICATION_ECU_LIN,520506,
SEAT_FRONT_VENT_FAN_CUSHION,520507,
SEAT_FRONT_VENT_FAN_CUSHION_SPEED,520508,
SEAT_FRONT_VENT_FAN_BACKREST,520509,
SEAT_FRONT_VENT_FAN_BACKREST_SPEED,520510,
OCCUPANT_CLASSIFICATION_ECU_GROUND,520511,
ECU & Pump Power Input,520512,interactive.pin.name.ecupumppowerinput
ECU & Pump Chassis Ground,520513,interactive.pin.name.ecupumpchassisground
Passthrough Pump Power,520514,interactive.pin.name.passthroughpumppower
Passthrough Pump Ground,520515,interactive.pin.name.passthroughpumpground
ECU LIN,520516,interactive.pin.name.eculin
X624-1,520353,
X624-2,520354,
X618R-1,520355,
X618R-2,520356,
X618R-3,520357,
X618R-4,520358,
X613R-1,520359,
X613R-2,520360,
X613R-3,520361,
X613R-4,520362,
X616R-1,520363,
X616R-2,520364,
X640-1,520365,
X640-2,520366,
X622R-1,520367,
X622R-2,520368,
X626R-1,520369,
X626R-2,520370,
X626R-3,520371,
X625R-1,520372,
X625R-2,520373,
X625R-3,520374,
X620R-1,520375,
X620R-3,520376,
X653-1,520377,
X653-2,520378,
X653-3,520379,
X661-1,520380,
X661-2,520381,
X661-3,520382,
X661-4,520383,
X617R-1,520384,
X617R-2,520385,
X617R-3,520386,
X617R-4,520387,
X614R-1,520388,
X614R-2,520389,
X614R-4,520390,
X614R-5,520391,
X621R-4,520392,
X621R-3,520393,
X621R-2,520394,
X621R-1,520395,
X052-52,520396,
X052-13,520397,
X052-51,520398,
X052-35,520399,
X052-17,520400,
X052-30,520401,
X052-29,520402,
X052-5,520403,
X052-49,520404,
X052-50,520405,
X052-6,520406,
X052-3,520407,
X052-27,520408,
X052-26,520409,
X052-4,520410,
X052-47,520411,
X052-46,520412,
X052-36,520413,
X052-41,520414,
X052-39,520415,
X052-40,520416,
X052-12,520417,
X052-42,520418,
X052-32,520419,
X052-33,520420,
X052-34,520421,
X052-21,520422,
X052-20,520423,
X052-18,520424,
X052-9,520425,
X052-16,520426,
X052-10,520427,
X052-11,520428,
X052-19,520429,
X619R-1,520430,
X619R-2,520431,
X619R-3,520432,
X619R-4,520433,
X619R-6,520434,
SCL803-B,530000,
SCL108-B,530001,
SCR800-A,530002,
SCL107-A,530003,
SCL801-A,530004,
SCL118-A,530005,
SCL114-A,530006,
SCL113-A,530007,
SCL802-A,530008,
G608-A,530009,
G609-A,530010,
G611-A,530011,
SCR105-A,530012,
SCL109-A,530013,
SCL800-A,530014,
SCL110-A,530015,
SCL112-A,530016,
SCL117-A,530017,
SCL115-A,530018,
SCL108-A,530019,
SCL803-A,530020,
SCR104-A,530021,
X674,530120,
X673,530121,
X685,530122,
X677,530123,
X677,530124,
X686,530125,
X676,530126,
X676,530127,
X686,530128,
X051,530129,
X050,530130,
X039,530131,
X031,530132,
X031,530133,
X031,530134,
X030A,530135,
X030A,530136,
X031,530137,
X030A,530138,
X039,530139,
X935M,530276,
X935F,530277,
X935M,530278,
X935F,530279,
G031,530288,
G031,530289,
G032,530290,
2R Seatbelt Buckle Switch Right and Center,530140,interactive.device.2rseatbeltbuckleswitchrightandcenter
2R Seatbelt Buckle Switch Left,530141,interactive.device.2rseatbeltbuckleswitchleft
2R Occupancy Sensor,530142,interactive.device.2roccupancysensor
2R Heat Pad Backrest Right,530143,interactive.device.2rheatpadbackrestright
2R Heat Pad Cushion,530144,interactive.device.2rheatpadcushion
2R Heat Pad Backrest Left,530145,interactive.device.2rheatpadbackrestleft
Body Controller Right,530146,interactive.device.bodycontrollerright
Body Controller Left,530147,interactive.device.bodycontrollerleft
RH Buckle - Hall In,530193,interactive.pin.name.rhbucklehallin
RH Buckle - Hall Out,530194,interactive.pin.name.rhbucklehallout
CTR Buckle - Hall In,530195,interactive.pin.name.ctrbucklehallin
CTR Buckle - Hall Out,530196,interactive.pin.name.ctrbucklehallout
GND,530197,
Power In,530198,interactive.pin.name.powerin
Left Occupant Switch,530199,interactive.pin.name.leftoccupantswitch
Center Occupant Switch,530200,interactive.pin.name.centeroccupantswitch
Right Occupant Switch,530201,interactive.pin.name.rightoccupantswitch
Ground,530202,interactive.pin.name.ground
Heater GND,530203,interactive.pin.name.heatergnd
Heater + 12V,530204,interactive.pin.name.heaterpositive12v
Heater +12V LH,530205,interactive.pin.name.heaterpositive12vlh
Heater +12V RH,530206,interactive.pin.name.heaterpositive12vrh
NTC + LH,530207,interactive.pin.name.ntcpositivelh
NTC + RH,530208,interactive.pin.name.ntcpositiverh
NTC -,530209,
Ground,530210,interactive.pin.name.ground
Heater + 12V,530211,interactive.pin.name.heaterpositive12v
Heater GND,530212,interactive.pin.name.heatergnd
2R_SEAT_RIGHT_BUCKLE_SENSOR,530213,
2R_SEAT_RIGHT_HEAT_PAD_BACKREST,530214,
2R_SEAT_SHARED_GROUND,530215,
2R_SEAT_CENTER_BUCKLE_SENSOR,530216,
2R_SEAT_SHARED_GROUND_RETURN,530217,
2R_SEAT_LEFT_BACKREST_HEAT,530218,
2R_SEAT_LEFT_CUSHION_HEAT,530219,
2R_SEAT_LEFT_CUSHION_TEMP,530220,
2R_SEAT_RIGHT_CUSHION_HEAT,530221,
2R_SEAT_RIGHT_CUSHION_TEMP,530222,
2R_SEAT_RIGHT_OCCUPANCY_SENSOR,530223,
2R_SEAT_LEFT_OCCUPANCY_SENSOR,530224,
2R_SEAT_CENTER_OCCUPANCY_SENSOR,530225,
2R_SEAT_RIGHT_CUSHION_TEMP_GROUND,530226,
2R_SEAT_LEFT_BUCKLE_SENSOR_RETURN,530227,
2R_OCCUPANCY_SENSOR_RETURN,530228,
2R_SEAT_LEFT_BUCKLE_SENSOR,530229,
9,530230,
9,530231,
25,530232,
25,530233,
X674-1,530156,
X674-2,530157,
X674-3,530158,
X674-4,530159,
X673-2,530160,
X673-1,530161,
X685-1,530162,
X685-2,530163,
X685-3,530164,
X685-4,530165,
X677-1,530166,
X677-2,530167,
X686-1,530168,
X686-3,530169,
X686-7,530170,
X686-9,530171,
X686-10,530172,
X686-12,530173,
X676-2,530174,
X676-1,530175,
X051-40,530176,
X051-17,530177,
X050-14,530178,
X030A-19,530179,
X039-11,530180,
X030A-32,530181,
X030A-31,530182,
X031-27,530183,
X030A-29,530184,
X031-26,530185,
X030A-5,530186,
X031-6,530187,
X031-16,530188,
X039-6,530189,
X031-40,530190,
X031-41,530191,
X039-5,530192,
X935M-9,530280,
X935F-9,530281,
X935M-25,530282,
X935F-25,530283,
AUX14-A,540000,
G414-A,540001,
+CRP02-D,540002,
+CRP01-D,540003,
CSE07-B,540004,
SEC40-B,540005,
CSE08-B,540006,
CSE07-A,540007,
CSE08-A,540008,
SEC40-A,540009,
+CRP02-C,540010,
+CRP01-A,540011,
+CRP02-A,540012,
+CRP01-C,540013,
+CVH23-A,540014,
+CVH24-A,540015,
G615-A,540016,
CSE14-B,540017,
CSE14-A,540018,
CSE10-A,540019,
CSE09-A,540020,
SEC03-A,540021,
G420-A,540022,
+G409-A,540023,
CSE05-A,540024,
CSE06-A,540025,
+DAS04-A,540026,
SEC02-A,540027,
+G407-A,540028,
CSE13-B,540029,
SEC04-A,540030,
+DAS05-A,540031,
G601-A,540032,
CSE13-A,540033,
CSE02-A,540034,
CSE01-A,540035,
SEC01-A,540036,
AUX12-A,540037,
X121A,540216,
X121,540217,
X486,540218,
X497,540219,
X493,540220,
X494,540221,
X490,540222,
X493,540223,
X694,540224,
X494,540225,
X486,540226,
X497,540227,
X694,540228,
X490,540229,
X030A,540230,
X039,540231,
X030A,540232,
X050,540233,
X039,540234,
X030A,540235,
X039,540236,
X039,540237,
X030A,540238,
X051,540239,
X935F,540435,
X935M,540436,
X935F,540437,
X935M,540438,
X935M,540439,
X935F,540440,
X909F,540441,
X909M,540442,
X909M,540443,
X909F,540444,
X930F,540445,
X930M,540446,
X930F,540447,
X930M,540448,
G041,540479,
G031,540480,
G031,540481,
G032,540482,
G031,540483,
Autopilot ECU (RHD),540240,interactive.device.autopilotecurhd
Autopilot ECU (LHD),540241,interactive.device.autopiloteculhd
Inductive Charger,540242,interactive.device.inductivecharger
Authentication and Heater Right B-Pillar,540243,interactive.device.authenticationandheaterrightbpillar
Authentication Endpoint Interior,540244,interactive.device.authenticationendpointinterior
Authentication Endpoint Rear Center,540245,interactive.device.authenticationendpointrearcenter
Authentication and Heater Left B-Pillar,540246,interactive.device.authenticationandheaterleftbpillar
Radar Interior,540247,interactive.device.radarinterior
Body Controller Left,540248,interactive.device.bodycontrollerleft
Body Controller Left,540249,interactive.device.bodycontrollerleft
Body Controller Right,540250,interactive.device.bodycontrollerright
PRIMARY-RADAR-CAN-H-Ex,540314,interactive.pin.name.primaryradarcanhex
PRIMARY-RADAR-CAN-L-Ex,540315,interactive.pin.name.primaryradarcanlex
PRIMARY-RADAR-CAN-H-Ex,540316,interactive.pin.name.primaryradarcanhex
PRIMARY-RADAR-CAN-L-Ex,540317,interactive.pin.name.primaryradarcanlex
GND,540318,
CANH,540319,
CANL,540320,
Power,540321,interactive.pin.name.power
LIN,540322,
VBAT (BLE),540323,interactive.pin.name.vbatble
GND,540324,
CANL,540325,
CANH,540326,
Heater +,540327,interactive.pin.name.heaterpositive
VBAT,540328,
GND,540329,
CANH,540330,
CANL,540331,
CANL,540332,
CANH,540333,
GND,540334,
VBAT,540335,
VBAT (BLE),540336,interactive.pin.name.vbatble
GND,540337,
CANL,540338,
CANH,540339,
Heater +,540340,interactive.pin.name.heaterpositive
12V,540341,
GND,540342,
CAN-L (CAN-FD),540343,interactive.pin.name.canlcanfd
CAN-H (CAN-FD),540344,interactive.pin.name.canhcanfd
CAN-L (Low Power),540345,interactive.pin.name.canllowpower
CAN-H (Low Power),540346,interactive.pin.name.canhlowpower
BLE_INTERIOR,540347,
BLE_B_PILLAR,540348,
BLE_REAR,540349,
BLE_HEADER_UART_P,540350,
BLE_HEADER_UART_N,540351,
B_PILLAR_HEATER,540352,
BLE_B_PILLAR_LEFT_UART_N,540353,
BLE_B_PILLAR_LEFT_UART_P,540354,
BLE_REAR_CENTER_UART_P,540355,
BLE_REAR_CENTER_UART_N,540356,
WIRELESS_CHARGER_UART_P,540357,
WIRELESS_CHARGER_UART_N,540358,
BLE_B_PILLAR_RIGHT_UART_P,540359,
BLE_B_PILLAR_RIGHT_UART_N,540360,
VEHICLE_CAN_P,540361,
VEHICLE_CAN_N,540362,
INTERIOR_RADAR,540363,
B_PILLAR_HEATER,540364,
BLE_B_PILLAR,540365,
21,540366,
10,540367,
22,540368,
21,540369,
22,540370,
10,540371,
3,540372,
2,540373,
3,540374,
2,540375,
14,540376,
14,540377,
15,540378,
15,540379,
X121A-17,540262,
X121A-18,540263,
X121-17,540264,
X121-18,540265,
X694-5,540266,
X694-3,540267,
X694-4,540268,
X694-1,540269,
X694-2,540270,
X494-2,540271,
X494-5,540272,
X494-3,540273,
X494-6,540274,
X494-1,540275,
X490-2,540276,
X490-4,540277,
X490-1,540278,
X490-3,540279,
X497-1,540280,
X497-2,540281,
X497-3,540282,
X497-4,540283,
X493-2,540284,
X493-5,540285,
X493-3,540286,
X493-6,540287,
X493-1,540288,
X486-3,540289,
X486-4,540290,
X486-5,540291,
X486-6,540292,
X486-7,540293,
X486-8,540294,
X030A-21,540295,
X030A-12,540296,
X030A-25,540297,
X039-18,540298,
X039-19,540299,
X039-25,540300,
X039-17,540301,
X039-16,540302,
X039-23,540303,
X039-24,540304,
X039-28,540305,
X039-29,540306,
X039-20,540307,
X039-21,540308,
X030A-15,540309,
X030A-16,540310,
X051-10,540311,
X051-45,540312,
X050-20,540313,
X935F-21,540449,
X935M-10,540450,
X935F-22,540451,
X935M-21,540452,
X935M-22,540453,
X935F-10,540454,
X909F-3,540455,
X909M-2,540456,
X909M-3,540457,
X909F-2,540458,
X930F-14,540459,
X930M-14,540460,
X930F-15,540461,
X930M-15,540462,
++G013-A,550000,
++G011-A,550001,
++CCH02-D,550002,
+EPS02-A,550003,
++EPS04-A,550004,
++CPT08-A,550005,
+EPS01-A,550006,
++CPT07-A,550007,
++EPS03-A,550008,
++G013-B,550009,
++G011-B,550010,
++CCH01-G,550011,
++CCH02-G,550012,
+EPS02-B,550013,
++EPS04-B,550014,
++CPT08-B,550015,
+EPS01-B,550016,
++CPT07-B,550017,
++EPS03-B,550018,
SCA04-A,550019,
SCA10-A,550020,
SCA07-A,550021,
SCA05-A,550022,
SCA08-A,550023,
SCA01-A,550024,
SCA02-A,550025,
SCA03-A,550026,
IPG01-E,550027,
IPG01-B,550028,
SCA12-A,550029,
SCA11-A,550030,
SCA13-A,550031,
IPG01-H,550032,
++CCH01-D,550033,
X191,550208,
X190,550209,
X193,550210,
X191,550211,
X192,550212,
X190,550213,
X191A,550214,
X190A,550215,
X193A,550216,
X191A,550217,
X192A,550218,
X190A,550219,
X182,550220,
X180,550221,
X180,550222,
X014,550223,
X015,550224,
X010,550225,
X010,550226,
X035,550227,
G098,550379,
G099,550380,
Z1-IPG01,550161,
Z1-++CCH01,550162,
Z1-++CCH01,550163,
Z1-++CCH02,550164,
Z1-++CCH02,550165,
Steering Column Adjust,550228,interactive.device.steeringcolumnadjust
Body Controller Left,550229,interactive.device.bodycontrollerleft
EPAS (LHD),550230,interactive.device.epaslhd
EPAS (RHD),550231,interactive.device.epasrhd
Steering Column Control Module (SCCM),550232,interactive.device.steeringcolumncontrolmodulesccm
Body Controller Front,550233,interactive.device.bodycontrollerfront
Tele IN,550291,interactive.pin.name.telein
Tele OUT,550292,interactive.pin.name.teleout
Tele Hall Sensor +,550293,interactive.pin.name.telehallsensorpositive
Tele Hall Sensor -,550294,interactive.pin.name.telehallsensor
Tilt DOWN,550295,interactive.pin.name.tiltdown
Tilt UP,550296,interactive.pin.name.tiltup
Tilt Hall Sensor +,550297,interactive.pin.name.tilthallsensorpositive
Tilt Hall Sensor -,550298,interactive.pin.name.tilthallsensor
STEERING_COLUMN_IN,550299,
STEERING_COLUMN_OUT,550300,
STEERING_COLUMN_IN_OUT_ENCODER,550301,
STEERING_COLUMN_ENCODER_SHARED_GROUND_RETURN_1,550302,
STEERING_COLUMN_DOWN,550303,
STEERING_COLUMN_UP,550304,
STEERING_COLUMN_UP_DOWN_ENCODER,550305,
STEERING_WHEEL_CONTROLS_ECU,550306,
STEERING_ANGLE_AND_STALK_ECU,550307,
STEERING_WHEEL_CONTROLS_ECU_LIN,550308,
DASHBOARD_HARNESS_GROUND_RETURN,550309,
STEERING_COLUMN_ENCODER_SHARED_GROUND_RETURN_2,550310,
BATT1,550311,
GND1,550312,
BATT2,550313,
GND2,550314,
WAU1,550315,
WAU2,550316,
CAN1_LO,550317,
CAN1_HI,550318,
CAN2_LO,550319,
CAN2_HI,550320,
BATT1,550321,
BATT2,550322,
WAU1,550323,
WAU2,550324,
GND1,550325,
GND2,550326,
CAN1_HI,550327,
CAN1_LO,550328,
CAN2_HI,550329,
CAN2_LO,550330,
Power (Steering Wheel),550331,interactive.pin.name.powersteeringwheel
Power,550332,interactive.pin.name.power
LIN,550333,
GND (Steering Wheel),550334,interactive.pin.name.gndsteeringwheel
GND,550335,
EPAS_1,550336,
EPAS_2,550337,
EPAS_1_WAKE,550338,
EPAS_2_WAKE,550339,
PARTY_CAN_P,550340,
PARTY_CAN_N,550341,
X182-2,550240,
X182-1,550241,
X182-7,550242,
X182-8,550243,
X182-5,550244,
X182-6,550245,
X182-11,550246,
X182-12,550247,
X035-15,550248,
X035-31,550249,
X035-39,550250,
X035-24,550251,
X035-36,550252,
X035-35,550253,
X035-40,550254,
X035-5,550255,
X035-44,550256,
X035-41,550257,
X035-20,550258,
X035-22,550259,
X190-1,550260,
X190-2,550261,
X191-1,550262,
X191-2,550263,
X192-1,550264,
X193-1,550265,
X192-3,550266,
X192-2,550267,
X193-3,550268,
X193-2,550269,
X190A-1,550270,
X191A-1,550271,
X192A-1,550272,
X193A-1,550273,
X190A-2,550274,
X191A-2,550275,
X192A-2,550276,
X192A-3,550277,
X193A-2,550278,
X193A-3,550279,
X180-7,550280,
X180-1,550281,
X180-14,550282,
X180-6,550283,
X180-4,550284,
X014-2,550285,
X015-2,550286,
X010-16,550287,
X010-17,550288,
X010-40,550289,
X010-41,550290,
TLC07-B,560000,
TLC05-A,560001,
TLC04-B,560002,
TLC02-B,560003,
TLC01-B,560004,
TLC07-A,560005,
TLC02-A,560006,
TLC04-A,560007,
TLC01-A,560008,
TLC07-C,560009,
TLC08-B,560010,
TLC04-C,560011,
TLC01-C,560012,
TLC02-C,560013,
TLC05-B,560014,
TLC06-A,560015,
TLC03-A,560016,
G800-A,560017,
TLC07-D,560018,
TLC07-E,560019,
TRL11-A,560020,
TRL10-A,560021,
TLC08-A,560022,
X045,560140,
X045,560141,
X043,560142,
X043,560143,
X044,560144,
X044,560145,
X041,560146,
X042,560147,
X041,560148,
X030B,560149,
X030A,560150,
G041,560251,
Z1-TLC07,560116,
"Trailer Socket, AU",560151,interactive.device.trailersocketau
"Trailer Socket, NA",560152,interactive.device.trailersocketna
"Trailer Socket, EU",560153,interactive.device.trailersocketeu
Trailer Light Controller,560154,interactive.device.trailerlightcontroller
Body Controller Left,560155,interactive.device.bodycontrollerleft
Left Turn Light,560193,interactive.pin.name.leftturnlight
Reverse Light,560194,interactive.pin.name.reverselight
Ground,560195,interactive.pin.name.ground
Right Turn Light,560196,interactive.pin.name.rightturnlight
Stop/Brake Light,560197,interactive.pin.name.stopbrakelight
Tail Lights; Running Lights,560198,interactive.pin.name.taillightsrunninglights
Tail Lights + Running Lights,560199,interactive.pin.name.taillightspositiverunninglights
Right Turn + Stop Lamps,560200,interactive.pin.name.rightturnpositivestoplamps
Ground,560201,interactive.pin.name.ground
Left Turn + Stop Lamps,560202,interactive.pin.name.leftturnpositivestoplamps
Left Turn Light,560203,interactive.pin.name.leftturnlight
Rear Fog Light,560204,interactive.pin.name.rearfoglight
Ground for pins 1-8,560205,interactive.pin.name.groundforpins18
Right Turn Light,560206,interactive.pin.name.rightturnlight
Right Tail Light,560207,interactive.pin.name.righttaillight
Stop Light,560208,interactive.pin.name.stoplight
Left Tail Light,560209,interactive.pin.name.lefttaillight
Reverse Light,560210,interactive.pin.name.reverselight
Ground,560211,interactive.pin.name.ground
LIN,560212,
VBAT,560213,
GND,560214,
"Brake Light(EU,AU)",560215,interactive.pin.name.brakelighteuau
"Reverse Light(NA(S/X),EU)",560216,interactive.pin.name.reverselightnasxeu
"Right Turn Light(NA,EU,AU)",560217,interactive.pin.name.rightturnlightnaeuau
Left Tail Light(EU),560218,interactive.pin.name.lefttaillighteu
"Right Tail Light(NA,EU,AU)",560219,interactive.pin.name.righttaillightnaeuau
"Left Turn Light(NA,EU,AU)",560220,interactive.pin.name.leftturnlightnaeuau
"Fog Light(EU,AU)",560221,interactive.pin.name.foglighteuau
GND,560222,
TRAILER_ECU,560223,
TRAILER_LIGHT_ECU_LIN,560224,
X045-1,560161,
X045-2,560162,
X045-3,560163,
X045-4,560164,
X045-6,560165,
X045-7,560166,
X043-3,560167,
X043-1,560168,
X043-4,560169,
X043-2,560170,
X044-1,560171,
X044-2,560172,
X044-3,560173,
X044-4,560174,
X044-5,560175,
X044-6,560176,
X044-7,560177,
X044-8,560178,
X041-1,560179,
X041-2,560180,
X041-3,560181,
X042-1,560182,
X042-2,560183,
X042-4,560184,
X042-5,560185,
X042-8,560186,
X042-9,560187,
X042-10,560188,
X042-11,560189,
X042-12,560190,
X030B-11,560191,
X030A-7,560192,
