LT,419,Table of Content,0.0,,interactive.page.tableofcontent
FRONT-FRONT,10370, Controller Layout,1.0,,interactive.page.controllerlayout
DOOR-DOOR,10371, Controller Layout,1.0,,interactive.page.controllerlayout
DOOR-X053A/B,10372, Controller Layout,1.0,,interactive.page.controllerlayout
HIGH POWER-HIGH POWER,10376, Controller Layout,1.0,,interactive.page.controllerlayout
FRONT-X012,10377, Controller Layout,1.0,,interactive.page.controllerlayout
MAIN-MAIN,10378, Controller Layout,1.0,,interactive.page.controllerlayout
X010-X010,10379, Controller Layout,1.0,,interactive.page.controllerlayout
X021-X021,10383, Controller Layout,1.0,,interactive.page.controllerlayout
DCDC-DCDC,10384, Controller Layout,1.0,,interactive.page.controllerlayout
DCDC-X015,10385, Controller Layout,1.0,,interactive.page.controllerlayout
BODY 3-BODY 3,10388, Controller Layout,1.0,,interactive.page.controllerlayout
X060-X060,10389, Controller Layout,1.0,,interactive.page.controllerlayout
X021-B+,10390, Controller Layout,1.0,,interactive.page.controllerlayout
X021-X014,10391, Controller Layout,1.0,,interactive.page.controllerlayout
FRONT-HVAC,10394, Controller Layout,1.0,,interactive.page.controllerlayout
DOOR-X058,10395, Controller Layout,1.0,,interactive.page.controllerlayout
POWER & GND-POWER & GND,10398, Controller Layout,1.0,,interactive.page.controllerlayout
X056-X056,10399, Controller Layout,1.0,,interactive.page.controllerlayout
DASH-DASH,10400, Controller Layout,1.0,,interactive.page.controllerlayout
X021-BODY 4,10402, Controller Layout,1.0,,interactive.page.controllerlayout
X021-X059,10403, Controller Layout,1.0,,interactive.page.controllerlayout
BODY 2-BODY 2,10404, Controller Layout,1.0,,interactive.page.controllerlayout
POWER & GND-X051,10405, Controller Layout,1.0,,interactive.page.controllerlayout
BODY 2-BODY 2,10409, Controller Layout,1.0,,interactive.page.controllerlayout
X031-X031,10410, Controller Layout,1.0,,interactive.page.controllerlayout
HIGH POWER-HVAC,10411, Controller Layout,1.0,,interactive.page.controllerlayout
HIGH POWER-X038,10412, Controller Layout,1.0,,interactive.page.controllerlayout
BODY 3-BODY 3,10413, Controller Layout,1.0,,interactive.page.controllerlayout
BODY 3-X039,10414, Controller Layout,1.0,,interactive.page.controllerlayout
POWER & GND-POWER & GND,10415, Controller Layout,1.0,,interactive.page.controllerlayout
BODY 3-X036,10416, Controller Layout,1.0,,interactive.page.controllerlayout
FRONT-FRONT,10419, Controller Layout,1.0,,interactive.page.controllerlayout
MAIN-DOOR,10420, Controller Layout,1.0,,interactive.page.controllerlayout
X010-X033A/B,10421, Controller Layout,1.0,,interactive.page.controllerlayout
POWER & GND-HIGH POWER,10422, Controller Layout,1.0,,interactive.page.controllerlayout
BODY 3-X011,10423, Controller Layout,1.0,,interactive.page.controllerlayout
Adaptive Damper Valve RF,20304,Active Suspension,2.0,interactive.device.adaptivedampervalverf,interactive.page.activesuspension
Adaptive Damper Valve LF,20305,Active Suspension,2.0,interactive.device.adaptivedampervalvelf,interactive.page.activesuspension
Adaptive Damper Valve RR,20306,Active Suspension,2.0,interactive.device.adaptivedampervalverr,interactive.page.activesuspension
Adaptive Damper Valve LR,20307,Active Suspension,2.0,interactive.device.adaptivedampervalvelr,interactive.page.activesuspension
Wheel Speed Sensor and Accelerometer RR Inline,20308,Active Suspension,2.0,interactive.device.wheelspeedsensorandaccelerometerrrinline,interactive.page.activesuspension
Wheel Speed Sensor and Accelerometer LR Inline,20309,Active Suspension,2.0,interactive.device.wheelspeedsensorandaccelerometerlrinline,interactive.page.activesuspension
EPB and Adaptive Damper Valve LR,20310,Active Suspension,2.0,interactive.device.epbandadaptivedampervalvelr,interactive.page.activesuspension
"Wheel Speed Sensor, Accelerometer and Adaptive Damper Valve LF Inline",20311,Active Suspension,2.0,interactive.device.wheelspeedsensoraccelerometerandadaptivedampervalvelfinline,interactive.page.activesuspension
"Wheel Speed Sensor, Accelerometer and Adaptive Damper Valve RF Inline",20312,Active Suspension,2.0,interactive.device.wheelspeedsensoraccelerometerandadaptivedampervalverfinline,interactive.page.activesuspension
"Wheel Speed Sensor, Accelerometer and Adaptive Damper Valve LF Inline",20313,Active Suspension,2.0,interactive.device.wheelspeedsensoraccelerometerandadaptivedampervalvelfinline,interactive.page.activesuspension
EPB and Adaptive Damper Valve RR,20314,Active Suspension,2.0,interactive.device.epbandadaptivedampervalverr,interactive.page.activesuspension
"Wheel Speed Sensor, Accelerometer and Adaptive Damper Valve RF Inline",20315,Active Suspension,2.0,interactive.device.wheelspeedsensoraccelerometerandadaptivedampervalverfinline,interactive.page.activesuspension
Body Controller Right,20316,Active Suspension,2.0,interactive.device.bodycontrollerright,interactive.page.activesuspension
"Wheel Speed Sensor, Accelerometer LR Endpoint",20317,Active Suspension,2.0,interactive.device.wheelspeedsensoraccelerometerlrendpoint,interactive.page.activesuspension
"Wheel Speed Sensor, Accelerometer RF Endpoint",20318,Active Suspension,2.0,interactive.device.wheelspeedsensoraccelerometerrfendpoint,interactive.page.activesuspension
"Wheel Speed Sensor, Accelerometer RR Endpoint",20319,Active Suspension,2.0,interactive.device.wheelspeedsensoraccelerometerrrendpoint,interactive.page.activesuspension
"Wheel Speed Sensor, Accelerometer LF Endpoint",20320,Active Suspension,2.0,interactive.device.wheelspeedsensoraccelerometerlfendpoint,interactive.page.activesuspension
X076-1,20338,Active Suspension,2.0,,interactive.page.activesuspension
X076-2,20339,Active Suspension,2.0,,interactive.page.activesuspension
X075-1,20340,Active Suspension,2.0,,interactive.page.activesuspension
X075-2,20341,Active Suspension,2.0,,interactive.page.activesuspension
X078-1,20342,Active Suspension,2.0,,interactive.page.activesuspension
X078-2,20343,Active Suspension,2.0,,interactive.page.activesuspension
X077-1,20344,Active Suspension,2.0,,interactive.page.activesuspension
X077-2,20345,Active Suspension,2.0,,interactive.page.activesuspension
X157A-2,20346,Active Suspension,2.0,,interactive.page.activesuspension
X157A-1,20347,Active Suspension,2.0,,interactive.page.activesuspension
X157A-3,20348,Active Suspension,2.0,,interactive.page.activesuspension
X157A-4,20349,Active Suspension,2.0,,interactive.page.activesuspension
157AM-1,20350,Active Suspension,2.0,,interactive.page.activesuspension
157AM-2,20351,Active Suspension,2.0,,interactive.page.activesuspension
157AM-3,20352,Active Suspension,2.0,,interactive.page.activesuspension
157AM-4,20353,Active Suspension,2.0,,interactive.page.activesuspension
X156A-2,20354,Active Suspension,2.0,,interactive.page.activesuspension
X156A-1,20355,Active Suspension,2.0,,interactive.page.activesuspension
156AM-1,20356,Active Suspension,2.0,,interactive.page.activesuspension
156AM-2,20357,Active Suspension,2.0,,interactive.page.activesuspension
156AM-3,20358,Active Suspension,2.0,,interactive.page.activesuspension
156AM-4,20359,Active Suspension,2.0,,interactive.page.activesuspension
X162A-1,20360,Active Suspension,2.0,,interactive.page.activesuspension
X162A-2,20361,Active Suspension,2.0,,interactive.page.activesuspension
X162B-1,20362,Active Suspension,2.0,,interactive.page.activesuspension
X162B-2,20363,Active Suspension,2.0,,interactive.page.activesuspension
X154A-2,20364,Active Suspension,2.0,,interactive.page.activesuspension
X154A-1,20365,Active Suspension,2.0,,interactive.page.activesuspension
154AF-1,20366,Active Suspension,2.0,,interactive.page.activesuspension
154AF-2,20367,Active Suspension,2.0,,interactive.page.activesuspension
154AF-3,20368,Active Suspension,2.0,,interactive.page.activesuspension
154AF-4,20369,Active Suspension,2.0,,interactive.page.activesuspension
X155A-5,20370,Active Suspension,2.0,,interactive.page.activesuspension
X155A-6,20371,Active Suspension,2.0,,interactive.page.activesuspension
155AF-5,20372,Active Suspension,2.0,,interactive.page.activesuspension
155AF-6,20373,Active Suspension,2.0,,interactive.page.activesuspension
X154A-5,20374,Active Suspension,2.0,,interactive.page.activesuspension
X154A-6,20375,Active Suspension,2.0,,interactive.page.activesuspension
154AF-5,20376,Active Suspension,2.0,,interactive.page.activesuspension
154AF-6,20377,Active Suspension,2.0,,interactive.page.activesuspension
X163A-1,20378,Active Suspension,2.0,,interactive.page.activesuspension
X163A-2,20379,Active Suspension,2.0,,interactive.page.activesuspension
X163B-1,20380,Active Suspension,2.0,,interactive.page.activesuspension
X163B-2,20381,Active Suspension,2.0,,interactive.page.activesuspension
X155A-2,20382,Active Suspension,2.0,,interactive.page.activesuspension
X155A-1,20383,Active Suspension,2.0,,interactive.page.activesuspension
X155A-3,20384,Active Suspension,2.0,,interactive.page.activesuspension
X155A-4,20385,Active Suspension,2.0,,interactive.page.activesuspension
155AF-1,20386,Active Suspension,2.0,,interactive.page.activesuspension
155AF-2,20387,Active Suspension,2.0,,interactive.page.activesuspension
155AF-3,20388,Active Suspension,2.0,,interactive.page.activesuspension
155AF-4,20389,Active Suspension,2.0,,interactive.page.activesuspension
X057-5,20390,Active Suspension,2.0,,interactive.page.activesuspension
X057-4,20391,Active Suspension,2.0,,interactive.page.activesuspension
X057-16,20392,Active Suspension,2.0,,interactive.page.activesuspension
X057-17,20393,Active Suspension,2.0,,interactive.page.activesuspension
X059-32,20394,Active Suspension,2.0,,interactive.page.activesuspension
X059-33,20395,Active Suspension,2.0,,interactive.page.activesuspension
X059-35,20396,Active Suspension,2.0,,interactive.page.activesuspension
X059-36,20397,Active Suspension,2.0,,interactive.page.activesuspension
X057-20,20398,Active Suspension,2.0,,interactive.page.activesuspension
X057-21,20399,Active Suspension,2.0,,interactive.page.activesuspension
X050-59,20400,Active Suspension,2.0,,interactive.page.activesuspension
X050-60,20401,Active Suspension,2.0,,interactive.page.activesuspension
X156B-1,20402,Active Suspension,2.0,,interactive.page.activesuspension
X156B-2,20403,Active Suspension,2.0,,interactive.page.activesuspension
X156B-3,20404,Active Suspension,2.0,,interactive.page.activesuspension
X156B-4,20405,Active Suspension,2.0,,interactive.page.activesuspension
X155B-1,20406,Active Suspension,2.0,,interactive.page.activesuspension
X155B-2,20407,Active Suspension,2.0,,interactive.page.activesuspension
X155B-3,20408,Active Suspension,2.0,,interactive.page.activesuspension
X155B-4,20409,Active Suspension,2.0,,interactive.page.activesuspension
X157B-1,20410,Active Suspension,2.0,,interactive.page.activesuspension
X157B-2,20411,Active Suspension,2.0,,interactive.page.activesuspension
X157B-3,20412,Active Suspension,2.0,,interactive.page.activesuspension
X157B-4,20413,Active Suspension,2.0,,interactive.page.activesuspension
X154B-1,20414,Active Suspension,2.0,,interactive.page.activesuspension
X154B-2,20415,Active Suspension,2.0,,interactive.page.activesuspension
X154B-3,20416,Active Suspension,2.0,,interactive.page.activesuspension
X154B-4,20417,Active Suspension,2.0,,interactive.page.activesuspension
X952F-11,20592,Active Suspension,2.0,,interactive.page.activesuspension
X952M-11,20593,Active Suspension,2.0,,interactive.page.activesuspension
X952M-12,20594,Active Suspension,2.0,,interactive.page.activesuspension
X952F-12,20595,Active Suspension,2.0,,interactive.page.activesuspension
X935M-1,20596,Active Suspension,2.0,,interactive.page.activesuspension
X935F-1,20597,Active Suspension,2.0,,interactive.page.activesuspension
X935M-2,20598,Active Suspension,2.0,,interactive.page.activesuspension
X935F-2,20599,Active Suspension,2.0,,interactive.page.activesuspension
Speaker Pedestrian Warning Rear,30585,Audio Lhd,3.0,interactive.device.speakerpedestrianwarningrear,interactive.page.audiolhd
Speaker Superhorn,30586,Audio Lhd,3.0,interactive.device.speakersuperhorn,interactive.page.audiolhd
MCU (LHD),30587,Audio Lhd,3.0,interactive.device.mculhd,interactive.page.audiolhd
Body Controller Right,30588,Audio Lhd,3.0,interactive.device.bodycontrollerright,interactive.page.audiolhd
Body Controller Right,30589,Audio Lhd,3.0,interactive.device.bodycontrollerright,interactive.page.audiolhd
Body Controller Left,30590,Audio Lhd,3.0,interactive.device.bodycontrollerleft,interactive.page.audiolhd
Speaker Front Right Door Base,30591,Audio Lhd,3.0,interactive.device.speakerfrontrightdoorbase,interactive.page.audiolhd
Speaker IP Center,30592,Audio Lhd,3.0,interactive.device.speakeripcenter,interactive.page.audiolhd
Speaker Headliner Right,30593,Audio Lhd,3.0,interactive.device.speakerheadlinerright,interactive.page.audiolhd
Speaker Front Left Door Tweeter,30594,Audio Lhd,3.0,interactive.device.speakerfrontleftdoortweeter,interactive.page.audiolhd
Speaker Rear Left Door,30595,Audio Lhd,3.0,interactive.device.speakerrearleftdoor,interactive.page.audiolhd
Speaker Headliner Left,30596,Audio Lhd,3.0,interactive.device.speakerheadlinerleft,interactive.page.audiolhd
Speaker IP Left,30597,Audio Lhd,3.0,interactive.device.speakeripleft,interactive.page.audiolhd
Speaker Rear Right Door,30598,Audio Lhd,3.0,interactive.device.speakerrearrightdoor,interactive.page.audiolhd
Speaker IP Right,30599,Audio Lhd,3.0,interactive.device.speakeripright,interactive.page.audiolhd
Speaker Front Left Door Base,30600,Audio Lhd,3.0,interactive.device.speakerfrontleftdoorbase,interactive.page.audiolhd
Speaker Front Right Door Tweeter,30601,Audio Lhd,3.0,interactive.device.speakerfrontrightdoortweeter,interactive.page.audiolhd
Radio Tuner,30602,Audio Lhd,3.0,interactive.device.radiotuner,interactive.page.audiolhd
X604-1,30621,Audio Lhd,3.0,,interactive.page.audiolhd
X604-2,30622,Audio Lhd,3.0,,interactive.page.audiolhd
X602-1,30623,Audio Lhd,3.0,,interactive.page.audiolhd
X602-2,30624,Audio Lhd,3.0,,interactive.page.audiolhd
X175-11,30625,Audio Lhd,3.0,,interactive.page.audiolhd
X175-12,30626,Audio Lhd,3.0,,interactive.page.audiolhd
X171-7,30627,Audio Lhd,3.0,,interactive.page.audiolhd
X171-8,30628,Audio Lhd,3.0,,interactive.page.audiolhd
X175-9,30629,Audio Lhd,3.0,,interactive.page.audiolhd
X175-10,30630,Audio Lhd,3.0,,interactive.page.audiolhd
X175-3,30631,Audio Lhd,3.0,,interactive.page.audiolhd
X175-4,30632,Audio Lhd,3.0,,interactive.page.audiolhd
X175-7,30633,Audio Lhd,3.0,,interactive.page.audiolhd
X175-8,30634,Audio Lhd,3.0,,interactive.page.audiolhd
X171-5,30635,Audio Lhd,3.0,,interactive.page.audiolhd
X171-6,30636,Audio Lhd,3.0,,interactive.page.audiolhd
X171-1,30637,Audio Lhd,3.0,,interactive.page.audiolhd
X171-2,30638,Audio Lhd,3.0,,interactive.page.audiolhd
X175-13,30639,Audio Lhd,3.0,,interactive.page.audiolhd
X175-14,30640,Audio Lhd,3.0,,interactive.page.audiolhd
X171-3,30641,Audio Lhd,3.0,,interactive.page.audiolhd
X171-4,30642,Audio Lhd,3.0,,interactive.page.audiolhd
X171-15,30643,Audio Lhd,3.0,,interactive.page.audiolhd
X171-16,30644,Audio Lhd,3.0,,interactive.page.audiolhd
X050-45,30645,Audio Lhd,3.0,,interactive.page.audiolhd
X053A-5,30646,Audio Lhd,3.0,,interactive.page.audiolhd
X059-5,30647,Audio Lhd,3.0,,interactive.page.audiolhd
X059-6,30648,Audio Lhd,3.0,,interactive.page.audiolhd
X053A-22,30649,Audio Lhd,3.0,,interactive.page.audiolhd
X053A-23,30650,Audio Lhd,3.0,,interactive.page.audiolhd
X051-19,30651,Audio Lhd,3.0,,interactive.page.audiolhd
X051-35,30652,Audio Lhd,3.0,,interactive.page.audiolhd
X053B-2,30653,Audio Lhd,3.0,,interactive.page.audiolhd
X053B-1,30654,Audio Lhd,3.0,,interactive.page.audiolhd
X053A-6,30655,Audio Lhd,3.0,,interactive.page.audiolhd
X051-33,30656,Audio Lhd,3.0,,interactive.page.audiolhd
X051-34,30657,Audio Lhd,3.0,,interactive.page.audiolhd
X051-31,30658,Audio Lhd,3.0,,interactive.page.audiolhd
X051-32,30659,Audio Lhd,3.0,,interactive.page.audiolhd
X051-15,30660,Audio Lhd,3.0,,interactive.page.audiolhd
X051-16,30661,Audio Lhd,3.0,,interactive.page.audiolhd
X055-36,30662,Audio Lhd,3.0,,interactive.page.audiolhd
X055-35,30663,Audio Lhd,3.0,,interactive.page.audiolhd
X055-38,30664,Audio Lhd,3.0,,interactive.page.audiolhd
X055-37,30665,Audio Lhd,3.0,,interactive.page.audiolhd
X055-40,30666,Audio Lhd,3.0,,interactive.page.audiolhd
X055-39,30667,Audio Lhd,3.0,,interactive.page.audiolhd
X031-34,30668,Audio Lhd,3.0,,interactive.page.audiolhd
X031-33,30669,Audio Lhd,3.0,,interactive.page.audiolhd
X033B-3,30670,Audio Lhd,3.0,,interactive.page.audiolhd
X033B-4,30671,Audio Lhd,3.0,,interactive.page.audiolhd
X039-14,30672,Audio Lhd,3.0,,interactive.page.audiolhd
X039-15,30673,Audio Lhd,3.0,,interactive.page.audiolhd
X033A-6,30674,Audio Lhd,3.0,,interactive.page.audiolhd
X033A-5,30675,Audio Lhd,3.0,,interactive.page.audiolhd
X033B-1,30676,Audio Lhd,3.0,,interactive.page.audiolhd
X033B-2,30677,Audio Lhd,3.0,,interactive.page.audiolhd
X578-1,30678,Audio Lhd,3.0,,interactive.page.audiolhd
X578-2,30679,Audio Lhd,3.0,,interactive.page.audiolhd
X595-1,30680,Audio Lhd,3.0,,interactive.page.audiolhd
X595-2,30681,Audio Lhd,3.0,,interactive.page.audiolhd
X579-1,30682,Audio Lhd,3.0,,interactive.page.audiolhd
X579-2,30683,Audio Lhd,3.0,,interactive.page.audiolhd
X565-2,30684,Audio Lhd,3.0,,interactive.page.audiolhd
X565-1,30685,Audio Lhd,3.0,,interactive.page.audiolhd
X586-1,30686,Audio Lhd,3.0,,interactive.page.audiolhd
X586-2,30687,Audio Lhd,3.0,,interactive.page.audiolhd
X569-2,30688,Audio Lhd,3.0,,interactive.page.audiolhd
X569-1,30689,Audio Lhd,3.0,,interactive.page.audiolhd
X566-1,30690,Audio Lhd,3.0,,interactive.page.audiolhd
X566-2,30691,Audio Lhd,3.0,,interactive.page.audiolhd
X591-2,30692,Audio Lhd,3.0,,interactive.page.audiolhd
X591-1,30693,Audio Lhd,3.0,,interactive.page.audiolhd
X576-1,30694,Audio Lhd,3.0,,interactive.page.audiolhd
X576-2,30695,Audio Lhd,3.0,,interactive.page.audiolhd
X568-1,30696,Audio Lhd,3.0,,interactive.page.audiolhd
X568-2,30697,Audio Lhd,3.0,,interactive.page.audiolhd
X575-1,30698,Audio Lhd,3.0,,interactive.page.audiolhd
X575-2,30699,Audio Lhd,3.0,,interactive.page.audiolhd
X562-1,30700,Audio Lhd,3.0,,interactive.page.audiolhd
X562-4,30701,Audio Lhd,3.0,,interactive.page.audiolhd
X562-9,30702,Audio Lhd,3.0,,interactive.page.audiolhd
X562-7,30703,Audio Lhd,3.0,,interactive.page.audiolhd
G042-10,30882,Audio Lhd,3.0,,interactive.page.audiolhd
X924M-14,31016,Audio Lhd,3.0,,interactive.page.audiolhd
X924F-14,31017,Audio Lhd,3.0,,interactive.page.audiolhd
X924F-26,31018,Audio Lhd,3.0,,interactive.page.audiolhd
X926F-26,31019,Audio Lhd,3.0,,interactive.page.audiolhd
X926F-14,31020,Audio Lhd,3.0,,interactive.page.audiolhd
X926M-14,31021,Audio Lhd,3.0,,interactive.page.audiolhd
X926M-26,31022,Audio Lhd,3.0,,interactive.page.audiolhd
X936M-11,31023,Audio Lhd,3.0,,interactive.page.audiolhd
X936F-23,31024,Audio Lhd,3.0,,interactive.page.audiolhd
X936F-15,31025,Audio Lhd,3.0,,interactive.page.audiolhd
X936F-18,31026,Audio Lhd,3.0,,interactive.page.audiolhd
X936M-15,31027,Audio Lhd,3.0,,interactive.page.audiolhd
X936F-4,31028,Audio Lhd,3.0,,interactive.page.audiolhd
X936M-1,31029,Audio Lhd,3.0,,interactive.page.audiolhd
X936F-14,31030,Audio Lhd,3.0,,interactive.page.audiolhd
X936F-26,31031,Audio Lhd,3.0,,interactive.page.audiolhd
X936M-14,31032,Audio Lhd,3.0,,interactive.page.audiolhd
X936F-11,31033,Audio Lhd,3.0,,interactive.page.audiolhd
X936M-18,31034,Audio Lhd,3.0,,interactive.page.audiolhd
X936M-4,31035,Audio Lhd,3.0,,interactive.page.audiolhd
X936M-23,31036,Audio Lhd,3.0,,interactive.page.audiolhd
X936M-26,31037,Audio Lhd,3.0,,interactive.page.audiolhd
X936F-1,31038,Audio Lhd,3.0,,interactive.page.audiolhd
X949M-12,31039,Audio Lhd,3.0,,interactive.page.audiolhd
X949F-6,31040,Audio Lhd,3.0,,interactive.page.audiolhd
X949F-12,31041,Audio Lhd,3.0,,interactive.page.audiolhd
X949M-6,31042,Audio Lhd,3.0,,interactive.page.audiolhd
X935F-32,31043,Audio Lhd,3.0,,interactive.page.audiolhd
X935F-16,31044,Audio Lhd,3.0,,interactive.page.audiolhd
X935M-32,31045,Audio Lhd,3.0,,interactive.page.audiolhd
X935M-16,31046,Audio Lhd,3.0,,interactive.page.audiolhd
X908F-5,31047,Audio Lhd,3.0,,interactive.page.audiolhd
X908M-5,31048,Audio Lhd,3.0,,interactive.page.audiolhd
X908M-6,31049,Audio Lhd,3.0,,interactive.page.audiolhd
X908F-6,31050,Audio Lhd,3.0,,interactive.page.audiolhd
X922M-1,31051,Audio Lhd,3.0,,interactive.page.audiolhd
X922M-12,31052,Audio Lhd,3.0,,interactive.page.audiolhd
X922F-1,31053,Audio Lhd,3.0,,interactive.page.audiolhd
X922F-12,31054,Audio Lhd,3.0,,interactive.page.audiolhd
X923F-1,31055,Audio Lhd,3.0,,interactive.page.audiolhd
X923M-1,31056,Audio Lhd,3.0,,interactive.page.audiolhd
X923F-12,31057,Audio Lhd,3.0,,interactive.page.audiolhd
X923M-12,31058,Audio Lhd,3.0,,interactive.page.audiolhd
X923F-1,31059,Audio Lhd,3.0,,interactive.page.audiolhd
X923M-1,31060,Audio Lhd,3.0,,interactive.page.audiolhd
X923F-12,31061,Audio Lhd,3.0,,interactive.page.audiolhd
X923M-12,31062,Audio Lhd,3.0,,interactive.page.audiolhd
X922F-1,31063,Audio Lhd,3.0,,interactive.page.audiolhd
X922M-1,31064,Audio Lhd,3.0,,interactive.page.audiolhd
X922F-12,31065,Audio Lhd,3.0,,interactive.page.audiolhd
X922M-12,31066,Audio Lhd,3.0,,interactive.page.audiolhd
X981M-10,31067,Audio Lhd,3.0,,interactive.page.audiolhd
X981F-10,31068,Audio Lhd,3.0,,interactive.page.audiolhd
X927M-1,31069,Audio Lhd,3.0,,interactive.page.audiolhd
X927F-1,31070,Audio Lhd,3.0,,interactive.page.audiolhd
X981M-18,31071,Audio Lhd,3.0,,interactive.page.audiolhd
X981F-18,31072,Audio Lhd,3.0,,interactive.page.audiolhd
X927M-12,31073,Audio Lhd,3.0,,interactive.page.audiolhd
X927F-12,31074,Audio Lhd,3.0,,interactive.page.audiolhd
X981M-1,31075,Audio Lhd,3.0,,interactive.page.audiolhd
X981F-1,31076,Audio Lhd,3.0,,interactive.page.audiolhd
X981M-11,31077,Audio Lhd,3.0,,interactive.page.audiolhd
X981F-11,31078,Audio Lhd,3.0,,interactive.page.audiolhd
X924M-26,31079,Audio Lhd,3.0,,interactive.page.audiolhd
X901F-2,31080,Audio Lhd,3.0,,interactive.page.audiolhd
X901M-2,31081,Audio Lhd,3.0,,interactive.page.audiolhd
X901F-3,31082,Audio Lhd,3.0,,interactive.page.audiolhd
X901M-3,31083,Audio Lhd,3.0,,interactive.page.audiolhd
X925M-12,31084,Audio Lhd,3.0,,interactive.page.audiolhd
X925F-12,31085,Audio Lhd,3.0,,interactive.page.audiolhd
X925M-1,31086,Audio Lhd,3.0,,interactive.page.audiolhd
X925F-1,31087,Audio Lhd,3.0,,interactive.page.audiolhd
Front Overhead Module,40160,Audio Microphones,4.0,interactive.device.frontoverheadmodule,interactive.page.audiomicrophones
Microphone - Overhead Left,40161,Audio Microphones,4.0,interactive.device.microphoneoverheadleft,interactive.page.audiomicrophones
Microphone - Overhead Right,40162,Audio Microphones,4.0,interactive.device.microphoneoverheadright,interactive.page.audiomicrophones
Premium Amp Audio,40163,Audio Microphones,4.0,interactive.device.premiumampaudio,interactive.page.audiomicrophones
TCU,40164,Audio Microphones,4.0,,interactive.page.audiomicrophones
MCU (RHD),40165,Audio Microphones,4.0,interactive.device.mcurhd,interactive.page.audiomicrophones
MCU (LHD),40166,Audio Microphones,4.0,interactive.device.mculhd,interactive.page.audiomicrophones
X299-8,40174,Audio Microphones,4.0,,interactive.page.audiomicrophones
X299-16,40175,Audio Microphones,4.0,,interactive.page.audiomicrophones
X608-1,40176,Audio Microphones,4.0,,interactive.page.audiomicrophones
X608-2,40177,Audio Microphones,4.0,,interactive.page.audiomicrophones
X608-3,40178,Audio Microphones,4.0,,interactive.page.audiomicrophones
X608-4,40179,Audio Microphones,4.0,,interactive.page.audiomicrophones
X608-5,40180,Audio Microphones,4.0,,interactive.page.audiomicrophones
X609-1,40181,Audio Microphones,4.0,,interactive.page.audiomicrophones
X609-2,40182,Audio Microphones,4.0,,interactive.page.audiomicrophones
X609-3,40183,Audio Microphones,4.0,,interactive.page.audiomicrophones
X609-4,40184,Audio Microphones,4.0,,interactive.page.audiomicrophones
X609-5,40185,Audio Microphones,4.0,,interactive.page.audiomicrophones
X563-7,40186,Audio Microphones,4.0,,interactive.page.audiomicrophones
X563-8,40187,Audio Microphones,4.0,,interactive.page.audiomicrophones
X607-3,40188,Audio Microphones,4.0,,interactive.page.audiomicrophones
X607-4,40189,Audio Microphones,4.0,,interactive.page.audiomicrophones
X607-5,40190,Audio Microphones,4.0,,interactive.page.audiomicrophones
X607-7,40191,Audio Microphones,4.0,,interactive.page.audiomicrophones
X607-8,40192,Audio Microphones,4.0,,interactive.page.audiomicrophones
X825-H,40193,Audio Microphones,4.0,,interactive.page.audiomicrophones
X175A-15,40194,Audio Microphones,4.0,,interactive.page.audiomicrophones
X175A-16,40195,Audio Microphones,4.0,,interactive.page.audiomicrophones
X833A-H,40196,Audio Microphones,4.0,,interactive.page.audiomicrophones
X171A-14,40197,Audio Microphones,4.0,,interactive.page.audiomicrophones
X175-16,40198,Audio Microphones,4.0,,interactive.page.audiomicrophones
X175-15,40199,Audio Microphones,4.0,,interactive.page.audiomicrophones
X171-14,40200,Audio Microphones,4.0,,interactive.page.audiomicrophones
X833-H,40201,Audio Microphones,4.0,,interactive.page.audiomicrophones
X981M-15,40294,Audio Microphones,4.0,,interactive.page.audiomicrophones
X981F-15,40295,Audio Microphones,4.0,,interactive.page.audiomicrophones
X981M-14,40296,Audio Microphones,4.0,,interactive.page.audiomicrophones
X981F-14,40297,Audio Microphones,4.0,,interactive.page.audiomicrophones
X981M-6,40298,Audio Microphones,4.0,,interactive.page.audiomicrophones
X981F-6,40299,Audio Microphones,4.0,,interactive.page.audiomicrophones
X981M-5,40300,Audio Microphones,4.0,,interactive.page.audiomicrophones
X981F-5,40301,Audio Microphones,4.0,,interactive.page.audiomicrophones
X936M-8,40302,Audio Microphones,4.0,,interactive.page.audiomicrophones
X936F-8,40303,Audio Microphones,4.0,,interactive.page.audiomicrophones
X936F-7,40304,Audio Microphones,4.0,,interactive.page.audiomicrophones
X936F-20,40305,Audio Microphones,4.0,,interactive.page.audiomicrophones
X936F-21,40306,Audio Microphones,4.0,,interactive.page.audiomicrophones
X936M-21,40307,Audio Microphones,4.0,,interactive.page.audiomicrophones
X936M-7,40308,Audio Microphones,4.0,,interactive.page.audiomicrophones
X936M-20,40309,Audio Microphones,4.0,,interactive.page.audiomicrophones
Speaker Front Right Door 80mm,50422,Audio Premium Amp,5.0,interactive.device.speakerfrontrightdoor80mm,interactive.page.audiopremiumamp
Speaker Rear Right Door,50423,Audio Premium Amp,5.0,interactive.device.speakerrearrightdoor,interactive.page.audiopremiumamp
Speaker Front Right Door Prem Woofer,50424,Audio Premium Amp,5.0,interactive.device.speakerfrontrightdoorpremwoofer,interactive.page.audiopremiumamp
Speaker Front Left Door 80mm,50425,Audio Premium Amp,5.0,interactive.device.speakerfrontleftdoor80mm,interactive.page.audiopremiumamp
Speaker Parcel Shelf Right,50426,Audio Premium Amp,5.0,interactive.device.speakerparcelshelfright,interactive.page.audiopremiumamp
Speaker Subwoofer Left Parcel Shelf,50427,Audio Premium Amp,5.0,interactive.device.speakersubwooferleftparcelshelf,interactive.page.audiopremiumamp
Speaker Subwoofer Right Parcel Shelf,50428,Audio Premium Amp,5.0,interactive.device.speakersubwooferrightparcelshelf,interactive.page.audiopremiumamp
Speaker Front Left Door Prem Woofer,50429,Audio Premium Amp,5.0,interactive.device.speakerfrontleftdoorpremwoofer,interactive.page.audiopremiumamp
Speaker Parcel Shelf Left,50430,Audio Premium Amp,5.0,interactive.device.speakerparcelshelfleft,interactive.page.audiopremiumamp
Speaker Rear Left Door,50431,Audio Premium Amp,5.0,interactive.device.speakerrearleftdoor,interactive.page.audiopremiumamp
Premium Amp Audio,50432,Audio Premium Amp,5.0,interactive.device.premiumampaudio,interactive.page.audiopremiumamp
Microphone - Overhead Right,50433,Audio Premium Amp,5.0,interactive.device.microphoneoverheadright,interactive.page.audiopremiumamp
Body Controller Right,50434,Audio Premium Amp,5.0,interactive.device.bodycontrollerright,interactive.page.audiopremiumamp
Body Controller Left,50435,Audio Premium Amp,5.0,interactive.device.bodycontrollerleft,interactive.page.audiopremiumamp
Body Controller Right,50436,Audio Premium Amp,5.0,interactive.device.bodycontrollerright,interactive.page.audiopremiumamp
X580-1,50452,Audio Premium Amp,5.0,,interactive.page.audiopremiumamp
X580-2,50453,Audio Premium Amp,5.0,,interactive.page.audiopremiumamp
X591-1,50454,Audio Premium Amp,5.0,,interactive.page.audiopremiumamp
X591-2,50455,Audio Premium Amp,5.0,,interactive.page.audiopremiumamp
X577-1,50456,Audio Premium Amp,5.0,,interactive.page.audiopremiumamp
X577-2,50457,Audio Premium Amp,5.0,,interactive.page.audiopremiumamp
X570-1,50458,Audio Premium Amp,5.0,,interactive.page.audiopremiumamp
X570-2,50459,Audio Premium Amp,5.0,,interactive.page.audiopremiumamp
X593-1,50460,Audio Premium Amp,5.0,,interactive.page.audiopremiumamp
X593-2,50461,Audio Premium Amp,5.0,,interactive.page.audiopremiumamp
X601-1,50462,Audio Premium Amp,5.0,,interactive.page.audiopremiumamp
X601-2,50463,Audio Premium Amp,5.0,,interactive.page.audiopremiumamp
X600-1,50464,Audio Premium Amp,5.0,,interactive.page.audiopremiumamp
X600-2,50465,Audio Premium Amp,5.0,,interactive.page.audiopremiumamp
X567-1,50466,Audio Premium Amp,5.0,,interactive.page.audiopremiumamp
X567-2,50467,Audio Premium Amp,5.0,,interactive.page.audiopremiumamp
X588-1,50468,Audio Premium Amp,5.0,,interactive.page.audiopremiumamp
X588-2,50469,Audio Premium Amp,5.0,,interactive.page.audiopremiumamp
X586-1,50470,Audio Premium Amp,5.0,,interactive.page.audiopremiumamp
X586-2,50471,Audio Premium Amp,5.0,,interactive.page.audiopremiumamp
X560-1,50472,Audio Premium Amp,5.0,,interactive.page.audiopremiumamp
X560-2,50473,Audio Premium Amp,5.0,,interactive.page.audiopremiumamp
X560-3,50474,Audio Premium Amp,5.0,,interactive.page.audiopremiumamp
X560-4,50475,Audio Premium Amp,5.0,,interactive.page.audiopremiumamp
X560-5,50476,Audio Premium Amp,5.0,,interactive.page.audiopremiumamp
X560-6,50477,Audio Premium Amp,5.0,,interactive.page.audiopremiumamp
X560-11,50478,Audio Premium Amp,5.0,,interactive.page.audiopremiumamp
X560-12,50479,Audio Premium Amp,5.0,,interactive.page.audiopremiumamp
X561-1,50480,Audio Premium Amp,5.0,,interactive.page.audiopremiumamp
X561-2,50481,Audio Premium Amp,5.0,,interactive.page.audiopremiumamp
X561-3,50482,Audio Premium Amp,5.0,,interactive.page.audiopremiumamp
X561-4,50483,Audio Premium Amp,5.0,,interactive.page.audiopremiumamp
X561-5,50484,Audio Premium Amp,5.0,,interactive.page.audiopremiumamp
X561-6,50485,Audio Premium Amp,5.0,,interactive.page.audiopremiumamp
X561-7,50486,Audio Premium Amp,5.0,,interactive.page.audiopremiumamp
X561-8,50487,Audio Premium Amp,5.0,,interactive.page.audiopremiumamp
X561-9,50488,Audio Premium Amp,5.0,,interactive.page.audiopremiumamp
X561-10,50489,Audio Premium Amp,5.0,,interactive.page.audiopremiumamp
X563-7,50490,Audio Premium Amp,5.0,,interactive.page.audiopremiumamp
X563-8,50491,Audio Premium Amp,5.0,,interactive.page.audiopremiumamp
X560-7,50492,Audio Premium Amp,5.0,,interactive.page.audiopremiumamp
X560-8,50493,Audio Premium Amp,5.0,,interactive.page.audiopremiumamp
X560-9,50494,Audio Premium Amp,5.0,,interactive.page.audiopremiumamp
X560-10,50495,Audio Premium Amp,5.0,,interactive.page.audiopremiumamp
X609-1,50496,Audio Premium Amp,5.0,,interactive.page.audiopremiumamp
X609-2,50497,Audio Premium Amp,5.0,,interactive.page.audiopremiumamp
X609-4,50498,Audio Premium Amp,5.0,,interactive.page.audiopremiumamp
X609-5,50499,Audio Premium Amp,5.0,,interactive.page.audiopremiumamp
X060-1,50500,Audio Premium Amp,5.0,,interactive.page.audiopremiumamp
X031-36,50501,Audio Premium Amp,5.0,,interactive.page.audiopremiumamp
X031-35,50502,Audio Premium Amp,5.0,,interactive.page.audiopremiumamp
X033B-5,50503,Audio Premium Amp,5.0,,interactive.page.audiopremiumamp
X033B-6,50504,Audio Premium Amp,5.0,,interactive.page.audiopremiumamp
X031-34,50505,Audio Premium Amp,5.0,,interactive.page.audiopremiumamp
X031-33,50506,Audio Premium Amp,5.0,,interactive.page.audiopremiumamp
X033B-3,50507,Audio Premium Amp,5.0,,interactive.page.audiopremiumamp
X033B-4,50508,Audio Premium Amp,5.0,,interactive.page.audiopremiumamp
X051-19,50509,Audio Premium Amp,5.0,,interactive.page.audiopremiumamp
X051-35,50510,Audio Premium Amp,5.0,,interactive.page.audiopremiumamp
X053B-2,50511,Audio Premium Amp,5.0,,interactive.page.audiopremiumamp
X053B-1,50512,Audio Premium Amp,5.0,,interactive.page.audiopremiumamp
X051-20,50513,Audio Premium Amp,5.0,,interactive.page.audiopremiumamp
X051-36,50514,Audio Premium Amp,5.0,,interactive.page.audiopremiumamp
X053B-6,50515,Audio Premium Amp,5.0,,interactive.page.audiopremiumamp
X053B-5,50516,Audio Premium Amp,5.0,,interactive.page.audiopremiumamp
G042-3,50648,Audio Premium Amp,5.0,,interactive.page.audiopremiumamp
X924M-26,50752,Audio Premium Amp,5.0,,interactive.page.audiopremiumamp
X924F-26,50753,Audio Premium Amp,5.0,,interactive.page.audiopremiumamp
X924F-14,50754,Audio Premium Amp,5.0,,interactive.page.audiopremiumamp
X926F-14,50755,Audio Premium Amp,5.0,,interactive.page.audiopremiumamp
X926M-14,50756,Audio Premium Amp,5.0,,interactive.page.audiopremiumamp
X926F-26,50757,Audio Premium Amp,5.0,,interactive.page.audiopremiumamp
X926M-26,50758,Audio Premium Amp,5.0,,interactive.page.audiopremiumamp
X936F-15,50759,Audio Premium Amp,5.0,,interactive.page.audiopremiumamp
X936M-20,50760,Audio Premium Amp,5.0,,interactive.page.audiopremiumamp
X936F-1,50761,Audio Premium Amp,5.0,,interactive.page.audiopremiumamp
X936M-21,50762,Audio Premium Amp,5.0,,interactive.page.audiopremiumamp
X936F-14,50763,Audio Premium Amp,5.0,,interactive.page.audiopremiumamp
X936M-26,50764,Audio Premium Amp,5.0,,interactive.page.audiopremiumamp
X936M-15,50765,Audio Premium Amp,5.0,,interactive.page.audiopremiumamp
X936M-1,50766,Audio Premium Amp,5.0,,interactive.page.audiopremiumamp
X936F-20,50767,Audio Premium Amp,5.0,,interactive.page.audiopremiumamp
X936F-26,50768,Audio Premium Amp,5.0,,interactive.page.audiopremiumamp
X936F-21,50769,Audio Premium Amp,5.0,,interactive.page.audiopremiumamp
X936M-14,50770,Audio Premium Amp,5.0,,interactive.page.audiopremiumamp
X970M-1,50771,Audio Premium Amp,5.0,,interactive.page.audiopremiumamp
X970M-4,50772,Audio Premium Amp,5.0,,interactive.page.audiopremiumamp
X970M-3,50773,Audio Premium Amp,5.0,,interactive.page.audiopremiumamp
X935M-6,50774,Audio Premium Amp,5.0,,interactive.page.audiopremiumamp
X935M-5,50775,Audio Premium Amp,5.0,,interactive.page.audiopremiumamp
X935F-5,50776,Audio Premium Amp,5.0,,interactive.page.audiopremiumamp
X935F-6,50777,Audio Premium Amp,5.0,,interactive.page.audiopremiumamp
X970M-2,50778,Audio Premium Amp,5.0,,interactive.page.audiopremiumamp
X922F-11,50779,Audio Premium Amp,5.0,,interactive.page.audiopremiumamp
X922M-11,50780,Audio Premium Amp,5.0,,interactive.page.audiopremiumamp
X922F-20,50781,Audio Premium Amp,5.0,,interactive.page.audiopremiumamp
X922M-20,50782,Audio Premium Amp,5.0,,interactive.page.audiopremiumamp
X923F-20,50783,Audio Premium Amp,5.0,,interactive.page.audiopremiumamp
X923M-20,50784,Audio Premium Amp,5.0,,interactive.page.audiopremiumamp
X923F-11,50785,Audio Premium Amp,5.0,,interactive.page.audiopremiumamp
X923M-11,50786,Audio Premium Amp,5.0,,interactive.page.audiopremiumamp
X924M-14,50787,Audio Premium Amp,5.0,,interactive.page.audiopremiumamp
X927M-1,50788,Audio Premium Amp,5.0,,interactive.page.audiopremiumamp
X927F-1,50789,Audio Premium Amp,5.0,,interactive.page.audiopremiumamp
X927M-12,50790,Audio Premium Amp,5.0,,interactive.page.audiopremiumamp
X927F-12,50791,Audio Premium Amp,5.0,,interactive.page.audiopremiumamp
X925M-12,50792,Audio Premium Amp,5.0,,interactive.page.audiopremiumamp
X925F-1,50793,Audio Premium Amp,5.0,,interactive.page.audiopremiumamp
X925M-1,50794,Audio Premium Amp,5.0,,interactive.page.audiopremiumamp
X925F-12,50795,Audio Premium Amp,5.0,,interactive.page.audiopremiumamp
X970F-2,50796,Audio Premium Amp,5.0,,interactive.page.audiopremiumamp
X970F-4,50797,Audio Premium Amp,5.0,,interactive.page.audiopremiumamp
X970F-1,50798,Audio Premium Amp,5.0,,interactive.page.audiopremiumamp
X970F-3,50799,Audio Premium Amp,5.0,,interactive.page.audiopremiumamp
X981F-15,50800,Audio Premium Amp,5.0,,interactive.page.audiopremiumamp
X981F-14,50801,Audio Premium Amp,5.0,,interactive.page.audiopremiumamp
X981M-15,50802,Audio Premium Amp,5.0,,interactive.page.audiopremiumamp
X981M-14,50803,Audio Premium Amp,5.0,,interactive.page.audiopremiumamp
Speaker Front Right Door Tweeter,60583,Audio Rhd,6.0,interactive.device.speakerfrontrightdoortweeter,interactive.page.audiorhd
Speaker Rear Right Door,60584,Audio Rhd,6.0,interactive.device.speakerrearrightdoor,interactive.page.audiorhd
Speaker Headliner Left,60585,Audio Rhd,6.0,interactive.device.speakerheadlinerleft,interactive.page.audiorhd
Speaker Front Right Door Base,60586,Audio Rhd,6.0,interactive.device.speakerfrontrightdoorbase,interactive.page.audiorhd
Speaker IP Center,60587,Audio Rhd,6.0,interactive.device.speakeripcenter,interactive.page.audiorhd
Speaker Front Left Door Base,60588,Audio Rhd,6.0,interactive.device.speakerfrontleftdoorbase,interactive.page.audiorhd
Speaker Front Left Door Tweeter,60589,Audio Rhd,6.0,interactive.device.speakerfrontleftdoortweeter,interactive.page.audiorhd
Speaker IP Left,60590,Audio Rhd,6.0,interactive.device.speakeripleft,interactive.page.audiorhd
Speaker IP Right,60591,Audio Rhd,6.0,interactive.device.speakeripright,interactive.page.audiorhd
Speaker Pedestrian Warning Rear,60592,Audio Rhd,6.0,interactive.device.speakerpedestrianwarningrear,interactive.page.audiorhd
Speaker Headliner Right,60593,Audio Rhd,6.0,interactive.device.speakerheadlinerright,interactive.page.audiorhd
Speaker Superhorn,60594,Audio Rhd,6.0,interactive.device.speakersuperhorn,interactive.page.audiorhd
Speaker Rear Left Door,60595,Audio Rhd,6.0,interactive.device.speakerrearleftdoor,interactive.page.audiorhd
Radio Tuner,60596,Audio Rhd,6.0,interactive.device.radiotuner,interactive.page.audiorhd
Body Controller Right,60597,Audio Rhd,6.0,interactive.device.bodycontrollerright,interactive.page.audiorhd
MCU (RHD),60598,Audio Rhd,6.0,interactive.device.mcurhd,interactive.page.audiorhd
Body Controller Left,60599,Audio Rhd,6.0,interactive.device.bodycontrollerleft,interactive.page.audiorhd
Body Controller Right,60600,Audio Rhd,6.0,interactive.device.bodycontrollerright,interactive.page.audiorhd
X575-1,60619,Audio Rhd,6.0,,interactive.page.audiorhd
X575-2,60620,Audio Rhd,6.0,,interactive.page.audiorhd
X591-2,60621,Audio Rhd,6.0,,interactive.page.audiorhd
X591-1,60622,Audio Rhd,6.0,,interactive.page.audiorhd
X569-2,60623,Audio Rhd,6.0,,interactive.page.audiorhd
X569-1,60624,Audio Rhd,6.0,,interactive.page.audiorhd
X578-1,60625,Audio Rhd,6.0,,interactive.page.audiorhd
X578-2,60626,Audio Rhd,6.0,,interactive.page.audiorhd
X595-1,60627,Audio Rhd,6.0,,interactive.page.audiorhd
X595-2,60628,Audio Rhd,6.0,,interactive.page.audiorhd
X568-1,60629,Audio Rhd,6.0,,interactive.page.audiorhd
X568-2,60630,Audio Rhd,6.0,,interactive.page.audiorhd
X565-2,60631,Audio Rhd,6.0,,interactive.page.audiorhd
X565-1,60632,Audio Rhd,6.0,,interactive.page.audiorhd
X566-1,60633,Audio Rhd,6.0,,interactive.page.audiorhd
X566-2,60634,Audio Rhd,6.0,,interactive.page.audiorhd
X576-1,60635,Audio Rhd,6.0,,interactive.page.audiorhd
X576-2,60636,Audio Rhd,6.0,,interactive.page.audiorhd
X604-1,60637,Audio Rhd,6.0,,interactive.page.audiorhd
X604-2,60638,Audio Rhd,6.0,,interactive.page.audiorhd
X579-1,60639,Audio Rhd,6.0,,interactive.page.audiorhd
X579-2,60640,Audio Rhd,6.0,,interactive.page.audiorhd
X602-1,60641,Audio Rhd,6.0,,interactive.page.audiorhd
X602-2,60642,Audio Rhd,6.0,,interactive.page.audiorhd
X586-1,60643,Audio Rhd,6.0,,interactive.page.audiorhd
X586-2,60644,Audio Rhd,6.0,,interactive.page.audiorhd
X562-1,60645,Audio Rhd,6.0,,interactive.page.audiorhd
X562-4,60646,Audio Rhd,6.0,,interactive.page.audiorhd
X562-9,60647,Audio Rhd,6.0,,interactive.page.audiorhd
X562-7,60648,Audio Rhd,6.0,,interactive.page.audiorhd
X050-45,60649,Audio Rhd,6.0,,interactive.page.audiorhd
X175A-11,60650,Audio Rhd,6.0,,interactive.page.audiorhd
X175A-12,60651,Audio Rhd,6.0,,interactive.page.audiorhd
X175A-10,60652,Audio Rhd,6.0,,interactive.page.audiorhd
X175A-9,60653,Audio Rhd,6.0,,interactive.page.audiorhd
X175A-4,60654,Audio Rhd,6.0,,interactive.page.audiorhd
X175A-3,60655,Audio Rhd,6.0,,interactive.page.audiorhd
X175A-7,60656,Audio Rhd,6.0,,interactive.page.audiorhd
X175A-8,60657,Audio Rhd,6.0,,interactive.page.audiorhd
X171A-1,60658,Audio Rhd,6.0,,interactive.page.audiorhd
X171A-2,60659,Audio Rhd,6.0,,interactive.page.audiorhd
X175A-13,60660,Audio Rhd,6.0,,interactive.page.audiorhd
X175A-14,60661,Audio Rhd,6.0,,interactive.page.audiorhd
X171A-3,60662,Audio Rhd,6.0,,interactive.page.audiorhd
X171A-4,60663,Audio Rhd,6.0,,interactive.page.audiorhd
X171A-6,60664,Audio Rhd,6.0,,interactive.page.audiorhd
X171A-5,60665,Audio Rhd,6.0,,interactive.page.audiorhd
X171A-7,60666,Audio Rhd,6.0,,interactive.page.audiorhd
X171A-8,60667,Audio Rhd,6.0,,interactive.page.audiorhd
X171A-15,60668,Audio Rhd,6.0,,interactive.page.audiorhd
X171A-16,60669,Audio Rhd,6.0,,interactive.page.audiorhd
X031-34,60670,Audio Rhd,6.0,,interactive.page.audiorhd
X031-33,60671,Audio Rhd,6.0,,interactive.page.audiorhd
X033B-3,60672,Audio Rhd,6.0,,interactive.page.audiorhd
X033B-4,60673,Audio Rhd,6.0,,interactive.page.audiorhd
X033A-5,60674,Audio Rhd,6.0,,interactive.page.audiorhd
X033A-6,60675,Audio Rhd,6.0,,interactive.page.audiorhd
X039-14,60676,Audio Rhd,6.0,,interactive.page.audiorhd
X039-15,60677,Audio Rhd,6.0,,interactive.page.audiorhd
X033B-1,60678,Audio Rhd,6.0,,interactive.page.audiorhd
X033B-2,60679,Audio Rhd,6.0,,interactive.page.audiorhd
X053A-5,60680,Audio Rhd,6.0,,interactive.page.audiorhd
X059-5,60681,Audio Rhd,6.0,,interactive.page.audiorhd
X059-6,60682,Audio Rhd,6.0,,interactive.page.audiorhd
X053A-22,60683,Audio Rhd,6.0,,interactive.page.audiorhd
X053A-23,60684,Audio Rhd,6.0,,interactive.page.audiorhd
X051-19,60685,Audio Rhd,6.0,,interactive.page.audiorhd
X051-35,60686,Audio Rhd,6.0,,interactive.page.audiorhd
X053B-2,60687,Audio Rhd,6.0,,interactive.page.audiorhd
X053B-1,60688,Audio Rhd,6.0,,interactive.page.audiorhd
X053A-6,60689,Audio Rhd,6.0,,interactive.page.audiorhd
X055-36,60690,Audio Rhd,6.0,,interactive.page.audiorhd
X055-35,60691,Audio Rhd,6.0,,interactive.page.audiorhd
X055-38,60692,Audio Rhd,6.0,,interactive.page.audiorhd
X055-37,60693,Audio Rhd,6.0,,interactive.page.audiorhd
X055-40,60694,Audio Rhd,6.0,,interactive.page.audiorhd
X055-39,60695,Audio Rhd,6.0,,interactive.page.audiorhd
X051-33,60696,Audio Rhd,6.0,,interactive.page.audiorhd
X051-34,60697,Audio Rhd,6.0,,interactive.page.audiorhd
X051-31,60698,Audio Rhd,6.0,,interactive.page.audiorhd
X051-32,60699,Audio Rhd,6.0,,interactive.page.audiorhd
X051-15,60700,Audio Rhd,6.0,,interactive.page.audiorhd
X051-16,60701,Audio Rhd,6.0,,interactive.page.audiorhd
G042-10,60886,Audio Rhd,6.0,,interactive.page.audiorhd
X924M-14,61013,Audio Rhd,6.0,,interactive.page.audiorhd
X924F-14,61014,Audio Rhd,6.0,,interactive.page.audiorhd
X926F-14,61015,Audio Rhd,6.0,,interactive.page.audiorhd
X926M-14,61016,Audio Rhd,6.0,,interactive.page.audiorhd
X926F-26,61017,Audio Rhd,6.0,,interactive.page.audiorhd
X926M-26,61018,Audio Rhd,6.0,,interactive.page.audiorhd
X924F-26,61019,Audio Rhd,6.0,,interactive.page.audiorhd
X936F-11,61020,Audio Rhd,6.0,,interactive.page.audiorhd
X936M-4,61021,Audio Rhd,6.0,,interactive.page.audiorhd
X936F-26,61022,Audio Rhd,6.0,,interactive.page.audiorhd
X936M-26,61023,Audio Rhd,6.0,,interactive.page.audiorhd
X936M-11,61024,Audio Rhd,6.0,,interactive.page.audiorhd
X936M-15,61025,Audio Rhd,6.0,,interactive.page.audiorhd
X936F-4,61026,Audio Rhd,6.0,,interactive.page.audiorhd
X936M-23,61027,Audio Rhd,6.0,,interactive.page.audiorhd
X936M-1,61028,Audio Rhd,6.0,,interactive.page.audiorhd
X936F-23,61029,Audio Rhd,6.0,,interactive.page.audiorhd
X936M-18,61030,Audio Rhd,6.0,,interactive.page.audiorhd
X936F-18,61031,Audio Rhd,6.0,,interactive.page.audiorhd
X936F-1,61032,Audio Rhd,6.0,,interactive.page.audiorhd
X936F-15,61033,Audio Rhd,6.0,,interactive.page.audiorhd
X936F-14,61034,Audio Rhd,6.0,,interactive.page.audiorhd
X936M-14,61035,Audio Rhd,6.0,,interactive.page.audiorhd
X949F-12,61036,Audio Rhd,6.0,,interactive.page.audiorhd
X949M-6,61037,Audio Rhd,6.0,,interactive.page.audiorhd
X949M-12,61038,Audio Rhd,6.0,,interactive.page.audiorhd
X949F-6,61039,Audio Rhd,6.0,,interactive.page.audiorhd
X935F-16,61040,Audio Rhd,6.0,,interactive.page.audiorhd
X935M-32,61041,Audio Rhd,6.0,,interactive.page.audiorhd
X935M-16,61042,Audio Rhd,6.0,,interactive.page.audiorhd
X935F-32,61043,Audio Rhd,6.0,,interactive.page.audiorhd
X908F-5,61044,Audio Rhd,6.0,,interactive.page.audiorhd
X908M-5,61045,Audio Rhd,6.0,,interactive.page.audiorhd
X908M-6,61046,Audio Rhd,6.0,,interactive.page.audiorhd
X908F-6,61047,Audio Rhd,6.0,,interactive.page.audiorhd
X922M-1,61048,Audio Rhd,6.0,,interactive.page.audiorhd
X922M-12,61049,Audio Rhd,6.0,,interactive.page.audiorhd
X922F-1,61050,Audio Rhd,6.0,,interactive.page.audiorhd
X922F-12,61051,Audio Rhd,6.0,,interactive.page.audiorhd
X923F-1,61052,Audio Rhd,6.0,,interactive.page.audiorhd
X923M-1,61053,Audio Rhd,6.0,,interactive.page.audiorhd
X923F-12,61054,Audio Rhd,6.0,,interactive.page.audiorhd
X923M-12,61055,Audio Rhd,6.0,,interactive.page.audiorhd
X923F-1,61056,Audio Rhd,6.0,,interactive.page.audiorhd
X923M-1,61057,Audio Rhd,6.0,,interactive.page.audiorhd
X923F-12,61058,Audio Rhd,6.0,,interactive.page.audiorhd
X923M-12,61059,Audio Rhd,6.0,,interactive.page.audiorhd
X922F-1,61060,Audio Rhd,6.0,,interactive.page.audiorhd
X922M-1,61061,Audio Rhd,6.0,,interactive.page.audiorhd
X922F-12,61062,Audio Rhd,6.0,,interactive.page.audiorhd
X922M-12,61063,Audio Rhd,6.0,,interactive.page.audiorhd
X981M-10,61064,Audio Rhd,6.0,,interactive.page.audiorhd
X981F-10,61065,Audio Rhd,6.0,,interactive.page.audiorhd
X927M-1,61066,Audio Rhd,6.0,,interactive.page.audiorhd
X927F-1,61067,Audio Rhd,6.0,,interactive.page.audiorhd
X981M-18,61068,Audio Rhd,6.0,,interactive.page.audiorhd
X981F-18,61069,Audio Rhd,6.0,,interactive.page.audiorhd
X927M-12,61070,Audio Rhd,6.0,,interactive.page.audiorhd
X927F-12,61071,Audio Rhd,6.0,,interactive.page.audiorhd
X981M-1,61072,Audio Rhd,6.0,,interactive.page.audiorhd
X981F-1,61073,Audio Rhd,6.0,,interactive.page.audiorhd
X981M-11,61074,Audio Rhd,6.0,,interactive.page.audiorhd
X981F-11,61075,Audio Rhd,6.0,,interactive.page.audiorhd
X924M-26,61076,Audio Rhd,6.0,,interactive.page.audiorhd
X901F-2,61077,Audio Rhd,6.0,,interactive.page.audiorhd
X901M-2,61078,Audio Rhd,6.0,,interactive.page.audiorhd
X901F-3,61079,Audio Rhd,6.0,,interactive.page.audiorhd
X901M-3,61080,Audio Rhd,6.0,,interactive.page.audiorhd
X925M-1,61081,Audio Rhd,6.0,,interactive.page.audiorhd
X925F-12,61082,Audio Rhd,6.0,,interactive.page.audiorhd
X925M-12,61083,Audio Rhd,6.0,,interactive.page.audiorhd
X925F-1,61084,Audio Rhd,6.0,,interactive.page.audiorhd
Z1-++CCH01,70194,Braking And Stability,7.0,,interactive.page.brakingandstability
Z1-++CCH01,70195,Braking And Stability,7.0,,interactive.page.brakingandstability
Z1-++CCH02,70196,Braking And Stability,7.0,,interactive.page.brakingandstability
Z1-++CCH02,70197,Braking And Stability,7.0,,interactive.page.brakingandstability
EPB Left,70276,Braking And Stability,7.0,interactive.device.epbleft,interactive.page.brakingandstability
EPB Right,70277,Braking And Stability,7.0,interactive.device.epbright,interactive.page.brakingandstability
iBooster & DTS (RHD),70278,Braking And Stability,7.0,interactive.device.iboosterdtsrhd,interactive.page.brakingandstability
iBooster & DTS (LHD),70279,Braking And Stability,7.0,interactive.device.iboosterdtslhd,interactive.page.brakingandstability
iBooster & DTS (LHD),70280,Braking And Stability,7.0,interactive.device.iboosterdtslhd,interactive.page.brakingandstability
Park Brake Caliper RH - EPB side,70281,Braking And Stability,7.0,interactive.device.parkbrakecaliperrhepbside,interactive.page.brakingandstability
EPB and Adaptive Damper Valve RR,70282,Braking And Stability,7.0,interactive.device.epbandadaptivedampervalverr,interactive.page.brakingandstability
Park Brake Caliper LH - EPB side,70283,Braking And Stability,7.0,interactive.device.parkbrakecaliperlhepbside,interactive.page.brakingandstability
EPB and Adaptive Damper Valve LR,70284,Braking And Stability,7.0,interactive.device.epbandadaptivedampervalvelr,interactive.page.brakingandstability
Body Controller Left,70285,Braking And Stability,7.0,interactive.device.bodycontrollerleft,interactive.page.brakingandstability
Body Controller Front,70286,Braking And Stability,7.0,interactive.device.bodycontrollerfront,interactive.page.brakingandstability
Body Controller Right,70287,Braking And Stability,7.0,interactive.device.bodycontrollerright,interactive.page.brakingandstability
iBooster & DTS (RHD),70288,Braking And Stability,7.0,interactive.device.iboosterdtsrhd,interactive.page.brakingandstability
X162-2,70302,Braking And Stability,7.0,,interactive.page.brakingandstability
X162-1,70303,Braking And Stability,7.0,,interactive.page.brakingandstability
X163-1,70304,Braking And Stability,7.0,,interactive.page.brakingandstability
X163-2,70305,Braking And Stability,7.0,,interactive.page.brakingandstability
X158A-1,70306,Braking And Stability,7.0,,interactive.page.brakingandstability
X158A-2,70307,Braking And Stability,7.0,,interactive.page.brakingandstability
X158A-3,70308,Braking And Stability,7.0,,interactive.page.brakingandstability
X158A-4,70309,Braking And Stability,7.0,,interactive.page.brakingandstability
X150-25,70310,Braking And Stability,7.0,,interactive.page.brakingandstability
X150-16,70311,Braking And Stability,7.0,,interactive.page.brakingandstability
X150-2,70312,Braking And Stability,7.0,,interactive.page.brakingandstability
X150-22,70313,Braking And Stability,7.0,,interactive.page.brakingandstability
X150-23,70314,Braking And Stability,7.0,,interactive.page.brakingandstability
X150-8,70315,Braking And Stability,7.0,,interactive.page.brakingandstability
X150-10,70316,Braking And Stability,7.0,,interactive.page.brakingandstability
X150-18,70317,Braking And Stability,7.0,,interactive.page.brakingandstability
X150-1,70318,Braking And Stability,7.0,,interactive.page.brakingandstability
X150-20,70319,Braking And Stability,7.0,,interactive.page.brakingandstability
X159-2,70320,Braking And Stability,7.0,,interactive.page.brakingandstability
X150-9,70321,Braking And Stability,7.0,,interactive.page.brakingandstability
X159-1,70322,Braking And Stability,7.0,,interactive.page.brakingandstability
X158-1,70323,Braking And Stability,7.0,,interactive.page.brakingandstability
X158-2,70324,Braking And Stability,7.0,,interactive.page.brakingandstability
X158-3,70325,Braking And Stability,7.0,,interactive.page.brakingandstability
X158-4,70326,Braking And Stability,7.0,,interactive.page.brakingandstability
X164-1,70327,Braking And Stability,7.0,,interactive.page.brakingandstability
X164-2,70328,Braking And Stability,7.0,,interactive.page.brakingandstability
X163A-3,70329,Braking And Stability,7.0,,interactive.page.brakingandstability
X163A-4,70330,Braking And Stability,7.0,,interactive.page.brakingandstability
X163B-3,70331,Braking And Stability,7.0,,interactive.page.brakingandstability
X163B-4,70332,Braking And Stability,7.0,,interactive.page.brakingandstability
X161-1,70333,Braking And Stability,7.0,,interactive.page.brakingandstability
X161-2,70334,Braking And Stability,7.0,,interactive.page.brakingandstability
X162A-3,70335,Braking And Stability,7.0,,interactive.page.brakingandstability
X162A-4,70336,Braking And Stability,7.0,,interactive.page.brakingandstability
X162B-3,70337,Braking And Stability,7.0,,interactive.page.brakingandstability
X162B-4,70338,Braking And Stability,7.0,,interactive.page.brakingandstability
X031-2,70339,Braking And Stability,7.0,,interactive.page.brakingandstability
X031-17,70340,Braking And Stability,7.0,,interactive.page.brakingandstability
X012-5,70341,Braking And Stability,7.0,,interactive.page.brakingandstability
X010-6,70342,Braking And Stability,7.0,,interactive.page.brakingandstability
X010-50,70343,Braking And Stability,7.0,,interactive.page.brakingandstability
X051-4,70344,Braking And Stability,7.0,,interactive.page.brakingandstability
X051-5,70345,Braking And Stability,7.0,,interactive.page.brakingandstability
X150A-2,70346,Braking And Stability,7.0,,interactive.page.brakingandstability
X150A-22,70347,Braking And Stability,7.0,,interactive.page.brakingandstability
X150A-23,70348,Braking And Stability,7.0,,interactive.page.brakingandstability
X150A-8,70349,Braking And Stability,7.0,,interactive.page.brakingandstability
X150A-10,70350,Braking And Stability,7.0,,interactive.page.brakingandstability
X150A-18,70351,Braking And Stability,7.0,,interactive.page.brakingandstability
X150A-25,70352,Braking And Stability,7.0,,interactive.page.brakingandstability
X150A-16,70353,Braking And Stability,7.0,,interactive.page.brakingandstability
X150A-1,70354,Braking And Stability,7.0,,interactive.page.brakingandstability
X159A-2,70355,Braking And Stability,7.0,,interactive.page.brakingandstability
X150A-20,70356,Braking And Stability,7.0,,interactive.page.brakingandstability
X150A-9,70357,Braking And Stability,7.0,,interactive.page.brakingandstability
X159A-1,70358,Braking And Stability,7.0,,interactive.page.brakingandstability
G011-9,70440,Braking And Stability,7.0,,interactive.page.brakingandstability
G012-6,70447,Braking And Stability,7.0,,interactive.page.brakingandstability
G012-7,70448,Braking And Stability,7.0,,interactive.page.brakingandstability
G012-6,70449,Braking And Stability,7.0,,interactive.page.brakingandstability
Wheel Speed Sensor and Accelerometer RR Inline,80263,Braking And Stability Wheel Speed Sensors,8.0,interactive.device.wheelspeedsensorandaccelerometerrrinline,interactive.page.brakingandstabilitywheelspeedsensors
Wheel Speed Sensor RR,80264,Braking And Stability Wheel Speed Sensors,8.0,interactive.device.wheelspeedsensorrr,interactive.page.brakingandstabilitywheelspeedsensors
Wheel Speed Sensor LR,80265,Braking And Stability Wheel Speed Sensors,8.0,interactive.device.wheelspeedsensorlr,interactive.page.brakingandstabilitywheelspeedsensors
Wheel Speed Sensor LF,80266,Braking And Stability Wheel Speed Sensors,8.0,interactive.device.wheelspeedsensorlf,interactive.page.brakingandstabilitywheelspeedsensors
Wheel Speed Sensor RF,80267,Braking And Stability Wheel Speed Sensors,8.0,interactive.device.wheelspeedsensorrf,interactive.page.brakingandstabilitywheelspeedsensors
"Wheel Speed Sensor, Accelerometer and Adaptive Damper Valve LF Inline",80268,Braking And Stability Wheel Speed Sensors,8.0,interactive.device.wheelspeedsensoraccelerometerandadaptivedampervalvelfinline,interactive.page.brakingandstabilitywheelspeedsensors
"Wheel Speed Sensor, Accelerometer and Adaptive Damper Valve RF Inline",80269,Braking And Stability Wheel Speed Sensors,8.0,interactive.device.wheelspeedsensoraccelerometerandadaptivedampervalverfinline,interactive.page.brakingandstabilitywheelspeedsensors
Wheel Speed Sensor and Accelerometer LR Inline,80270,Braking And Stability Wheel Speed Sensors,8.0,interactive.device.wheelspeedsensorandaccelerometerlrinline,interactive.page.brakingandstabilitywheelspeedsensors
Body Controller Front,80271,Braking And Stability Wheel Speed Sensors,8.0,interactive.device.bodycontrollerfront,interactive.page.brakingandstabilitywheelspeedsensors
HCU/ESP,80272,Braking And Stability Wheel Speed Sensors,8.0,,interactive.page.brakingandstabilitywheelspeedsensors
"Wheel Speed Sensor, Accelerometer RR Endpoint",80273,Braking And Stability Wheel Speed Sensors,8.0,interactive.device.wheelspeedsensoraccelerometerrrendpoint,interactive.page.brakingandstabilitywheelspeedsensors
"Wheel Speed Sensor, Accelerometer LR Endpoint",80274,Braking And Stability Wheel Speed Sensors,8.0,interactive.device.wheelspeedsensoraccelerometerlrendpoint,interactive.page.brakingandstabilitywheelspeedsensors
"Wheel Speed Sensor, Accelerometer LF Endpoint",80275,Braking And Stability Wheel Speed Sensors,8.0,interactive.device.wheelspeedsensoraccelerometerlfendpoint,interactive.page.brakingandstabilitywheelspeedsensors
"Wheel Speed Sensor, Accelerometer RF Endpoint",80276,Braking And Stability Wheel Speed Sensors,8.0,interactive.device.wheelspeedsensoraccelerometerrfendpoint,interactive.page.brakingandstabilitywheelspeedsensors
X157-1,80291,Braking And Stability Wheel Speed Sensors,8.0,,interactive.page.brakingandstabilitywheelspeedsensors
X157-2,80292,Braking And Stability Wheel Speed Sensors,8.0,,interactive.page.brakingandstabilitywheelspeedsensors
X156-1,80293,Braking And Stability Wheel Speed Sensors,8.0,,interactive.page.brakingandstabilitywheelspeedsensors
X156-2,80294,Braking And Stability Wheel Speed Sensors,8.0,,interactive.page.brakingandstabilitywheelspeedsensors
X154-1,80295,Braking And Stability Wheel Speed Sensors,8.0,,interactive.page.brakingandstabilitywheelspeedsensors
X154-2,80296,Braking And Stability Wheel Speed Sensors,8.0,,interactive.page.brakingandstabilitywheelspeedsensors
X155-1,80297,Braking And Stability Wheel Speed Sensors,8.0,,interactive.page.brakingandstabilitywheelspeedsensors
X155-2,80298,Braking And Stability Wheel Speed Sensors,8.0,,interactive.page.brakingandstabilitywheelspeedsensors
X157A-7,80299,Braking And Stability Wheel Speed Sensors,8.0,,interactive.page.brakingandstabilitywheelspeedsensors
X157A-8,80300,Braking And Stability Wheel Speed Sensors,8.0,,interactive.page.brakingandstabilitywheelspeedsensors
157AM-7,80301,Braking And Stability Wheel Speed Sensors,8.0,,interactive.page.brakingandstabilitywheelspeedsensors
157AM-8,80302,Braking And Stability Wheel Speed Sensors,8.0,,interactive.page.brakingandstabilitywheelspeedsensors
X154A-7,80303,Braking And Stability Wheel Speed Sensors,8.0,,interactive.page.brakingandstabilitywheelspeedsensors
X154A-8,80304,Braking And Stability Wheel Speed Sensors,8.0,,interactive.page.brakingandstabilitywheelspeedsensors
154AF-7,80305,Braking And Stability Wheel Speed Sensors,8.0,,interactive.page.brakingandstabilitywheelspeedsensors
154AF-8,80306,Braking And Stability Wheel Speed Sensors,8.0,,interactive.page.brakingandstabilitywheelspeedsensors
X155A-7,80307,Braking And Stability Wheel Speed Sensors,8.0,,interactive.page.brakingandstabilitywheelspeedsensors
X155A-8,80308,Braking And Stability Wheel Speed Sensors,8.0,,interactive.page.brakingandstabilitywheelspeedsensors
155AF-7,80309,Braking And Stability Wheel Speed Sensors,8.0,,interactive.page.brakingandstabilitywheelspeedsensors
155AF-8,80310,Braking And Stability Wheel Speed Sensors,8.0,,interactive.page.brakingandstabilitywheelspeedsensors
X156A-7,80311,Braking And Stability Wheel Speed Sensors,8.0,,interactive.page.brakingandstabilitywheelspeedsensors
X156A-8,80312,Braking And Stability Wheel Speed Sensors,8.0,,interactive.page.brakingandstabilitywheelspeedsensors
156AM-7,80313,Braking And Stability Wheel Speed Sensors,8.0,,interactive.page.brakingandstabilitywheelspeedsensors
156AM-8,80314,Braking And Stability Wheel Speed Sensors,8.0,,interactive.page.brakingandstabilitywheelspeedsensors
X011-7,80315,Braking And Stability Wheel Speed Sensors,8.0,,interactive.page.brakingandstabilitywheelspeedsensors
X010-91,80316,Braking And Stability Wheel Speed Sensors,8.0,,interactive.page.brakingandstabilitywheelspeedsensors
X010-71,80317,Braking And Stability Wheel Speed Sensors,8.0,,interactive.page.brakingandstabilitywheelspeedsensors
X151-1,80318,Braking And Stability Wheel Speed Sensors,8.0,,interactive.page.brakingandstabilitywheelspeedsensors
X151-30,80319,Braking And Stability Wheel Speed Sensors,8.0,,interactive.page.brakingandstabilitywheelspeedsensors
X151-36,80320,Braking And Stability Wheel Speed Sensors,8.0,,interactive.page.brakingandstabilitywheelspeedsensors
X151-24,80321,Braking And Stability Wheel Speed Sensors,8.0,,interactive.page.brakingandstabilitywheelspeedsensors
X151-7,80322,Braking And Stability Wheel Speed Sensors,8.0,,interactive.page.brakingandstabilitywheelspeedsensors
X151-21,80323,Braking And Stability Wheel Speed Sensors,8.0,,interactive.page.brakingandstabilitywheelspeedsensors
X151-26,80324,Braking And Stability Wheel Speed Sensors,8.0,,interactive.page.brakingandstabilitywheelspeedsensors
X151-23,80325,Braking And Stability Wheel Speed Sensors,8.0,,interactive.page.brakingandstabilitywheelspeedsensors
X151-39,80326,Braking And Stability Wheel Speed Sensors,8.0,,interactive.page.brakingandstabilitywheelspeedsensors
X151-22,80327,Braking And Stability Wheel Speed Sensors,8.0,,interactive.page.brakingandstabilitywheelspeedsensors
X151-37,80328,Braking And Stability Wheel Speed Sensors,8.0,,interactive.page.brakingandstabilitywheelspeedsensors
X151-14,80329,Braking And Stability Wheel Speed Sensors,8.0,,interactive.page.brakingandstabilitywheelspeedsensors
X151-46,80330,Braking And Stability Wheel Speed Sensors,8.0,,interactive.page.brakingandstabilitywheelspeedsensors
X157B-7,80331,Braking And Stability Wheel Speed Sensors,8.0,,interactive.page.brakingandstabilitywheelspeedsensors
X157B-8,80332,Braking And Stability Wheel Speed Sensors,8.0,,interactive.page.brakingandstabilitywheelspeedsensors
X156B-7,80333,Braking And Stability Wheel Speed Sensors,8.0,,interactive.page.brakingandstabilitywheelspeedsensors
X156B-8,80334,Braking And Stability Wheel Speed Sensors,8.0,,interactive.page.brakingandstabilitywheelspeedsensors
X154B-7,80335,Braking And Stability Wheel Speed Sensors,8.0,,interactive.page.brakingandstabilitywheelspeedsensors
X154B-8,80336,Braking And Stability Wheel Speed Sensors,8.0,,interactive.page.brakingandstabilitywheelspeedsensors
X155B-8,80337,Braking And Stability Wheel Speed Sensors,8.0,,interactive.page.brakingandstabilitywheelspeedsensors
X155B-7,80338,Braking And Stability Wheel Speed Sensors,8.0,,interactive.page.brakingandstabilitywheelspeedsensors
G011-15,80426,Braking And Stability Wheel Speed Sensors,8.0,,interactive.page.brakingandstabilitywheelspeedsensors
G011-13,80427,Braking And Stability Wheel Speed Sensors,8.0,,interactive.page.brakingandstabilitywheelspeedsensors
X952M-3,80481,Braking And Stability Wheel Speed Sensors,8.0,,interactive.page.brakingandstabilitywheelspeedsensors
X952M-4,80482,Braking And Stability Wheel Speed Sensors,8.0,,interactive.page.brakingandstabilitywheelspeedsensors
X952F-3,80483,Braking And Stability Wheel Speed Sensors,8.0,,interactive.page.brakingandstabilitywheelspeedsensors
X952M-2,80484,Braking And Stability Wheel Speed Sensors,8.0,,interactive.page.brakingandstabilitywheelspeedsensors
X952F-2,80485,Braking And Stability Wheel Speed Sensors,8.0,,interactive.page.brakingandstabilitywheelspeedsensors
X952M-5,80486,Braking And Stability Wheel Speed Sensors,8.0,,interactive.page.brakingandstabilitywheelspeedsensors
X952F-5,80487,Braking And Stability Wheel Speed Sensors,8.0,,interactive.page.brakingandstabilitywheelspeedsensors
X952F-4,80488,Braking And Stability Wheel Speed Sensors,8.0,,interactive.page.brakingandstabilitywheelspeedsensors
X908F-3,80489,Braking And Stability Wheel Speed Sensors,8.0,,interactive.page.brakingandstabilitywheelspeedsensors
X908M-17,80490,Braking And Stability Wheel Speed Sensors,8.0,,interactive.page.brakingandstabilitywheelspeedsensors
X908F-17,80491,Braking And Stability Wheel Speed Sensors,8.0,,interactive.page.brakingandstabilitywheelspeedsensors
X908M-16,80492,Braking And Stability Wheel Speed Sensors,8.0,,interactive.page.brakingandstabilitywheelspeedsensors
X908F-16,80493,Braking And Stability Wheel Speed Sensors,8.0,,interactive.page.brakingandstabilitywheelspeedsensors
X908M-4,80494,Braking And Stability Wheel Speed Sensors,8.0,,interactive.page.brakingandstabilitywheelspeedsensors
X908M-3,80495,Braking And Stability Wheel Speed Sensors,8.0,,interactive.page.brakingandstabilitywheelspeedsensors
X908F-4,80496,Braking And Stability Wheel Speed Sensors,8.0,,interactive.page.brakingandstabilitywheelspeedsensors
Z1-++CCH01,90122,Can Chassis,9.0,,interactive.page.canchassis
Z1-++CCH02,90123,Can Chassis,9.0,,interactive.page.canchassis
Autopilot ECU (RHD),90178,Can Chassis,9.0,interactive.device.autopilotecurhd,interactive.page.canchassis
EPAS (LHD),90179,Can Chassis,9.0,interactive.device.epaslhd,interactive.page.canchassis
EPAS (RHD),90180,Can Chassis,9.0,interactive.device.epasrhd,interactive.page.canchassis
MCU (RHD),90181,Can Chassis,9.0,interactive.device.mcurhd,interactive.page.canchassis
iBooster & DTS (LHD),90182,Can Chassis,9.0,interactive.device.iboosterdtslhd,interactive.page.canchassis
iBooster & DTS (RHD),90183,Can Chassis,9.0,interactive.device.iboosterdtsrhd,interactive.page.canchassis
HCU/ESP,90184,Can Chassis,9.0,,interactive.page.canchassis
Autopilot ECU (LHD),90185,Can Chassis,9.0,interactive.device.autopiloteculhd,interactive.page.canchassis
MCU (LHD),90186,Can Chassis,9.0,interactive.device.mculhd,interactive.page.canchassis
Restraints Controller,90187,Can Chassis,9.0,interactive.device.restraintscontroller,interactive.page.canchassis
CAN Port,90188,Can Chassis,9.0,interactive.device.canport,interactive.page.canchassis
Body Controller Left,90189,Can Chassis,9.0,interactive.device.bodycontrollerleft,interactive.page.canchassis
X120A-3,90202,Can Chassis,9.0,,interactive.page.canchassis
X120A-4,90203,Can Chassis,9.0,,interactive.page.canchassis
X193-2,90204,Can Chassis,9.0,,interactive.page.canchassis
X193-3,90205,Can Chassis,9.0,,interactive.page.canchassis
X193A-2,90206,Can Chassis,9.0,,interactive.page.canchassis
X193A-3,90207,Can Chassis,9.0,,interactive.page.canchassis
X170A-3,90208,Can Chassis,9.0,,interactive.page.canchassis
X170A-4,90209,Can Chassis,9.0,,interactive.page.canchassis
X150-25,90210,Can Chassis,9.0,,interactive.page.canchassis
X150-16,90211,Can Chassis,9.0,,interactive.page.canchassis
X150A-25,90212,Can Chassis,9.0,,interactive.page.canchassis
X150A-16,90213,Can Chassis,9.0,,interactive.page.canchassis
X151-25,90214,Can Chassis,9.0,,interactive.page.canchassis
X151-11,90215,Can Chassis,9.0,,interactive.page.canchassis
X120-3,90216,Can Chassis,9.0,,interactive.page.canchassis
X120-4,90217,Can Chassis,9.0,,interactive.page.canchassis
X170-3,90218,Can Chassis,9.0,,interactive.page.canchassis
X170-4,90219,Can Chassis,9.0,,interactive.page.canchassis
X201-54,90220,Can Chassis,9.0,,interactive.page.canchassis
X201-53,90221,Can Chassis,9.0,,interactive.page.canchassis
X179-13,90222,Can Chassis,9.0,,interactive.page.canchassis
X179-14,90223,Can Chassis,9.0,,interactive.page.canchassis
X037-13,90224,Can Chassis,9.0,,interactive.page.canchassis
X037-12,90225,Can Chassis,9.0,,interactive.page.canchassis
X037-3,90226,Can Chassis,9.0,,interactive.page.canchassis
X037-4,90227,Can Chassis,9.0,,interactive.page.canchassis
X030A-4,90228,Can Chassis,9.0,,interactive.page.canchassis
X030A-3,90229,Can Chassis,9.0,,interactive.page.canchassis
X037-14,90230,Can Chassis,9.0,,interactive.page.canchassis
X037-15,90231,Can Chassis,9.0,,interactive.page.canchassis
X908M-13,90321,Can Chassis,9.0,,interactive.page.canchassis
X908F-13,90322,Can Chassis,9.0,,interactive.page.canchassis
X908M-14,90323,Can Chassis,9.0,,interactive.page.canchassis
X908F-14,90324,Can Chassis,9.0,,interactive.page.canchassis
Autopilot ECU (RHD),100195,Can Party,10.0,interactive.device.autopilotecurhd,interactive.page.canparty
EPAS (LHD),100196,Can Party,10.0,interactive.device.epaslhd,interactive.page.canparty
EPAS (RHD),100197,Can Party,10.0,interactive.device.epasrhd,interactive.page.canparty
iBooster & DTS (LHD),100198,Can Party,10.0,interactive.device.iboosterdtslhd,interactive.page.canparty
iBooster & DTS (RHD),100199,Can Party,10.0,interactive.device.iboosterdtsrhd,interactive.page.canparty
HCU/ESP,100200,Can Party,10.0,,interactive.page.canparty
Body Controller Front,100201,Can Party,10.0,interactive.device.bodycontrollerfront,interactive.page.canparty
Autopilot ECU (LHD),100202,Can Party,10.0,interactive.device.autopiloteculhd,interactive.page.canparty
MCU (LHD),100203,Can Party,10.0,interactive.device.mculhd,interactive.page.canparty
CAN Port,100204,Can Party,10.0,interactive.device.canport,interactive.page.canparty
Restraints Controller,100205,Can Party,10.0,interactive.device.restraintscontroller,interactive.page.canparty
Body Controller Left,100206,Can Party,10.0,interactive.device.bodycontrollerleft,interactive.page.canparty
Body Controller Right,100207,Can Party,10.0,interactive.device.bodycontrollerright,interactive.page.canparty
MCU (RHD),100208,Can Party,10.0,interactive.device.mcurhd,interactive.page.canparty
X192-2,100223,Can Party,10.0,,interactive.page.canparty
X192-3,100224,Can Party,10.0,,interactive.page.canparty
X192A-2,100225,Can Party,10.0,,interactive.page.canparty
X192A-3,100226,Can Party,10.0,,interactive.page.canparty
X150-18,100227,Can Party,10.0,,interactive.page.canparty
X150-10,100228,Can Party,10.0,,interactive.page.canparty
X150A-18,100229,Can Party,10.0,,interactive.page.canparty
X150A-10,100230,Can Party,10.0,,interactive.page.canparty
X010-14,100231,Can Party,10.0,,interactive.page.canparty
X010-29,100232,Can Party,10.0,,interactive.page.canparty
X010-15,100233,Can Party,10.0,,interactive.page.canparty
X010-30,100234,Can Party,10.0,,interactive.page.canparty
X201-72,100235,Can Party,10.0,,interactive.page.canparty
X201-71,100236,Can Party,10.0,,interactive.page.canparty
X031-29,100237,Can Party,10.0,,interactive.page.canparty
X031-30,100238,Can Party,10.0,,interactive.page.canparty
X031-43,100239,Can Party,10.0,,interactive.page.canparty
X031-42,100240,Can Party,10.0,,interactive.page.canparty
X031-44,100241,Can Party,10.0,,interactive.page.canparty
X031-45,100242,Can Party,10.0,,interactive.page.canparty
X051-14,100243,Can Party,10.0,,interactive.page.canparty
X051-30,100244,Can Party,10.0,,interactive.page.canparty
X121A-15,100245,Can Party,10.0,,interactive.page.canparty
X121A-16,100246,Can Party,10.0,,interactive.page.canparty
X151-5,100247,Can Party,10.0,,interactive.page.canparty
X151-19,100248,Can Party,10.0,,interactive.page.canparty
X010-12,100249,Can Party,10.0,,interactive.page.canparty
X010-27,100250,Can Party,10.0,,interactive.page.canparty
X010-40,100251,Can Party,10.0,,interactive.page.canparty
X010-41,100252,Can Party,10.0,,interactive.page.canparty
X010-54,100253,Can Party,10.0,,interactive.page.canparty
X010-55,100254,Can Party,10.0,,interactive.page.canparty
X121-15,100255,Can Party,10.0,,interactive.page.canparty
X121-16,100256,Can Party,10.0,,interactive.page.canparty
X175-5,100257,Can Party,10.0,,interactive.page.canparty
X175-6,100258,Can Party,10.0,,interactive.page.canparty
X179-2,100259,Can Party,10.0,,interactive.page.canparty
X179-3,100260,Can Party,10.0,,interactive.page.canparty
X051-13,100261,Can Party,10.0,,interactive.page.canparty
X051-29,100262,Can Party,10.0,,interactive.page.canparty
X051-12,100263,Can Party,10.0,,interactive.page.canparty
X051-28,100264,Can Party,10.0,,interactive.page.canparty
X175A-5,100265,Can Party,10.0,,interactive.page.canparty
X175A-6,100266,Can Party,10.0,,interactive.page.canparty
X935F-27,100387,Can Party,10.0,,interactive.page.canparty
X935F-26,100388,Can Party,10.0,,interactive.page.canparty
X935M-26,100389,Can Party,10.0,,interactive.page.canparty
X909M-13,100390,Can Party,10.0,,interactive.page.canparty
X909F-13,100391,Can Party,10.0,,interactive.page.canparty
X909F-14,100392,Can Party,10.0,,interactive.page.canparty
X909M-14,100393,Can Party,10.0,,interactive.page.canparty
X935M-27,100394,Can Party,10.0,,interactive.page.canparty
Autopilot ECU (RHD),110158,Can Vehicle,11.0,interactive.device.autopilotecurhd,interactive.page.canvehicle
"HV Compressor, Heat Pump",110159,Can Vehicle,11.0,interactive.device.hvcompressorheatpump,interactive.page.canvehicle
MCU (RHD),110160,Can Vehicle,11.0,interactive.device.mcurhd,interactive.page.canvehicle
Body Controller Front,110161,Can Vehicle,11.0,interactive.device.bodycontrollerfront,interactive.page.canvehicle
MCU (LHD),110162,Can Vehicle,11.0,interactive.device.mculhd,interactive.page.canvehicle
Autopilot ECU (LHD),110163,Can Vehicle,11.0,interactive.device.autopiloteculhd,interactive.page.canvehicle
CAN Port,110164,Can Vehicle,11.0,interactive.device.canport,interactive.page.canvehicle
HV Battery,110165,Can Vehicle,11.0,interactive.device.hvbattery,interactive.page.canvehicle
Body Controller Right,110166,Can Vehicle,11.0,interactive.device.bodycontrollerright,interactive.page.canvehicle
Body Controller Left,110167,Can Vehicle,11.0,interactive.device.bodycontrollerleft,interactive.page.canvehicle
Steering Column Control Module (SCCM),110168,Can Vehicle,11.0,interactive.device.steeringcolumncontrolmodulesccm,interactive.page.canvehicle
Radar Interior,110169,Can Vehicle,11.0,interactive.device.radarinterior,interactive.page.canvehicle
X120A-12,110182,Can Vehicle,11.0,,interactive.page.canvehicle
X120A-13,110183,Can Vehicle,11.0,,interactive.page.canvehicle
X529-3,110184,Can Vehicle,11.0,,interactive.page.canvehicle
X529-2,110185,Can Vehicle,11.0,,interactive.page.canvehicle
X170A-1,110186,Can Vehicle,11.0,,interactive.page.canvehicle
X170A-2,110187,Can Vehicle,11.0,,interactive.page.canvehicle
X010-18,110188,Can Vehicle,11.0,,interactive.page.canvehicle
X010-33,110189,Can Vehicle,11.0,,interactive.page.canvehicle
X021-N4,110190,Can Vehicle,11.0,,interactive.page.canvehicle
X021-O4,110191,Can Vehicle,11.0,,interactive.page.canvehicle
X170-1,110192,Can Vehicle,11.0,,interactive.page.canvehicle
X170-2,110193,Can Vehicle,11.0,,interactive.page.canvehicle
X120-12,110194,Can Vehicle,11.0,,interactive.page.canvehicle
X120-13,110195,Can Vehicle,11.0,,interactive.page.canvehicle
X179-9,110196,Can Vehicle,11.0,,interactive.page.canvehicle
X179-10,110197,Can Vehicle,11.0,,interactive.page.canvehicle
X098-16,110198,Can Vehicle,11.0,,interactive.page.canvehicle
X098-15,110199,Can Vehicle,11.0,,interactive.page.canvehicle
X057-8,110200,Can Vehicle,11.0,,interactive.page.canvehicle
X057-9,110201,Can Vehicle,11.0,,interactive.page.canvehicle
X057-11,110202,Can Vehicle,11.0,,interactive.page.canvehicle
X057-10,110203,Can Vehicle,11.0,,interactive.page.canvehicle
X057-23,110204,Can Vehicle,11.0,,interactive.page.canvehicle
X057-22,110205,Can Vehicle,11.0,,interactive.page.canvehicle
X050-33,110206,Can Vehicle,11.0,,interactive.page.canvehicle
X050-34,110207,Can Vehicle,11.0,,interactive.page.canvehicle
X050-55,110208,Can Vehicle,11.0,,interactive.page.canvehicle
X050-56,110209,Can Vehicle,11.0,,interactive.page.canvehicle
X037-6,110210,Can Vehicle,11.0,,interactive.page.canvehicle
X037-5,110211,Can Vehicle,11.0,,interactive.page.canvehicle
X037-17,110212,Can Vehicle,11.0,,interactive.page.canvehicle
X037-16,110213,Can Vehicle,11.0,,interactive.page.canvehicle
X030A-15,110214,Can Vehicle,11.0,,interactive.page.canvehicle
X030A-16,110215,Can Vehicle,11.0,,interactive.page.canvehicle
X035-10,110216,Can Vehicle,11.0,,interactive.page.canvehicle
X035-11,110217,Can Vehicle,11.0,,interactive.page.canvehicle
X180-2,110218,Can Vehicle,11.0,,interactive.page.canvehicle
X180-3,110219,Can Vehicle,11.0,,interactive.page.canvehicle
X486-7,110220,Can Vehicle,11.0,,interactive.page.canvehicle
X486-8,110221,Can Vehicle,11.0,,interactive.page.canvehicle
Center Console Rear Bin LED,120278,Center Console,12.0,interactive.device.centerconsolerearbinled,interactive.page.centerconsole
Inductive Charger,120279,Center Console,12.0,interactive.device.inductivecharger,interactive.page.centerconsole
Center Console Rear Bin Switch,120280,Center Console,12.0,interactive.device.centerconsolerearbinswitch,interactive.page.centerconsole
Center Console Front Bin Switch,120281,Center Console,12.0,interactive.device.centerconsolefrontbinswitch,interactive.page.centerconsole
Center Console Front Bin LED,120282,Center Console,12.0,interactive.device.centerconsolefrontbinled,interactive.page.centerconsole
2R USB Charging Ports,120283,Center Console,12.0,interactive.device.2rusbchargingports,interactive.page.centerconsole
12V Power Socket Center Console,120284,Center Console,12.0,interactive.device.12vpowersocketcenterconsole,interactive.page.centerconsole
Body Controller Left,120285,Center Console,12.0,interactive.device.bodycontrollerleft,interactive.page.centerconsole
Center Console Controller,120286,Center Console,12.0,interactive.device.centerconsolecontroller,interactive.page.centerconsole
X292-1,120296,Center Console,12.0,,interactive.page.centerconsole
X292-2,120297,Center Console,12.0,,interactive.page.centerconsole
X694-1,120298,Center Console,12.0,,interactive.page.centerconsole
X694-2,120299,Center Console,12.0,,interactive.page.centerconsole
X694-3,120300,Center Console,12.0,,interactive.page.centerconsole
X694-4,120301,Center Console,12.0,,interactive.page.centerconsole
X694-5,120302,Center Console,12.0,,interactive.page.centerconsole
X294-2,120303,Center Console,12.0,,interactive.page.centerconsole
X294-1,120304,Center Console,12.0,,interactive.page.centerconsole
X293-1,120305,Center Console,12.0,,interactive.page.centerconsole
X293-2,120306,Center Console,12.0,,interactive.page.centerconsole
X291-1,120307,Center Console,12.0,,interactive.page.centerconsole
X291-2,120308,Center Console,12.0,,interactive.page.centerconsole
X195-1,120309,Center Console,12.0,,interactive.page.centerconsole
X195-2,120310,Center Console,12.0,,interactive.page.centerconsole
X195-3,120311,Center Console,12.0,,interactive.page.centerconsole
X195-4,120312,Center Console,12.0,,interactive.page.centerconsole
X195-5,120313,Center Console,12.0,,interactive.page.centerconsole
X195-6,120314,Center Console,12.0,,interactive.page.centerconsole
X195-7,120315,Center Console,12.0,,interactive.page.centerconsole
X195-8,120316,Center Console,12.0,,interactive.page.centerconsole
X195-9,120317,Center Console,12.0,,interactive.page.centerconsole
X195-10,120318,Center Console,12.0,,interactive.page.centerconsole
X195-11,120319,Center Console,12.0,,interactive.page.centerconsole
X195-12,120320,Center Console,12.0,,interactive.page.centerconsole
X197-1,120321,Center Console,12.0,,interactive.page.centerconsole
X197-2,120322,Center Console,12.0,,interactive.page.centerconsole
X031-5,120323,Center Console,12.0,,interactive.page.centerconsole
X031-3,120324,Center Console,12.0,,interactive.page.centerconsole
X031-18,120325,Center Console,12.0,,interactive.page.centerconsole
X031-22,120326,Center Console,12.0,,interactive.page.centerconsole
X039-28,120327,Center Console,12.0,,interactive.page.centerconsole
X039-29,120328,Center Console,12.0,,interactive.page.centerconsole
X196-11,120329,Center Console,12.0,,interactive.page.centerconsole
X196-15,120330,Center Console,12.0,,interactive.page.centerconsole
X196-6,120331,Center Console,12.0,,interactive.page.centerconsole
X196-8,120332,Center Console,12.0,,interactive.page.centerconsole
X196-1,120333,Center Console,12.0,,interactive.page.centerconsole
X196-20,120334,Center Console,12.0,,interactive.page.centerconsole
X196-5,120335,Center Console,12.0,,interactive.page.centerconsole
X196-16,120336,Center Console,12.0,,interactive.page.centerconsole
X196-17,120337,Center Console,12.0,,interactive.page.centerconsole
X196-12,120338,Center Console,12.0,,interactive.page.centerconsole
X501-2,120339,Center Console,12.0,,interactive.page.centerconsole
X501-3,120340,Center Console,12.0,,interactive.page.centerconsole
X501-13,120341,Center Console,12.0,,interactive.page.centerconsole
X501-12,120342,Center Console,12.0,,interactive.page.centerconsole
X501-10,120343,Center Console,12.0,,interactive.page.centerconsole
X501-7,120344,Center Console,12.0,,interactive.page.centerconsole
X501-11,120345,Center Console,12.0,,interactive.page.centerconsole
X501-6,120346,Center Console,12.0,,interactive.page.centerconsole
X501-4,120347,Center Console,12.0,,interactive.page.centerconsole
X501-5,120348,Center Console,12.0,,interactive.page.centerconsole
X501-8,120349,Center Console,12.0,,interactive.page.centerconsole
X501-9,120350,Center Console,12.0,,interactive.page.centerconsole
G031-12,120433,Center Console,12.0,,interactive.page.centerconsole
X930F-10,120471,Center Console,12.0,,interactive.page.centerconsole
X930M-15,120472,Center Console,12.0,,interactive.page.centerconsole
X930M-11,120473,Center Console,12.0,,interactive.page.centerconsole
X930M-18,120474,Center Console,12.0,,interactive.page.centerconsole
X930M-8,120475,Center Console,12.0,,interactive.page.centerconsole
X930F-14,120476,Center Console,12.0,,interactive.page.centerconsole
X930F-15,120477,Center Console,12.0,,interactive.page.centerconsole
X930M-1,120478,Center Console,12.0,,interactive.page.centerconsole
X930F-8,120479,Center Console,12.0,,interactive.page.centerconsole
X930F-11,120480,Center Console,12.0,,interactive.page.centerconsole
X930F-18,120481,Center Console,12.0,,interactive.page.centerconsole
X930F-1,120482,Center Console,12.0,,interactive.page.centerconsole
X930M-10,120483,Center Console,12.0,,interactive.page.centerconsole
X930M-14,120484,Center Console,12.0,,interactive.page.centerconsole
Charge Port Door,130200,Charge Port Inlet,13.0,interactive.device.chargeportdoor,interactive.page.chargeportinlet
Charge Port Inlet,130201,Charge Port Inlet,13.0,interactive.device.chargeportinlet,interactive.page.chargeportinlet
Body Controller Left,130202,Charge Port Inlet,13.0,interactive.device.bodycontrollerleft,interactive.page.chargeportinlet
Charge Port ECU,130203,Charge Port Inlet,13.0,interactive.device.chargeportecu,interactive.page.chargeportinlet
X690-1,130208,Charge Port Inlet,13.0,,interactive.page.chargeportinlet
X690-2,130209,Charge Port Inlet,13.0,,interactive.page.chargeportinlet
X690-4,130210,Charge Port Inlet,13.0,,interactive.page.chargeportinlet
X690-5,130211,Charge Port Inlet,13.0,,interactive.page.chargeportinlet
X690-7,130212,Charge Port Inlet,13.0,,interactive.page.chargeportinlet
X690-8,130213,Charge Port Inlet,13.0,,interactive.page.chargeportinlet
X690-9,130214,Charge Port Inlet,13.0,,interactive.page.chargeportinlet
X691-1,130215,Charge Port Inlet,13.0,,interactive.page.chargeportinlet
X691-2,130216,Charge Port Inlet,13.0,,interactive.page.chargeportinlet
X691-3,130217,Charge Port Inlet,13.0,,interactive.page.chargeportinlet
X691-4,130218,Charge Port Inlet,13.0,,interactive.page.chargeportinlet
X691-5,130219,Charge Port Inlet,13.0,,interactive.page.chargeportinlet
X320-1,130220,Charge Port Inlet,13.0,,interactive.page.chargeportinlet
X320-2,130221,Charge Port Inlet,13.0,,interactive.page.chargeportinlet
X320-4,130222,Charge Port Inlet,13.0,,interactive.page.chargeportinlet
X320-10,130223,Charge Port Inlet,13.0,,interactive.page.chargeportinlet
X320-8,130224,Charge Port Inlet,13.0,,interactive.page.chargeportinlet
X320-9,130225,Charge Port Inlet,13.0,,interactive.page.chargeportinlet
X320-11,130226,Charge Port Inlet,13.0,,interactive.page.chargeportinlet
X320-12,130227,Charge Port Inlet,13.0,,interactive.page.chargeportinlet
X312-3,130228,Charge Port Inlet,13.0,,interactive.page.chargeportinlet
X312-2,130229,Charge Port Inlet,13.0,,interactive.page.chargeportinlet
X312-1,130230,Charge Port Inlet,13.0,,interactive.page.chargeportinlet
X321-1,130231,Charge Port Inlet,13.0,,interactive.page.chargeportinlet
X321-3,130232,Charge Port Inlet,13.0,,interactive.page.chargeportinlet
X321-4,130233,Charge Port Inlet,13.0,,interactive.page.chargeportinlet
X321-2,130234,Charge Port Inlet,13.0,,interactive.page.chargeportinlet
X321-6,130235,Charge Port Inlet,13.0,,interactive.page.chargeportinlet
X321-7,130236,Charge Port Inlet,13.0,,interactive.page.chargeportinlet
X321-8,130237,Charge Port Inlet,13.0,,interactive.page.chargeportinlet
X030A-28,130238,Charge Port Inlet,13.0,,interactive.page.chargeportinlet
X096-5,130239,Charge Port Inlet,13.0,,interactive.page.chargeportinlet
X096-6,130240,Charge Port Inlet,13.0,,interactive.page.chargeportinlet
X096-7,130241,Charge Port Inlet,13.0,,interactive.page.chargeportinlet
X096-8,130242,Charge Port Inlet,13.0,,interactive.page.chargeportinlet
X096-9,130243,Charge Port Inlet,13.0,,interactive.page.chargeportinlet
X096-10,130244,Charge Port Inlet,13.0,,interactive.page.chargeportinlet
X687-1,130245,Charge Port Inlet,13.0,,interactive.page.chargeportinlet
X687-2,130246,Charge Port Inlet,13.0,,interactive.page.chargeportinlet
X687-3,130247,Charge Port Inlet,13.0,,interactive.page.chargeportinlet
X687-5,130248,Charge Port Inlet,13.0,,interactive.page.chargeportinlet
X687-6,130249,Charge Port Inlet,13.0,,interactive.page.chargeportinlet
X687-7,130250,Charge Port Inlet,13.0,,interactive.page.chargeportinlet
X687-8,130251,Charge Port Inlet,13.0,,interactive.page.chargeportinlet
X687-10,130252,Charge Port Inlet,13.0,,interactive.page.chargeportinlet
X687-11,130253,Charge Port Inlet,13.0,,interactive.page.chargeportinlet
X687-13,130254,Charge Port Inlet,13.0,,interactive.page.chargeportinlet
X687-15,130255,Charge Port Inlet,13.0,,interactive.page.chargeportinlet
X687-16,130256,Charge Port Inlet,13.0,,interactive.page.chargeportinlet
X688-1,130257,Charge Port Inlet,13.0,,interactive.page.chargeportinlet
X688-2,130258,Charge Port Inlet,13.0,,interactive.page.chargeportinlet
X688-3,130259,Charge Port Inlet,13.0,,interactive.page.chargeportinlet
X688-4,130260,Charge Port Inlet,13.0,,interactive.page.chargeportinlet
X688-5,130261,Charge Port Inlet,13.0,,interactive.page.chargeportinlet
X688-6,130262,Charge Port Inlet,13.0,,interactive.page.chargeportinlet
X688-9,130263,Charge Port Inlet,13.0,,interactive.page.chargeportinlet
X688-10,130264,Charge Port Inlet,13.0,,interactive.page.chargeportinlet
X688-11,130265,Charge Port Inlet,13.0,,interactive.page.chargeportinlet
X688-12,130266,Charge Port Inlet,13.0,,interactive.page.chargeportinlet
X688-13,130267,Charge Port Inlet,13.0,,interactive.page.chargeportinlet
X688-16,130268,Charge Port Inlet,13.0,,interactive.page.chargeportinlet
X688-17,130269,Charge Port Inlet,13.0,,interactive.page.chargeportinlet
X688-20,130270,Charge Port Inlet,13.0,,interactive.page.chargeportinlet
X688-21,130271,Charge Port Inlet,13.0,,interactive.page.chargeportinlet
X688-22,130272,Charge Port Inlet,13.0,,interactive.page.chargeportinlet
X688-23,130273,Charge Port Inlet,13.0,,interactive.page.chargeportinlet
X688-24,130274,Charge Port Inlet,13.0,,interactive.page.chargeportinlet
G041-4,130351,Charge Port Inlet,13.0,,interactive.page.chargeportinlet
Z1-++CCH01,140102,Diagnostics,14.0,,interactive.page.diagnostics
Z1-++CCH02,140103,Diagnostics,14.0,,interactive.page.diagnostics
OBD,140148,Diagnostics,14.0,,interactive.page.diagnostics
MCU (RHD),140149,Diagnostics,14.0,interactive.device.mcurhd,interactive.page.diagnostics
CAN Port,140150,Diagnostics,14.0,interactive.device.canport,interactive.page.diagnostics
Body Controller Right,140151,Diagnostics,14.0,interactive.device.bodycontrollerright,interactive.page.diagnostics
MCU (LHD),140152,Diagnostics,14.0,interactive.device.mculhd,interactive.page.diagnostics
Body Controller Left,140153,Diagnostics,14.0,interactive.device.bodycontrollerleft,interactive.page.diagnostics
X181-3,140160,Diagnostics,14.0,,interactive.page.diagnostics
X181-4,140161,Diagnostics,14.0,,interactive.page.diagnostics
X181-5,140162,Diagnostics,14.0,,interactive.page.diagnostics
X181-6,140163,Diagnostics,14.0,,interactive.page.diagnostics
X181-8,140164,Diagnostics,14.0,,interactive.page.diagnostics
X181-11,140165,Diagnostics,14.0,,interactive.page.diagnostics
X181-12,140166,Diagnostics,14.0,,interactive.page.diagnostics
X181-13,140167,Diagnostics,14.0,,interactive.page.diagnostics
X181-14,140168,Diagnostics,14.0,,interactive.page.diagnostics
X181-16,140169,Diagnostics,14.0,,interactive.page.diagnostics
X173A-1,140170,Diagnostics,14.0,,interactive.page.diagnostics
X173A-2,140171,Diagnostics,14.0,,interactive.page.diagnostics
X173A-5,140172,Diagnostics,14.0,,interactive.page.diagnostics
X173A-6,140173,Diagnostics,14.0,,interactive.page.diagnostics
X179-20,140174,Diagnostics,14.0,,interactive.page.diagnostics
X179-9,140175,Diagnostics,14.0,,interactive.page.diagnostics
X179-10,140176,Diagnostics,14.0,,interactive.page.diagnostics
X179-13,140177,Diagnostics,14.0,,interactive.page.diagnostics
X179-14,140178,Diagnostics,14.0,,interactive.page.diagnostics
X179-2,140179,Diagnostics,14.0,,interactive.page.diagnostics
X179-3,140180,Diagnostics,14.0,,interactive.page.diagnostics
X051-13,140181,Diagnostics,14.0,,interactive.page.diagnostics
X051-29,140182,Diagnostics,14.0,,interactive.page.diagnostics
X050-55,140183,Diagnostics,14.0,,interactive.page.diagnostics
X050-56,140184,Diagnostics,14.0,,interactive.page.diagnostics
X173-1,140185,Diagnostics,14.0,,interactive.page.diagnostics
X173-2,140186,Diagnostics,14.0,,interactive.page.diagnostics
X173-5,140187,Diagnostics,14.0,,interactive.page.diagnostics
X173-6,140188,Diagnostics,14.0,,interactive.page.diagnostics
X037-22,140189,Diagnostics,14.0,,interactive.page.diagnostics
X037-23,140190,Diagnostics,14.0,,interactive.page.diagnostics
X037-27,140191,Diagnostics,14.0,,interactive.page.diagnostics
X037-26,140192,Diagnostics,14.0,,interactive.page.diagnostics
X037-9,140193,Diagnostics,14.0,,interactive.page.diagnostics
X037-10,140194,Diagnostics,14.0,,interactive.page.diagnostics
G032-8,140240,Diagnostics,14.0,,interactive.page.diagnostics
X908M-13,140264,Diagnostics,14.0,,interactive.page.diagnostics
X908F-13,140265,Diagnostics,14.0,,interactive.page.diagnostics
X908F-14,140266,Diagnostics,14.0,,interactive.page.diagnostics
X908M-14,140267,Diagnostics,14.0,,interactive.page.diagnostics
Z1-DCL80,150301,Door Front Left,15.0,,interactive.page.doorfrontleft
Z2-DCL80,150302,Door Front Left,15.0,,interactive.page.doorfrontleft
Ambient Light - Front Left Door,150401,Door Front Left,15.0,interactive.device.ambientlightfrontleftdoor,interactive.page.doorfrontleft
Blind Spot Indicator LH,150402,Door Front Left,15.0,interactive.device.blindspotindicatorlh,interactive.page.doorfrontleft
Interior Open Switch Front Left,150403,Door Front Left,15.0,interactive.device.interioropenswitchfrontleft,interactive.page.doorfrontleft
Puddle LED Front Left,150404,Door Front Left,15.0,interactive.device.puddleledfrontleft,interactive.page.doorfrontleft
Window Switch Pass Front Left,150405,Door Front Left,15.0,interactive.device.windowswitchpassfrontleft,interactive.page.doorfrontleft
Door Map Pocket LED Front Left,150406,Door Front Left,15.0,interactive.device.doormappocketledfrontleft,interactive.page.doorfrontleft
Window Switch Driver Front Left,150407,Door Front Left,15.0,interactive.device.windowswitchdriverfrontleft,interactive.page.doorfrontleft
Exterior Open Switch Front Left,150408,Door Front Left,15.0,interactive.device.exterioropenswitchfrontleft,interactive.page.doorfrontleft
Mirror Left Premium,150409,Door Front Left,15.0,interactive.device.mirrorleftpremium,interactive.page.doorfrontleft
Latch Front Left,150410,Door Front Left,15.0,interactive.device.latchfrontleft,interactive.page.doorfrontleft
Window Lift Motor Front Left,150411,Door Front Left,15.0,interactive.device.windowliftmotorfrontleft,interactive.page.doorfrontleft
Body Controller Left,150412,Door Front Left,15.0,interactive.device.bodycontrollerleft,interactive.page.doorfrontleft
X378-1,150425,Door Front Left,15.0,,interactive.page.doorfrontleft
X378-4,150426,Door Front Left,15.0,,interactive.page.doorfrontleft
X378-3,150427,Door Front Left,15.0,,interactive.page.doorfrontleft
X379-1,150428,Door Front Left,15.0,,interactive.page.doorfrontleft
X379-2,150429,Door Front Left,15.0,,interactive.page.doorfrontleft
X366-1,150430,Door Front Left,15.0,,interactive.page.doorfrontleft
X366-2,150431,Door Front Left,15.0,,interactive.page.doorfrontleft
X366-3,150432,Door Front Left,15.0,,interactive.page.doorfrontleft
X371-1,150433,Door Front Left,15.0,,interactive.page.doorfrontleft
X371-2,150434,Door Front Left,15.0,,interactive.page.doorfrontleft
X369-1,150435,Door Front Left,15.0,,interactive.page.doorfrontleft
X369-2,150436,Door Front Left,15.0,,interactive.page.doorfrontleft
X369-3,150437,Door Front Left,15.0,,interactive.page.doorfrontleft
X370-1,150438,Door Front Left,15.0,,interactive.page.doorfrontleft
X370-2,150439,Door Front Left,15.0,,interactive.page.doorfrontleft
X365-6,150440,Door Front Left,15.0,,interactive.page.doorfrontleft
X365-5,150441,Door Front Left,15.0,,interactive.page.doorfrontleft
X365-4,150442,Door Front Left,15.0,,interactive.page.doorfrontleft
X365-3,150443,Door Front Left,15.0,,interactive.page.doorfrontleft
X365-2,150444,Door Front Left,15.0,,interactive.page.doorfrontleft
X365-1,150445,Door Front Left,15.0,,interactive.page.doorfrontleft
X367-4,150446,Door Front Left,15.0,,interactive.page.doorfrontleft
X367-2,150447,Door Front Left,15.0,,interactive.page.doorfrontleft
X367-1,150448,Door Front Left,15.0,,interactive.page.doorfrontleft
X376-1,150449,Door Front Left,15.0,,interactive.page.doorfrontleft
X376-2,150450,Door Front Left,15.0,,interactive.page.doorfrontleft
X376-3,150451,Door Front Left,15.0,,interactive.page.doorfrontleft
X376-4,150452,Door Front Left,15.0,,interactive.page.doorfrontleft
X376-5,150453,Door Front Left,15.0,,interactive.page.doorfrontleft
X376-6,150454,Door Front Left,15.0,,interactive.page.doorfrontleft
X376-8,150455,Door Front Left,15.0,,interactive.page.doorfrontleft
X376-9,150456,Door Front Left,15.0,,interactive.page.doorfrontleft
X376-10,150457,Door Front Left,15.0,,interactive.page.doorfrontleft
X376-12,150458,Door Front Left,15.0,,interactive.page.doorfrontleft
X376-14,150459,Door Front Left,15.0,,interactive.page.doorfrontleft
X380-1,150460,Door Front Left,15.0,,interactive.page.doorfrontleft
X380-3,150461,Door Front Left,15.0,,interactive.page.doorfrontleft
X380-4,150462,Door Front Left,15.0,,interactive.page.doorfrontleft
X380-7,150463,Door Front Left,15.0,,interactive.page.doorfrontleft
X380-8,150464,Door Front Left,15.0,,interactive.page.doorfrontleft
X373-1,150465,Door Front Left,15.0,,interactive.page.doorfrontleft
X373-2,150466,Door Front Left,15.0,,interactive.page.doorfrontleft
X373-3,150467,Door Front Left,15.0,,interactive.page.doorfrontleft
X373-4,150468,Door Front Left,15.0,,interactive.page.doorfrontleft
X373-5,150469,Door Front Left,15.0,,interactive.page.doorfrontleft
X033A-1,150470,Door Front Left,15.0,,interactive.page.doorfrontleft
X033A-2,150471,Door Front Left,15.0,,interactive.page.doorfrontleft
X033B-24,150472,Door Front Left,15.0,,interactive.page.doorfrontleft
X033B-15,150473,Door Front Left,15.0,,interactive.page.doorfrontleft
X033B-12,150474,Door Front Left,15.0,,interactive.page.doorfrontleft
X033A-16,150475,Door Front Left,15.0,,interactive.page.doorfrontleft
X033A-17,150476,Door Front Left,15.0,,interactive.page.doorfrontleft
X033A-23,150477,Door Front Left,15.0,,interactive.page.doorfrontleft
X033B-21,150478,Door Front Left,15.0,,interactive.page.doorfrontleft
X033B-9,150479,Door Front Left,15.0,,interactive.page.doorfrontleft
X033B-8,150480,Door Front Left,15.0,,interactive.page.doorfrontleft
X033B-20,150481,Door Front Left,15.0,,interactive.page.doorfrontleft
X033A-24,150482,Door Front Left,15.0,,interactive.page.doorfrontleft
X033B-18,150483,Door Front Left,15.0,,interactive.page.doorfrontleft
X033B-19,150484,Door Front Left,15.0,,interactive.page.doorfrontleft
X033B-7,150485,Door Front Left,15.0,,interactive.page.doorfrontleft
X033A-11,150486,Door Front Left,15.0,,interactive.page.doorfrontleft
X033B-17,150487,Door Front Left,15.0,,interactive.page.doorfrontleft
X033A-21,150488,Door Front Left,15.0,,interactive.page.doorfrontleft
X033A-18,150489,Door Front Left,15.0,,interactive.page.doorfrontleft
X033A-13,150490,Door Front Left,15.0,,interactive.page.doorfrontleft
X033A-12,150491,Door Front Left,15.0,,interactive.page.doorfrontleft
X033B-11,150492,Door Front Left,15.0,,interactive.page.doorfrontleft
X033B-22,150493,Door Front Left,15.0,,interactive.page.doorfrontleft
X033B-23,150494,Door Front Left,15.0,,interactive.page.doorfrontleft
X033A-3,150495,Door Front Left,15.0,,interactive.page.doorfrontleft
X033A-7,150496,Door Front Left,15.0,,interactive.page.doorfrontleft
X033B-10,150497,Door Front Left,15.0,,interactive.page.doorfrontleft
X033A-10,150498,Door Front Left,15.0,,interactive.page.doorfrontleft
X033A-20,150499,Door Front Left,15.0,,interactive.page.doorfrontleft
X033A-15,150500,Door Front Left,15.0,,interactive.page.doorfrontleft
X033A-22,150501,Door Front Left,15.0,,interactive.page.doorfrontleft
X033A-14,150502,Door Front Left,15.0,,interactive.page.doorfrontleft
X033A-19,150503,Door Front Left,15.0,,interactive.page.doorfrontleft
X922F-18,150698,Door Front Left,15.0,,interactive.page.doorfrontleft
X922F-17,150699,Door Front Left,15.0,,interactive.page.doorfrontleft
X922M-10,150700,Door Front Left,15.0,,interactive.page.doorfrontleft
X922F-16,150701,Door Front Left,15.0,,interactive.page.doorfrontleft
X922M-7,150702,Door Front Left,15.0,,interactive.page.doorfrontleft
X922M-17,150703,Door Front Left,15.0,,interactive.page.doorfrontleft
X922F-9,150704,Door Front Left,15.0,,interactive.page.doorfrontleft
X922F-8,150705,Door Front Left,15.0,,interactive.page.doorfrontleft
X922M-14,150706,Door Front Left,15.0,,interactive.page.doorfrontleft
X922M-16,150707,Door Front Left,15.0,,interactive.page.doorfrontleft
X922F-10,150708,Door Front Left,15.0,,interactive.page.doorfrontleft
X922M-19,150709,Door Front Left,15.0,,interactive.page.doorfrontleft
X922F-14,150710,Door Front Left,15.0,,interactive.page.doorfrontleft
X922F-19,150711,Door Front Left,15.0,,interactive.page.doorfrontleft
X922M-8,150712,Door Front Left,15.0,,interactive.page.doorfrontleft
X922M-5,150713,Door Front Left,15.0,,interactive.page.doorfrontleft
X922M-18,150714,Door Front Left,15.0,,interactive.page.doorfrontleft
X922F-5,150715,Door Front Left,15.0,,interactive.page.doorfrontleft
X922F-15,150716,Door Front Left,15.0,,interactive.page.doorfrontleft
X922M-15,150717,Door Front Left,15.0,,interactive.page.doorfrontleft
X922M-4,150718,Door Front Left,15.0,,interactive.page.doorfrontleft
X922F-4,150719,Door Front Left,15.0,,interactive.page.doorfrontleft
X922F-7,150720,Door Front Left,15.0,,interactive.page.doorfrontleft
X922M-9,150721,Door Front Left,15.0,,interactive.page.doorfrontleft
X922F-13,150722,Door Front Left,15.0,,interactive.page.doorfrontleft
X922M-13,150723,Door Front Left,15.0,,interactive.page.doorfrontleft
Z2-DCR80,160301,Door Front Right,16.0,,interactive.page.doorfrontright
Z1-DCR80,160302,Door Front Right,16.0,,interactive.page.doorfrontright
Ambient Light - Front Right Door,160400,Door Front Right,16.0,interactive.device.ambientlightfrontrightdoor,interactive.page.doorfrontright
Blind Spot Indicator RH,160401,Door Front Right,16.0,interactive.device.blindspotindicatorrh,interactive.page.doorfrontright
Door Map Pocket LED Front Right,160402,Door Front Right,16.0,interactive.device.doormappocketledfrontright,interactive.page.doorfrontright
Exterior Open Switch Front Right,160403,Door Front Right,16.0,interactive.device.exterioropenswitchfrontright,interactive.page.doorfrontright
Interior Open Switch Front Right,160404,Door Front Right,16.0,interactive.device.interioropenswitchfrontright,interactive.page.doorfrontright
Mirror Right Premium,160405,Door Front Right,16.0,interactive.device.mirrorrightpremium,interactive.page.doorfrontright
Puddle LED Front Right,160406,Door Front Right,16.0,interactive.device.puddleledfrontright,interactive.page.doorfrontright
Window Lift Motor Front Right,160407,Door Front Right,16.0,interactive.device.windowliftmotorfrontright,interactive.page.doorfrontright
Window Switch Driver Front Right,160408,Door Front Right,16.0,interactive.device.windowswitchdriverfrontright,interactive.page.doorfrontright
Window Switch Pass Front Right,160409,Door Front Right,16.0,interactive.device.windowswitchpassfrontright,interactive.page.doorfrontright
Latch Front Right,160410,Door Front Right,16.0,interactive.device.latchfrontright,interactive.page.doorfrontright
Body Controller Right,160411,Door Front Right,16.0,interactive.device.bodycontrollerright,interactive.page.doorfrontright
X408-1,160424,Door Front Right,16.0,,interactive.page.doorfrontright
X408-4,160425,Door Front Right,16.0,,interactive.page.doorfrontright
X408-3,160426,Door Front Right,16.0,,interactive.page.doorfrontright
X409-1,160427,Door Front Right,16.0,,interactive.page.doorfrontright
X409-2,160428,Door Front Right,16.0,,interactive.page.doorfrontright
X400-1,160429,Door Front Right,16.0,,interactive.page.doorfrontright
X400-2,160430,Door Front Right,16.0,,interactive.page.doorfrontright
X397-1,160431,Door Front Right,16.0,,interactive.page.doorfrontright
X397-2,160432,Door Front Right,16.0,,interactive.page.doorfrontright
X397-4,160433,Door Front Right,16.0,,interactive.page.doorfrontright
X396-1,160434,Door Front Right,16.0,,interactive.page.doorfrontright
X396-2,160435,Door Front Right,16.0,,interactive.page.doorfrontright
X396-3,160436,Door Front Right,16.0,,interactive.page.doorfrontright
X406-1,160437,Door Front Right,16.0,,interactive.page.doorfrontright
X406-2,160438,Door Front Right,16.0,,interactive.page.doorfrontright
X406-3,160439,Door Front Right,16.0,,interactive.page.doorfrontright
X406-4,160440,Door Front Right,16.0,,interactive.page.doorfrontright
X406-5,160441,Door Front Right,16.0,,interactive.page.doorfrontright
X406-6,160442,Door Front Right,16.0,,interactive.page.doorfrontright
X406-8,160443,Door Front Right,16.0,,interactive.page.doorfrontright
X406-9,160444,Door Front Right,16.0,,interactive.page.doorfrontright
X406-10,160445,Door Front Right,16.0,,interactive.page.doorfrontright
X406-12,160446,Door Front Right,16.0,,interactive.page.doorfrontright
X406-14,160447,Door Front Right,16.0,,interactive.page.doorfrontright
X401-1,160448,Door Front Right,16.0,,interactive.page.doorfrontright
X401-2,160449,Door Front Right,16.0,,interactive.page.doorfrontright
X403-1,160450,Door Front Right,16.0,,interactive.page.doorfrontright
X403-2,160451,Door Front Right,16.0,,interactive.page.doorfrontright
X403-3,160452,Door Front Right,16.0,,interactive.page.doorfrontright
X403-4,160453,Door Front Right,16.0,,interactive.page.doorfrontright
X403-5,160454,Door Front Right,16.0,,interactive.page.doorfrontright
X395-1,160455,Door Front Right,16.0,,interactive.page.doorfrontright
X395-2,160456,Door Front Right,16.0,,interactive.page.doorfrontright
X395-3,160457,Door Front Right,16.0,,interactive.page.doorfrontright
X395-4,160458,Door Front Right,16.0,,interactive.page.doorfrontright
X395-5,160459,Door Front Right,16.0,,interactive.page.doorfrontright
X395-6,160460,Door Front Right,16.0,,interactive.page.doorfrontright
X399-1,160461,Door Front Right,16.0,,interactive.page.doorfrontright
X399-2,160462,Door Front Right,16.0,,interactive.page.doorfrontright
X399-3,160463,Door Front Right,16.0,,interactive.page.doorfrontright
X410-1,160464,Door Front Right,16.0,,interactive.page.doorfrontright
X410-3,160465,Door Front Right,16.0,,interactive.page.doorfrontright
X410-4,160466,Door Front Right,16.0,,interactive.page.doorfrontright
X410-7,160467,Door Front Right,16.0,,interactive.page.doorfrontright
X410-8,160468,Door Front Right,16.0,,interactive.page.doorfrontright
X053A-2,160469,Door Front Right,16.0,,interactive.page.doorfrontright
X053A-1,160470,Door Front Right,16.0,,interactive.page.doorfrontright
X053B-16,160471,Door Front Right,16.0,,interactive.page.doorfrontright
X053A-7,160472,Door Front Right,16.0,,interactive.page.doorfrontright
X053A-16,160473,Door Front Right,16.0,,interactive.page.doorfrontright
X053A-8,160474,Door Front Right,16.0,,interactive.page.doorfrontright
X053A-24,160475,Door Front Right,16.0,,interactive.page.doorfrontright
X053A-4,160476,Door Front Right,16.0,,interactive.page.doorfrontright
X053A-11,160477,Door Front Right,16.0,,interactive.page.doorfrontright
X053A-19,160478,Door Front Right,16.0,,interactive.page.doorfrontright
X053A-20,160479,Door Front Right,16.0,,interactive.page.doorfrontright
X053A-10,160480,Door Front Right,16.0,,interactive.page.doorfrontright
X053B-10,160481,Door Front Right,16.0,,interactive.page.doorfrontright
X053B-7,160482,Door Front Right,16.0,,interactive.page.doorfrontright
X053B-9,160483,Door Front Right,16.0,,interactive.page.doorfrontright
X053A-13,160484,Door Front Right,16.0,,interactive.page.doorfrontright
X053A-21,160485,Door Front Right,16.0,,interactive.page.doorfrontright
X053B-13,160486,Door Front Right,16.0,,interactive.page.doorfrontright
X053B-14,160487,Door Front Right,16.0,,interactive.page.doorfrontright
X053B-12,160488,Door Front Right,16.0,,interactive.page.doorfrontright
X053B-22,160489,Door Front Right,16.0,,interactive.page.doorfrontright
X053B-21,160490,Door Front Right,16.0,,interactive.page.doorfrontright
X053B-11,160491,Door Front Right,16.0,,interactive.page.doorfrontright
X053B-23,160492,Door Front Right,16.0,,interactive.page.doorfrontright
X053B-8,160493,Door Front Right,16.0,,interactive.page.doorfrontright
X053A-18,160494,Door Front Right,16.0,,interactive.page.doorfrontright
X053A-17,160495,Door Front Right,16.0,,interactive.page.doorfrontright
X053A-9,160496,Door Front Right,16.0,,interactive.page.doorfrontright
X053B-4,160497,Door Front Right,16.0,,interactive.page.doorfrontright
X053A-3,160498,Door Front Right,16.0,,interactive.page.doorfrontright
X053A-12,160499,Door Front Right,16.0,,interactive.page.doorfrontright
X053A-14,160500,Door Front Right,16.0,,interactive.page.doorfrontright
X053A-15,160501,Door Front Right,16.0,,interactive.page.doorfrontright
X053B-17,160502,Door Front Right,16.0,,interactive.page.doorfrontright
X923F-15,160696,Door Front Right,16.0,,interactive.page.doorfrontright
X923F-10,160697,Door Front Right,16.0,,interactive.page.doorfrontright
X923F-9,160698,Door Front Right,16.0,,interactive.page.doorfrontright
X923F-19,160699,Door Front Right,16.0,,interactive.page.doorfrontright
X923F-7,160700,Door Front Right,16.0,,interactive.page.doorfrontright
X923M-10,160701,Door Front Right,16.0,,interactive.page.doorfrontright
X923M-18,160702,Door Front Right,16.0,,interactive.page.doorfrontright
X923F-17,160703,Door Front Right,16.0,,interactive.page.doorfrontright
X923M-17,160704,Door Front Right,16.0,,interactive.page.doorfrontright
X923M-5,160705,Door Front Right,16.0,,interactive.page.doorfrontright
X923M-15,160706,Door Front Right,16.0,,interactive.page.doorfrontright
X923F-4,160707,Door Front Right,16.0,,interactive.page.doorfrontright
X923M-19,160708,Door Front Right,16.0,,interactive.page.doorfrontright
X923F-5,160709,Door Front Right,16.0,,interactive.page.doorfrontright
X923M-7,160710,Door Front Right,16.0,,interactive.page.doorfrontright
X923F-8,160711,Door Front Right,16.0,,interactive.page.doorfrontright
X923M-14,160712,Door Front Right,16.0,,interactive.page.doorfrontright
X923F-18,160713,Door Front Right,16.0,,interactive.page.doorfrontright
X923M-8,160714,Door Front Right,16.0,,interactive.page.doorfrontright
X923M-16,160715,Door Front Right,16.0,,interactive.page.doorfrontright
X923F-16,160716,Door Front Right,16.0,,interactive.page.doorfrontright
X923M-4,160717,Door Front Right,16.0,,interactive.page.doorfrontright
X923M-9,160718,Door Front Right,16.0,,interactive.page.doorfrontright
X923F-14,160719,Door Front Right,16.0,,interactive.page.doorfrontright
X923F-13,160720,Door Front Right,16.0,,interactive.page.doorfrontright
X923M-13,160721,Door Front Right,16.0,,interactive.page.doorfrontright
Z1-DCL180,170248,Door Rear Left,17.0,,interactive.page.doorrearleft
Z2-DCL180,170249,Door Rear Left,17.0,,interactive.page.doorrearleft
Ambient Light - Rear Left Door,170341,Door Rear Left,17.0,interactive.device.ambientlightrearleftdoor,interactive.page.doorrearleft
Door Map Pocket LED Rear Left,170342,Door Rear Left,17.0,interactive.device.doormappocketledrearleft,interactive.page.doorrearleft
Exterior Open Switch Rear Left,170343,Door Rear Left,17.0,interactive.device.exterioropenswitchrearleft,interactive.page.doorrearleft
Interior Open Switch Rear Left,170344,Door Rear Left,17.0,interactive.device.interioropenswitchrearleft,interactive.page.doorrearleft
Latch Rear Left,170345,Door Rear Left,17.0,interactive.device.latchrearleft,interactive.page.doorrearleft
Puddle LED Rear Left,170346,Door Rear Left,17.0,interactive.device.puddleledrearleft,interactive.page.doorrearleft
Window Lift Motor Rear Left,170347,Door Rear Left,17.0,interactive.device.windowliftmotorrearleft,interactive.page.doorrearleft
Window Switch RL,170348,Door Rear Left,17.0,interactive.device.windowswitchrl,interactive.page.doorrearleft
Body Controller Left,170349,Door Rear Left,17.0,interactive.device.bodycontrollerleft,interactive.page.doorrearleft
X434-1,170359,Door Rear Left,17.0,,interactive.page.doorrearleft
X434-4,170360,Door Rear Left,17.0,,interactive.page.doorrearleft
X434-3,170361,Door Rear Left,17.0,,interactive.page.doorrearleft
X435-1,170362,Door Rear Left,17.0,,interactive.page.doorrearleft
X435-2,170363,Door Rear Left,17.0,,interactive.page.doorrearleft
X425-1,170364,Door Rear Left,17.0,,interactive.page.doorrearleft
X425-2,170365,Door Rear Left,17.0,,interactive.page.doorrearleft
X425-4,170366,Door Rear Left,17.0,,interactive.page.doorrearleft
X426-1,170367,Door Rear Left,17.0,,interactive.page.doorrearleft
X426-2,170368,Door Rear Left,17.0,,interactive.page.doorrearleft
X426-3,170369,Door Rear Left,17.0,,interactive.page.doorrearleft
X427-1,170370,Door Rear Left,17.0,,interactive.page.doorrearleft
X427-3,170371,Door Rear Left,17.0,,interactive.page.doorrearleft
X427-4,170372,Door Rear Left,17.0,,interactive.page.doorrearleft
X427-7,170373,Door Rear Left,17.0,,interactive.page.doorrearleft
X427-8,170374,Door Rear Left,17.0,,interactive.page.doorrearleft
X436-1,170375,Door Rear Left,17.0,,interactive.page.doorrearleft
X436-2,170376,Door Rear Left,17.0,,interactive.page.doorrearleft
X433-1,170377,Door Rear Left,17.0,,interactive.page.doorrearleft
X433-2,170378,Door Rear Left,17.0,,interactive.page.doorrearleft
X433-3,170379,Door Rear Left,17.0,,interactive.page.doorrearleft
X433-4,170380,Door Rear Left,17.0,,interactive.page.doorrearleft
X433-5,170381,Door Rear Left,17.0,,interactive.page.doorrearleft
X432-1,170382,Door Rear Left,17.0,,interactive.page.doorrearleft
X432-2,170383,Door Rear Left,17.0,,interactive.page.doorrearleft
X432-3,170384,Door Rear Left,17.0,,interactive.page.doorrearleft
X030A-22,170385,Door Rear Left,17.0,,interactive.page.doorrearleft
X030A-23,170386,Door Rear Left,17.0,,interactive.page.doorrearleft
X030A-14,170387,Door Rear Left,17.0,,interactive.page.doorrearleft
X031-8,170388,Door Rear Left,17.0,,interactive.page.doorrearleft
X030A-11,170389,Door Rear Left,17.0,,interactive.page.doorrearleft
X031-23,170390,Door Rear Left,17.0,,interactive.page.doorrearleft
X031-24,170391,Door Rear Left,17.0,,interactive.page.doorrearleft
X030A-13,170392,Door Rear Left,17.0,,interactive.page.doorrearleft
X031-19,170393,Door Rear Left,17.0,,interactive.page.doorrearleft
X031-4,170394,Door Rear Left,17.0,,interactive.page.doorrearleft
X031-1,170395,Door Rear Left,17.0,,interactive.page.doorrearleft
X031-15,170396,Door Rear Left,17.0,,interactive.page.doorrearleft
X030A-17,170397,Door Rear Left,17.0,,interactive.page.doorrearleft
X030A-18,170398,Door Rear Left,17.0,,interactive.page.doorrearleft
X031-7,170399,Door Rear Left,17.0,,interactive.page.doorrearleft
X031-20,170400,Door Rear Left,17.0,,interactive.page.doorrearleft
X039-4,170401,Door Rear Left,17.0,,interactive.page.doorrearleft
X039-31,170402,Door Rear Left,17.0,,interactive.page.doorrearleft
X030A-8,170403,Door Rear Left,17.0,,interactive.page.doorrearleft
X925M-9,170609,Door Rear Left,17.0,,interactive.page.doorrearleft
X925F-9,170610,Door Rear Left,17.0,,interactive.page.doorrearleft
X924M-2,170611,Door Rear Left,17.0,,interactive.page.doorrearleft
X924F-2,170612,Door Rear Left,17.0,,interactive.page.doorrearleft
X925M-16,170613,Door Rear Left,17.0,,interactive.page.doorrearleft
X925F-16,170614,Door Rear Left,17.0,,interactive.page.doorrearleft
X924M-3,170615,Door Rear Left,17.0,,interactive.page.doorrearleft
X924F-3,170616,Door Rear Left,17.0,,interactive.page.doorrearleft
X925M-18,170617,Door Rear Left,17.0,,interactive.page.doorrearleft
X925F-18,170618,Door Rear Left,17.0,,interactive.page.doorrearleft
X924M-10,170619,Door Rear Left,17.0,,interactive.page.doorrearleft
X924F-10,170620,Door Rear Left,17.0,,interactive.page.doorrearleft
X925M-10,170621,Door Rear Left,17.0,,interactive.page.doorrearleft
X925F-10,170622,Door Rear Left,17.0,,interactive.page.doorrearleft
X924M-16,170623,Door Rear Left,17.0,,interactive.page.doorrearleft
X924F-16,170624,Door Rear Left,17.0,,interactive.page.doorrearleft
X925M-5,170625,Door Rear Left,17.0,,interactive.page.doorrearleft
X925F-5,170626,Door Rear Left,17.0,,interactive.page.doorrearleft
X924M-9,170627,Door Rear Left,17.0,,interactive.page.doorrearleft
X924F-9,170628,Door Rear Left,17.0,,interactive.page.doorrearleft
X924M-24,170629,Door Rear Left,17.0,,interactive.page.doorrearleft
X924F-24,170630,Door Rear Left,17.0,,interactive.page.doorrearleft
X925M-14,170631,Door Rear Left,17.0,,interactive.page.doorrearleft
X925F-14,170632,Door Rear Left,17.0,,interactive.page.doorrearleft
X925M-8,170633,Door Rear Left,17.0,,interactive.page.doorrearleft
X925F-8,170634,Door Rear Left,17.0,,interactive.page.doorrearleft
X924M-25,170635,Door Rear Left,17.0,,interactive.page.doorrearleft
X924F-25,170636,Door Rear Left,17.0,,interactive.page.doorrearleft
X925M-19,170637,Door Rear Left,17.0,,interactive.page.doorrearleft
X925F-19,170638,Door Rear Left,17.0,,interactive.page.doorrearleft
X924M-22,170639,Door Rear Left,17.0,,interactive.page.doorrearleft
X924F-22,170640,Door Rear Left,17.0,,interactive.page.doorrearleft
X924M-19,170641,Door Rear Left,17.0,,interactive.page.doorrearleft
X924F-19,170642,Door Rear Left,17.0,,interactive.page.doorrearleft
X924M-5,170643,Door Rear Left,17.0,,interactive.page.doorrearleft
X924F-5,170644,Door Rear Left,17.0,,interactive.page.doorrearleft
X924M-6,170645,Door Rear Left,17.0,,interactive.page.doorrearleft
X924F-6,170646,Door Rear Left,17.0,,interactive.page.doorrearleft
X924M-11,170647,Door Rear Left,17.0,,interactive.page.doorrearleft
X924F-11,170648,Door Rear Left,17.0,,interactive.page.doorrearleft
X924M-23,170649,Door Rear Left,17.0,,interactive.page.doorrearleft
X924F-23,170650,Door Rear Left,17.0,,interactive.page.doorrearleft
X924M-1,170651,Door Rear Left,17.0,,interactive.page.doorrearleft
X924F-1,170652,Door Rear Left,17.0,,interactive.page.doorrearleft
X924M-15,170653,Door Rear Left,17.0,,interactive.page.doorrearleft
X924F-15,170654,Door Rear Left,17.0,,interactive.page.doorrearleft
X924M-12,170655,Door Rear Left,17.0,,interactive.page.doorrearleft
X924F-12,170656,Door Rear Left,17.0,,interactive.page.doorrearleft
X924M-4,170657,Door Rear Left,17.0,,interactive.page.doorrearleft
X924F-4,170658,Door Rear Left,17.0,,interactive.page.doorrearleft
X924M-13,170659,Door Rear Left,17.0,,interactive.page.doorrearleft
X924F-13,170660,Door Rear Left,17.0,,interactive.page.doorrearleft
X924M-18,170661,Door Rear Left,17.0,,interactive.page.doorrearleft
X924F-18,170662,Door Rear Left,17.0,,interactive.page.doorrearleft
X925M-13,170663,Door Rear Left,17.0,,interactive.page.doorrearleft
X925F-13,170664,Door Rear Left,17.0,,interactive.page.doorrearleft
Z1-DCR180,180248,Door Rear Right,18.0,,interactive.page.doorrearright
Z2-DCR180,180249,Door Rear Right,18.0,,interactive.page.doorrearright
Ambient Light - Rear Right Door,180338,Door Rear Right,18.0,interactive.device.ambientlightrearrightdoor,interactive.page.doorrearright
Door Map Pocket LED Rear Right,180339,Door Rear Right,18.0,interactive.device.doormappocketledrearright,interactive.page.doorrearright
Interior Open Switch Rear Right,180340,Door Rear Right,18.0,interactive.device.interioropenswitchrearright,interactive.page.doorrearright
Latch Rear Right,180341,Door Rear Right,18.0,interactive.device.latchrearright,interactive.page.doorrearright
Puddle LED Rear Right,180342,Door Rear Right,18.0,interactive.device.puddleledrearright,interactive.page.doorrearright
Window Switch RR,180343,Door Rear Right,18.0,interactive.device.windowswitchrr,interactive.page.doorrearright
Exterior Open Switch Rear Right,180344,Door Rear Right,18.0,interactive.device.exterioropenswitchrearright,interactive.page.doorrearright
Window Lift Motor Rear Right,180345,Door Rear Right,18.0,interactive.device.windowliftmotorrearright,interactive.page.doorrearright
Body Controller Right,180346,Door Rear Right,18.0,interactive.device.bodycontrollerright,interactive.page.doorrearright
X464-1,180356,Door Rear Right,18.0,,interactive.page.doorrearright
X464-4,180357,Door Rear Right,18.0,,interactive.page.doorrearright
X464-3,180358,Door Rear Right,18.0,,interactive.page.doorrearright
X465-1,180359,Door Rear Right,18.0,,interactive.page.doorrearright
X465-2,180360,Door Rear Right,18.0,,interactive.page.doorrearright
X456-1,180361,Door Rear Right,18.0,,interactive.page.doorrearright
X456-2,180362,Door Rear Right,18.0,,interactive.page.doorrearright
X456-3,180363,Door Rear Right,18.0,,interactive.page.doorrearright
X457-1,180364,Door Rear Right,18.0,,interactive.page.doorrearright
X457-3,180365,Door Rear Right,18.0,,interactive.page.doorrearright
X457-4,180366,Door Rear Right,18.0,,interactive.page.doorrearright
X457-7,180367,Door Rear Right,18.0,,interactive.page.doorrearright
X457-8,180368,Door Rear Right,18.0,,interactive.page.doorrearright
X466-1,180369,Door Rear Right,18.0,,interactive.page.doorrearright
X466-2,180370,Door Rear Right,18.0,,interactive.page.doorrearright
X462-1,180371,Door Rear Right,18.0,,interactive.page.doorrearright
X462-2,180372,Door Rear Right,18.0,,interactive.page.doorrearright
X462-3,180373,Door Rear Right,18.0,,interactive.page.doorrearright
X455-1,180374,Door Rear Right,18.0,,interactive.page.doorrearright
X455-2,180375,Door Rear Right,18.0,,interactive.page.doorrearright
X455-4,180376,Door Rear Right,18.0,,interactive.page.doorrearright
X463-1,180377,Door Rear Right,18.0,,interactive.page.doorrearright
X463-2,180378,Door Rear Right,18.0,,interactive.page.doorrearright
X463-3,180379,Door Rear Right,18.0,,interactive.page.doorrearright
X463-4,180380,Door Rear Right,18.0,,interactive.page.doorrearright
X463-5,180381,Door Rear Right,18.0,,interactive.page.doorrearright
X051-27,180382,Door Rear Right,18.0,,interactive.page.doorrearright
X051-11,180383,Door Rear Right,18.0,,interactive.page.doorrearright
X051-22,180384,Door Rear Right,18.0,,interactive.page.doorrearright
X051-21,180385,Door Rear Right,18.0,,interactive.page.doorrearright
X051-25,180386,Door Rear Right,18.0,,interactive.page.doorrearright
X051-2,180387,Door Rear Right,18.0,,interactive.page.doorrearright
X051-1,180388,Door Rear Right,18.0,,interactive.page.doorrearright
X051-6,180389,Door Rear Right,18.0,,interactive.page.doorrearright
X059-27,180390,Door Rear Right,18.0,,interactive.page.doorrearright
X050-53,180391,Door Rear Right,18.0,,interactive.page.doorrearright
X050-29,180392,Door Rear Right,18.0,,interactive.page.doorrearright
X051-44,180393,Door Rear Right,18.0,,interactive.page.doorrearright
X051-23,180394,Door Rear Right,18.0,,interactive.page.doorrearright
X050-30,180395,Door Rear Right,18.0,,interactive.page.doorrearright
X050-31,180396,Door Rear Right,18.0,,interactive.page.doorrearright
X050-54,180397,Door Rear Right,18.0,,interactive.page.doorrearright
X050-25,180398,Door Rear Right,18.0,,interactive.page.doorrearright
X050-48,180399,Door Rear Right,18.0,,interactive.page.doorrearright
X050-15,180400,Door Rear Right,18.0,,interactive.page.doorrearright
X927M-9,180603,Door Rear Right,18.0,,interactive.page.doorrearright
X927F-9,180604,Door Rear Right,18.0,,interactive.page.doorrearright
X926F-2,180605,Door Rear Right,18.0,,interactive.page.doorrearright
X926M-2,180606,Door Rear Right,18.0,,interactive.page.doorrearright
X927M-16,180607,Door Rear Right,18.0,,interactive.page.doorrearright
X927F-16,180608,Door Rear Right,18.0,,interactive.page.doorrearright
X926F-3,180609,Door Rear Right,18.0,,interactive.page.doorrearright
X926M-3,180610,Door Rear Right,18.0,,interactive.page.doorrearright
X927M-10,180611,Door Rear Right,18.0,,interactive.page.doorrearright
X927F-10,180612,Door Rear Right,18.0,,interactive.page.doorrearright
X926F-16,180613,Door Rear Right,18.0,,interactive.page.doorrearright
X926M-16,180614,Door Rear Right,18.0,,interactive.page.doorrearright
X927M-8,180615,Door Rear Right,18.0,,interactive.page.doorrearright
X927F-8,180616,Door Rear Right,18.0,,interactive.page.doorrearright
X926F-25,180617,Door Rear Right,18.0,,interactive.page.doorrearright
X926M-25,180618,Door Rear Right,18.0,,interactive.page.doorrearright
X927M-18,180619,Door Rear Right,18.0,,interactive.page.doorrearright
X927F-18,180620,Door Rear Right,18.0,,interactive.page.doorrearright
X926F-10,180621,Door Rear Right,18.0,,interactive.page.doorrearright
X926M-10,180622,Door Rear Right,18.0,,interactive.page.doorrearright
X927M-5,180623,Door Rear Right,18.0,,interactive.page.doorrearright
X927F-5,180624,Door Rear Right,18.0,,interactive.page.doorrearright
X926F-9,180625,Door Rear Right,18.0,,interactive.page.doorrearright
X926M-9,180626,Door Rear Right,18.0,,interactive.page.doorrearright
X927M-19,180627,Door Rear Right,18.0,,interactive.page.doorrearright
X927F-19,180628,Door Rear Right,18.0,,interactive.page.doorrearright
X926F-22,180629,Door Rear Right,18.0,,interactive.page.doorrearright
X926M-22,180630,Door Rear Right,18.0,,interactive.page.doorrearright
X926F-24,180631,Door Rear Right,18.0,,interactive.page.doorrearright
X926M-24,180632,Door Rear Right,18.0,,interactive.page.doorrearright
X927M-14,180633,Door Rear Right,18.0,,interactive.page.doorrearright
X927F-14,180634,Door Rear Right,18.0,,interactive.page.doorrearright
X926F-4,180635,Door Rear Right,18.0,,interactive.page.doorrearright
X926M-4,180636,Door Rear Right,18.0,,interactive.page.doorrearright
X926F-6,180637,Door Rear Right,18.0,,interactive.page.doorrearright
X926M-6,180638,Door Rear Right,18.0,,interactive.page.doorrearright
X926F-19,180639,Door Rear Right,18.0,,interactive.page.doorrearright
X926M-19,180640,Door Rear Right,18.0,,interactive.page.doorrearright
X926F-12,180641,Door Rear Right,18.0,,interactive.page.doorrearright
X926M-12,180642,Door Rear Right,18.0,,interactive.page.doorrearright
X926F-5,180643,Door Rear Right,18.0,,interactive.page.doorrearright
X926M-5,180644,Door Rear Right,18.0,,interactive.page.doorrearright
X926F-13,180645,Door Rear Right,18.0,,interactive.page.doorrearright
X926M-13,180646,Door Rear Right,18.0,,interactive.page.doorrearright
X926F-15,180647,Door Rear Right,18.0,,interactive.page.doorrearright
X926M-15,180648,Door Rear Right,18.0,,interactive.page.doorrearright
X926F-23,180649,Door Rear Right,18.0,,interactive.page.doorrearright
X926M-23,180650,Door Rear Right,18.0,,interactive.page.doorrearright
X926F-1,180651,Door Rear Right,18.0,,interactive.page.doorrearright
X926M-1,180652,Door Rear Right,18.0,,interactive.page.doorrearright
X926F-11,180653,Door Rear Right,18.0,,interactive.page.doorrearright
X926M-11,180654,Door Rear Right,18.0,,interactive.page.doorrearright
X926F-18,180655,Door Rear Right,18.0,,interactive.page.doorrearright
X926M-18,180656,Door Rear Right,18.0,,interactive.page.doorrearright
X927M-13,180657,Door Rear Right,18.0,,interactive.page.doorrearright
X927F-13,180658,Door Rear Right,18.0,,interactive.page.doorrearright
Body Controller Front,190165,Drive Inverters Power And Comms,19.0,interactive.device.bodycontrollerfront,interactive.page.driveinverterspowerandcomms
Body Controller Right,190166,Drive Inverters Power And Comms,19.0,interactive.device.bodycontrollerright,interactive.page.driveinverterspowerandcomms
Body Controller Left,190167,Drive Inverters Power And Comms,19.0,interactive.device.bodycontrollerleft,interactive.page.driveinverterspowerandcomms
Drive Unit Oil Pump Front,190168,Drive Inverters Power And Comms,19.0,interactive.device.driveunitoilpumpfront,interactive.page.driveinverterspowerandcomms
Drive Inverter Front Logic,190169,Drive Inverters Power And Comms,19.0,interactive.device.driveinverterfrontlogic,interactive.page.driveinverterspowerandcomms
Drive Unit Oil Pump Rear,190170,Drive Inverters Power And Comms,19.0,interactive.device.driveunitoilpumprear,interactive.page.driveinverterspowerandcomms
Drive Inverter Rear Logic,190171,Drive Inverters Power And Comms,19.0,interactive.device.driveinverterrearlogic,interactive.page.driveinverterspowerandcomms
X010-4,190179,Drive Inverters Power And Comms,19.0,,interactive.page.driveinverterspowerandcomms
X010-79,190180,Drive Inverters Power And Comms,19.0,,interactive.page.driveinverterspowerandcomms
X057-24,190181,Drive Inverters Power And Comms,19.0,,interactive.page.driveinverterspowerandcomms
X057-25,190182,Drive Inverters Power And Comms,19.0,,interactive.page.driveinverterspowerandcomms
X051-3,190183,Drive Inverters Power And Comms,19.0,,interactive.page.driveinverterspowerandcomms
X050-57,190184,Drive Inverters Power And Comms,19.0,,interactive.page.driveinverterspowerandcomms
X050-58,190185,Drive Inverters Power And Comms,19.0,,interactive.page.driveinverterspowerandcomms
X030A-27,190186,Drive Inverters Power And Comms,19.0,,interactive.page.driveinverterspowerandcomms
X095-1,190187,Drive Inverters Power And Comms,19.0,,interactive.page.driveinverterspowerandcomms
X095-2,190188,Drive Inverters Power And Comms,19.0,,interactive.page.driveinverterspowerandcomms
X095-3,190189,Drive Inverters Power And Comms,19.0,,interactive.page.driveinverterspowerandcomms
X093-3,190190,Drive Inverters Power And Comms,19.0,,interactive.page.driveinverterspowerandcomms
X093-12,190191,Drive Inverters Power And Comms,19.0,,interactive.page.driveinverterspowerandcomms
X093-2,190192,Drive Inverters Power And Comms,19.0,,interactive.page.driveinverterspowerandcomms
X093-13,190193,Drive Inverters Power And Comms,19.0,,interactive.page.driveinverterspowerandcomms
X093-10,190194,Drive Inverters Power And Comms,19.0,,interactive.page.driveinverterspowerandcomms
X092-3,190195,Drive Inverters Power And Comms,19.0,,interactive.page.driveinverterspowerandcomms
X092-2,190196,Drive Inverters Power And Comms,19.0,,interactive.page.driveinverterspowerandcomms
X092-1,190197,Drive Inverters Power And Comms,19.0,,interactive.page.driveinverterspowerandcomms
X090-2,190198,Drive Inverters Power And Comms,19.0,,interactive.page.driveinverterspowerandcomms
X090-3,190199,Drive Inverters Power And Comms,19.0,,interactive.page.driveinverterspowerandcomms
X090-10,190200,Drive Inverters Power And Comms,19.0,,interactive.page.driveinverterspowerandcomms
X090-12,190201,Drive Inverters Power And Comms,19.0,,interactive.page.driveinverterspowerandcomms
X090-13,190202,Drive Inverters Power And Comms,19.0,,interactive.page.driveinverterspowerandcomms
G011-4,190255,Drive Inverters Power And Comms,19.0,,interactive.page.driveinverterspowerandcomms
G011-12,190256,Drive Inverters Power And Comms,19.0,,interactive.page.driveinverterspowerandcomms
G042-12,190264,Drive Inverters Power And Comms,19.0,,interactive.page.driveinverterspowerandcomms
G042-5,190266,Drive Inverters Power And Comms,19.0,,interactive.page.driveinverterspowerandcomms
X911F-2,190316,Drive Inverters Power And Comms,19.0,,interactive.page.driveinverterspowerandcomms
X911M-3,190317,Drive Inverters Power And Comms,19.0,,interactive.page.driveinverterspowerandcomms
X911M-9,190318,Drive Inverters Power And Comms,19.0,,interactive.page.driveinverterspowerandcomms
X911M-10,190319,Drive Inverters Power And Comms,19.0,,interactive.page.driveinverterspowerandcomms
X911F-3,190320,Drive Inverters Power And Comms,19.0,,interactive.page.driveinverterspowerandcomms
X911F-1,190321,Drive Inverters Power And Comms,19.0,,interactive.page.driveinverterspowerandcomms
X911M-2,190322,Drive Inverters Power And Comms,19.0,,interactive.page.driveinverterspowerandcomms
X911F-8,190323,Drive Inverters Power And Comms,19.0,,interactive.page.driveinverterspowerandcomms
X911M-8,190324,Drive Inverters Power And Comms,19.0,,interactive.page.driveinverterspowerandcomms
X911F-10,190325,Drive Inverters Power And Comms,19.0,,interactive.page.driveinverterspowerandcomms
X911F-9,190326,Drive Inverters Power And Comms,19.0,,interactive.page.driveinverterspowerandcomms
X911M-1,190327,Drive Inverters Power And Comms,19.0,,interactive.page.driveinverterspowerandcomms
X935M-13,190328,Drive Inverters Power And Comms,19.0,,interactive.page.driveinverterspowerandcomms
X935F-13,190329,Drive Inverters Power And Comms,19.0,,interactive.page.driveinverterspowerandcomms
X952F-8,190330,Drive Inverters Power And Comms,19.0,,interactive.page.driveinverterspowerandcomms
X952M-8,190331,Drive Inverters Power And Comms,19.0,,interactive.page.driveinverterspowerandcomms
X952M-14,190332,Drive Inverters Power And Comms,19.0,,interactive.page.driveinverterspowerandcomms
X952M-10,190333,Drive Inverters Power And Comms,19.0,,interactive.page.driveinverterspowerandcomms
X952M-6,190334,Drive Inverters Power And Comms,19.0,,interactive.page.driveinverterspowerandcomms
X952F-14,190335,Drive Inverters Power And Comms,19.0,,interactive.page.driveinverterspowerandcomms
X952M-15,190336,Drive Inverters Power And Comms,19.0,,interactive.page.driveinverterspowerandcomms
X952F-7,190337,Drive Inverters Power And Comms,19.0,,interactive.page.driveinverterspowerandcomms
X952F-15,190338,Drive Inverters Power And Comms,19.0,,interactive.page.driveinverterspowerandcomms
X952M-7,190339,Drive Inverters Power And Comms,19.0,,interactive.page.driveinverterspowerandcomms
X952F-10,190340,Drive Inverters Power And Comms,19.0,,interactive.page.driveinverterspowerandcomms
X952F-6,190341,Drive Inverters Power And Comms,19.0,,interactive.page.driveinverterspowerandcomms
Body Controller Right,200193,Drive Inverters Resolvers And Pedals,20.0,interactive.device.bodycontrollerright,interactive.page.driveinvertersresolversandpedals
Accel Pedal Sensor (LHD),200194,Drive Inverters Resolvers And Pedals,20.0,interactive.device.accelpedalsensorlhd,interactive.page.driveinvertersresolversandpedals
Accel Pedal Sensor (RHD),200195,Drive Inverters Resolvers And Pedals,20.0,interactive.device.accelpedalsensorrhd,interactive.page.driveinvertersresolversandpedals
Drive Inverter Front Logic,200196,Drive Inverters Resolvers And Pedals,20.0,interactive.device.driveinverterfrontlogic,interactive.page.driveinvertersresolversandpedals
Drive Inverter Front Resolver,200197,Drive Inverters Resolvers And Pedals,20.0,interactive.device.driveinverterfrontresolver,interactive.page.driveinvertersresolversandpedals
Drive Invverter Rear Resolver,200198,Drive Inverters Resolvers And Pedals,20.0,interactive.device.driveinvverterrearresolver,interactive.page.driveinvertersresolversandpedals
Drive Inverter Rear Logic,200199,Drive Inverters Resolvers And Pedals,20.0,interactive.device.driveinverterrearlogic,interactive.page.driveinvertersresolversandpedals
X050-49,200207,Drive Inverters Resolvers And Pedals,20.0,,interactive.page.driveinvertersresolversandpedals
X050-50,200208,Drive Inverters Resolvers And Pedals,20.0,,interactive.page.driveinvertersresolversandpedals
X050-51,200209,Drive Inverters Resolvers And Pedals,20.0,,interactive.page.driveinvertersresolversandpedals
X050-26,200210,Drive Inverters Resolvers And Pedals,20.0,,interactive.page.driveinvertersresolversandpedals
X050-27,200211,Drive Inverters Resolvers And Pedals,20.0,,interactive.page.driveinvertersresolversandpedals
X050-28,200212,Drive Inverters Resolvers And Pedals,20.0,,interactive.page.driveinvertersresolversandpedals
X167-6,200213,Drive Inverters Resolvers And Pedals,20.0,,interactive.page.driveinvertersresolversandpedals
X167-5,200214,Drive Inverters Resolvers And Pedals,20.0,,interactive.page.driveinvertersresolversandpedals
X167-4,200215,Drive Inverters Resolvers And Pedals,20.0,,interactive.page.driveinvertersresolversandpedals
X167-3,200216,Drive Inverters Resolvers And Pedals,20.0,,interactive.page.driveinvertersresolversandpedals
X167-2,200217,Drive Inverters Resolvers And Pedals,20.0,,interactive.page.driveinvertersresolversandpedals
X167-1,200218,Drive Inverters Resolvers And Pedals,20.0,,interactive.page.driveinvertersresolversandpedals
X167A-1,200219,Drive Inverters Resolvers And Pedals,20.0,,interactive.page.driveinvertersresolversandpedals
X167A-2,200220,Drive Inverters Resolvers And Pedals,20.0,,interactive.page.driveinvertersresolversandpedals
X167A-3,200221,Drive Inverters Resolvers And Pedals,20.0,,interactive.page.driveinvertersresolversandpedals
X167A-4,200222,Drive Inverters Resolvers And Pedals,20.0,,interactive.page.driveinvertersresolversandpedals
X167A-5,200223,Drive Inverters Resolvers And Pedals,20.0,,interactive.page.driveinvertersresolversandpedals
X167A-6,200224,Drive Inverters Resolvers And Pedals,20.0,,interactive.page.driveinvertersresolversandpedals
X093-26,200225,Drive Inverters Resolvers And Pedals,20.0,,interactive.page.driveinvertersresolversandpedals
X093-16,200226,Drive Inverters Resolvers And Pedals,20.0,,interactive.page.driveinvertersresolversandpedals
X093-17,200227,Drive Inverters Resolvers And Pedals,20.0,,interactive.page.driveinvertersresolversandpedals
X093-7,200228,Drive Inverters Resolvers And Pedals,20.0,,interactive.page.driveinvertersresolversandpedals
X093-8,200229,Drive Inverters Resolvers And Pedals,20.0,,interactive.page.driveinvertersresolversandpedals
X093-27,200230,Drive Inverters Resolvers And Pedals,20.0,,interactive.page.driveinvertersresolversandpedals
X094-3,200231,Drive Inverters Resolvers And Pedals,20.0,,interactive.page.driveinvertersresolversandpedals
X094-4,200232,Drive Inverters Resolvers And Pedals,20.0,,interactive.page.driveinvertersresolversandpedals
X094-5,200233,Drive Inverters Resolvers And Pedals,20.0,,interactive.page.driveinvertersresolversandpedals
X094-8,200234,Drive Inverters Resolvers And Pedals,20.0,,interactive.page.driveinvertersresolversandpedals
X094-9,200235,Drive Inverters Resolvers And Pedals,20.0,,interactive.page.driveinvertersresolversandpedals
X094-10,200236,Drive Inverters Resolvers And Pedals,20.0,,interactive.page.driveinvertersresolversandpedals
X091-3,200237,Drive Inverters Resolvers And Pedals,20.0,,interactive.page.driveinvertersresolversandpedals
X091-4,200238,Drive Inverters Resolvers And Pedals,20.0,,interactive.page.driveinvertersresolversandpedals
X091-5,200239,Drive Inverters Resolvers And Pedals,20.0,,interactive.page.driveinvertersresolversandpedals
X091-8,200240,Drive Inverters Resolvers And Pedals,20.0,,interactive.page.driveinvertersresolversandpedals
X091-9,200241,Drive Inverters Resolvers And Pedals,20.0,,interactive.page.driveinvertersresolversandpedals
X091-10,200242,Drive Inverters Resolvers And Pedals,20.0,,interactive.page.driveinvertersresolversandpedals
X090-26,200243,Drive Inverters Resolvers And Pedals,20.0,,interactive.page.driveinvertersresolversandpedals
X090-16,200244,Drive Inverters Resolvers And Pedals,20.0,,interactive.page.driveinvertersresolversandpedals
X090-17,200245,Drive Inverters Resolvers And Pedals,20.0,,interactive.page.driveinvertersresolversandpedals
X090-7,200246,Drive Inverters Resolvers And Pedals,20.0,,interactive.page.driveinvertersresolversandpedals
X090-8,200247,Drive Inverters Resolvers And Pedals,20.0,,interactive.page.driveinvertersresolversandpedals
X090-27,200248,Drive Inverters Resolvers And Pedals,20.0,,interactive.page.driveinvertersresolversandpedals
X936M-22,200340,Drive Inverters Resolvers And Pedals,20.0,,interactive.page.driveinvertersresolversandpedals
X936F-5,200341,Drive Inverters Resolvers And Pedals,20.0,,interactive.page.driveinvertersresolversandpedals
X936M-5,200342,Drive Inverters Resolvers And Pedals,20.0,,interactive.page.driveinvertersresolversandpedals
X936F-6,200343,Drive Inverters Resolvers And Pedals,20.0,,interactive.page.driveinvertersresolversandpedals
X936M-6,200344,Drive Inverters Resolvers And Pedals,20.0,,interactive.page.driveinvertersresolversandpedals
X936F-19,200345,Drive Inverters Resolvers And Pedals,20.0,,interactive.page.driveinvertersresolversandpedals
X936M-19,200346,Drive Inverters Resolvers And Pedals,20.0,,interactive.page.driveinvertersresolversandpedals
X936F-10,200347,Drive Inverters Resolvers And Pedals,20.0,,interactive.page.driveinvertersresolversandpedals
X936M-10,200348,Drive Inverters Resolvers And Pedals,20.0,,interactive.page.driveinvertersresolversandpedals
X936F-9,200349,Drive Inverters Resolvers And Pedals,20.0,,interactive.page.driveinvertersresolversandpedals
X936M-9,200350,Drive Inverters Resolvers And Pedals,20.0,,interactive.page.driveinvertersresolversandpedals
X936F-22,200351,Drive Inverters Resolvers And Pedals,20.0,,interactive.page.driveinvertersresolversandpedals
Z1-++CCH01,210080,Driver Assistance Lhd,21.0,,interactive.page.driverassistancelhd
Z1-++CCH02,210081,Driver Assistance Lhd,21.0,,interactive.page.driverassistancelhd
Speaker Emergency Audio (LHD),210119,Driver Assistance Lhd,21.0,interactive.device.speakeremergencyaudiolhd,interactive.page.driverassistancelhd
Body Controller Front,210120,Driver Assistance Lhd,21.0,interactive.device.bodycontrollerfront,interactive.page.driverassistancelhd
Radar Interior,210121,Driver Assistance Lhd,21.0,interactive.device.radarinterior,interactive.page.driverassistancelhd
MCU (LHD),210122,Driver Assistance Lhd,21.0,interactive.device.mculhd,interactive.page.driverassistancelhd
Autopilot ECU (LHD),210123,Driver Assistance Lhd,21.0,interactive.device.autopiloteculhd,interactive.page.driverassistancelhd
X603-2,210129,Driver Assistance Lhd,21.0,,interactive.page.driverassistancelhd
X603-1,210130,Driver Assistance Lhd,21.0,,interactive.page.driverassistancelhd
X012-2,210131,Driver Assistance Lhd,21.0,,interactive.page.driverassistancelhd
X011-6,210132,Driver Assistance Lhd,21.0,,interactive.page.driverassistancelhd
X486-5,210133,Driver Assistance Lhd,21.0,,interactive.page.driverassistancelhd
X486-6,210134,Driver Assistance Lhd,21.0,,interactive.page.driverassistancelhd
X850-H,210135,Driver Assistance Lhd,21.0,,interactive.page.driverassistancelhd
X849-H,210136,Driver Assistance Lhd,21.0,,interactive.page.driverassistancelhd
X120-1,210137,Driver Assistance Lhd,21.0,,interactive.page.driverassistancelhd
X121-1,210138,Driver Assistance Lhd,21.0,,interactive.page.driverassistancelhd
X121-15,210139,Driver Assistance Lhd,21.0,,interactive.page.driverassistancelhd
X121-16,210140,Driver Assistance Lhd,21.0,,interactive.page.driverassistancelhd
X120-12,210141,Driver Assistance Lhd,21.0,,interactive.page.driverassistancelhd
X120-13,210142,Driver Assistance Lhd,21.0,,interactive.page.driverassistancelhd
X120-3,210143,Driver Assistance Lhd,21.0,,interactive.page.driverassistancelhd
X120-4,210144,Driver Assistance Lhd,21.0,,interactive.page.driverassistancelhd
X121-17,210145,Driver Assistance Lhd,21.0,,interactive.page.driverassistancelhd
X121-18,210146,Driver Assistance Lhd,21.0,,interactive.page.driverassistancelhd
X851-H,210147,Driver Assistance Lhd,21.0,,interactive.page.driverassistancelhd
X854-H,210148,Driver Assistance Lhd,21.0,,interactive.page.driverassistancelhd
X120-20,210149,Driver Assistance Lhd,21.0,,interactive.page.driverassistancelhd
X120-11,210150,Driver Assistance Lhd,21.0,,interactive.page.driverassistancelhd
X909F-3,210209,Driver Assistance Lhd,21.0,,interactive.page.driverassistancelhd
X909M-2,210210,Driver Assistance Lhd,21.0,,interactive.page.driverassistancelhd
X909F-2,210211,Driver Assistance Lhd,21.0,,interactive.page.driverassistancelhd
X909M-3,210212,Driver Assistance Lhd,21.0,,interactive.page.driverassistancelhd
Z1-++CCH01,220080,Driver Assistance Rhd,22.0,,interactive.page.driverassistancerhd
Z1-++CCH02,220081,Driver Assistance Rhd,22.0,,interactive.page.driverassistancerhd
Speaker Emergency Audio (RHD),220120,Driver Assistance Rhd,22.0,interactive.device.speakeremergencyaudiorhd,interactive.page.driverassistancerhd
Radar Interior,220121,Driver Assistance Rhd,22.0,interactive.device.radarinterior,interactive.page.driverassistancerhd
Body Controller Front,220122,Driver Assistance Rhd,22.0,interactive.device.bodycontrollerfront,interactive.page.driverassistancerhd
MCU (RHD),220123,Driver Assistance Rhd,22.0,interactive.device.mcurhd,interactive.page.driverassistancerhd
Autopilot ECU (RHD),220124,Driver Assistance Rhd,22.0,interactive.device.autopilotecurhd,interactive.page.driverassistancerhd
X603A-1,220130,Driver Assistance Rhd,22.0,,interactive.page.driverassistancerhd
X603A-2,220131,Driver Assistance Rhd,22.0,,interactive.page.driverassistancerhd
X486-5,220132,Driver Assistance Rhd,22.0,,interactive.page.driverassistancerhd
X486-6,220133,Driver Assistance Rhd,22.0,,interactive.page.driverassistancerhd
X012-2,220134,Driver Assistance Rhd,22.0,,interactive.page.driverassistancerhd
X011-6,220135,Driver Assistance Rhd,22.0,,interactive.page.driverassistancerhd
X850A-H,220136,Driver Assistance Rhd,22.0,,interactive.page.driverassistancerhd
X849A-H,220137,Driver Assistance Rhd,22.0,,interactive.page.driverassistancerhd
X120A-1,220138,Driver Assistance Rhd,22.0,,interactive.page.driverassistancerhd
X121A-1,220139,Driver Assistance Rhd,22.0,,interactive.page.driverassistancerhd
X121A-17,220140,Driver Assistance Rhd,22.0,,interactive.page.driverassistancerhd
X121A-18,220141,Driver Assistance Rhd,22.0,,interactive.page.driverassistancerhd
X851A-H,220142,Driver Assistance Rhd,22.0,,interactive.page.driverassistancerhd
X854A-H,220143,Driver Assistance Rhd,22.0,,interactive.page.driverassistancerhd
X120A-20,220144,Driver Assistance Rhd,22.0,,interactive.page.driverassistancerhd
X120A-11,220145,Driver Assistance Rhd,22.0,,interactive.page.driverassistancerhd
X120A-3,220146,Driver Assistance Rhd,22.0,,interactive.page.driverassistancerhd
X120A-4,220147,Driver Assistance Rhd,22.0,,interactive.page.driverassistancerhd
X120A-12,220148,Driver Assistance Rhd,22.0,,interactive.page.driverassistancerhd
X120A-13,220149,Driver Assistance Rhd,22.0,,interactive.page.driverassistancerhd
X121A-16,220150,Driver Assistance Rhd,22.0,,interactive.page.driverassistancerhd
X121A-15,220151,Driver Assistance Rhd,22.0,,interactive.page.driverassistancerhd
X909F-3,220210,Driver Assistance Rhd,22.0,,interactive.page.driverassistancerhd
X909M-3,220211,Driver Assistance Rhd,22.0,,interactive.page.driverassistancerhd
X909F-2,220212,Driver Assistance Rhd,22.0,,interactive.page.driverassistancerhd
X909M-2,220213,Driver Assistance Rhd,22.0,,interactive.page.driverassistancerhd
Frunk Latch,230247,Frunk Actuators Sensors,23.0,interactive.device.frunklatch,interactive.page.frunkactuatorssensors
Homelink ECU,230248,Frunk Actuators Sensors,23.0,interactive.device.homelinkecu,interactive.page.frunkactuatorssensors
Frunk Access Post,230249,Frunk Actuators Sensors,23.0,interactive.device.frunkaccesspost,interactive.page.frunkactuatorssensors
Emergency Frunk Release Switch,230250,Frunk Actuators Sensors,23.0,interactive.device.emergencyfrunkreleaseswitch,interactive.page.frunkactuatorssensors
Washer Pump & Level Sensor,230251,Frunk Actuators Sensors,23.0,interactive.device.washerpumplevelsensor,interactive.page.frunkactuatorssensors
Wiper Motor (LHD),230252,Frunk Actuators Sensors,23.0,interactive.device.wipermotorlhd,interactive.page.frunkactuatorssensors
Wiper Motor (RHD),230253,Frunk Actuators Sensors,23.0,interactive.device.wipermotorrhd,interactive.page.frunkactuatorssensors
Glass Heater - Windshield (RHD),230254,Frunk Actuators Sensors,23.0,interactive.device.glassheaterwindshieldrhd,interactive.page.frunkactuatorssensors
Body Controller Front,230255,Frunk Actuators Sensors,23.0,interactive.device.bodycontrollerfront,interactive.page.frunkactuatorssensors
Glass Heater - Windshield (LHD),230256,Frunk Actuators Sensors,23.0,interactive.device.glassheaterwindshieldlhd,interactive.page.frunkactuatorssensors
X330-1,230267,Frunk Actuators Sensors,23.0,,interactive.page.frunkactuatorssensors
X330-2,230268,Frunk Actuators Sensors,23.0,,interactive.page.frunkactuatorssensors
X332-1,230269,Frunk Actuators Sensors,23.0,,interactive.page.frunkactuatorssensors
X332-2,230270,Frunk Actuators Sensors,23.0,,interactive.page.frunkactuatorssensors
X332-3,230271,Frunk Actuators Sensors,23.0,,interactive.page.frunkactuatorssensors
X485-1,230272,Frunk Actuators Sensors,23.0,,interactive.page.frunkactuatorssensors
X485-2,230273,Frunk Actuators Sensors,23.0,,interactive.page.frunkactuatorssensors
X485-3,230274,Frunk Actuators Sensors,23.0,,interactive.page.frunkactuatorssensors
X355-1,230275,Frunk Actuators Sensors,23.0,,interactive.page.frunkactuatorssensors
X356-1,230276,Frunk Actuators Sensors,23.0,,interactive.page.frunkactuatorssensors
X333-1,230277,Frunk Actuators Sensors,23.0,,interactive.page.frunkactuatorssensors
X333-2,230278,Frunk Actuators Sensors,23.0,,interactive.page.frunkactuatorssensors
X333-3,230279,Frunk Actuators Sensors,23.0,,interactive.page.frunkactuatorssensors
X301-1,230280,Frunk Actuators Sensors,23.0,,interactive.page.frunkactuatorssensors
X301-2,230281,Frunk Actuators Sensors,23.0,,interactive.page.frunkactuatorssensors
X302-A,230282,Frunk Actuators Sensors,23.0,,interactive.page.frunkactuatorssensors
X302-B,230283,Frunk Actuators Sensors,23.0,,interactive.page.frunkactuatorssensors
X300-1,230284,Frunk Actuators Sensors,23.0,,interactive.page.frunkactuatorssensors
X300-3,230285,Frunk Actuators Sensors,23.0,,interactive.page.frunkactuatorssensors
X300-4,230286,Frunk Actuators Sensors,23.0,,interactive.page.frunkactuatorssensors
X300A-4,230287,Frunk Actuators Sensors,23.0,,interactive.page.frunkactuatorssensors
X300A-1,230288,Frunk Actuators Sensors,23.0,,interactive.page.frunkactuatorssensors
X300A-3,230289,Frunk Actuators Sensors,23.0,,interactive.page.frunkactuatorssensors
X304A-1,230290,Frunk Actuators Sensors,23.0,,interactive.page.frunkactuatorssensors
X304A-2,230291,Frunk Actuators Sensors,23.0,,interactive.page.frunkactuatorssensors
X304A-3,230292,Frunk Actuators Sensors,23.0,,interactive.page.frunkactuatorssensors
X010-48,230293,Frunk Actuators Sensors,23.0,,interactive.page.frunkactuatorssensors
X010-1,230294,Frunk Actuators Sensors,23.0,,interactive.page.frunkactuatorssensors
X010-84,230295,Frunk Actuators Sensors,23.0,,interactive.page.frunkactuatorssensors
X010-2,230296,Frunk Actuators Sensors,23.0,,interactive.page.frunkactuatorssensors
X010-58,230297,Frunk Actuators Sensors,23.0,,interactive.page.frunkactuatorssensors
X010-83,230298,Frunk Actuators Sensors,23.0,,interactive.page.frunkactuatorssensors
X010-82,230299,Frunk Actuators Sensors,23.0,,interactive.page.frunkactuatorssensors
X010-56,230300,Frunk Actuators Sensors,23.0,,interactive.page.frunkactuatorssensors
X010-38,230301,Frunk Actuators Sensors,23.0,,interactive.page.frunkactuatorssensors
X010-59,230302,Frunk Actuators Sensors,23.0,,interactive.page.frunkactuatorssensors
X010-89,230303,Frunk Actuators Sensors,23.0,,interactive.page.frunkactuatorssensors
X010-90,230304,Frunk Actuators Sensors,23.0,,interactive.page.frunkactuatorssensors
X010-53,230305,Frunk Actuators Sensors,23.0,,interactive.page.frunkactuatorssensors
X010-80,230306,Frunk Actuators Sensors,23.0,,interactive.page.frunkactuatorssensors
X010-45,230307,Frunk Actuators Sensors,23.0,,interactive.page.frunkactuatorssensors
X012-3,230308,Frunk Actuators Sensors,23.0,,interactive.page.frunkactuatorssensors
X010-64,230309,Frunk Actuators Sensors,23.0,,interactive.page.frunkactuatorssensors
X010-81,230310,Frunk Actuators Sensors,23.0,,interactive.page.frunkactuatorssensors
X304-3,230311,Frunk Actuators Sensors,23.0,,interactive.page.frunkactuatorssensors
X304-2,230312,Frunk Actuators Sensors,23.0,,interactive.page.frunkactuatorssensors
X304-1,230313,Frunk Actuators Sensors,23.0,,interactive.page.frunkactuatorssensors
G011-14,230409,Frunk Actuators Sensors,23.0,,interactive.page.frunkactuatorssensors
G011-10,230412,Frunk Actuators Sensors,23.0,,interactive.page.frunkactuatorssensors
G011-9,230413,Frunk Actuators Sensors,23.0,,interactive.page.frunkactuatorssensors
G012-9,230414,Frunk Actuators Sensors,23.0,,interactive.page.frunkactuatorssensors
G012-8,230415,Frunk Actuators Sensors,23.0,,interactive.page.frunkactuatorssensors
G012-7,230416,Frunk Actuators Sensors,23.0,,interactive.page.frunkactuatorssensors
X906F-7,230464,Frunk Actuators Sensors,23.0,,interactive.page.frunkactuatorssensors
X906M-7,230465,Frunk Actuators Sensors,23.0,,interactive.page.frunkactuatorssensors
X906F-8,230466,Frunk Actuators Sensors,23.0,,interactive.page.frunkactuatorssensors
X906M-8,230467,Frunk Actuators Sensors,23.0,,interactive.page.frunkactuatorssensors
X906F-13,230468,Frunk Actuators Sensors,23.0,,interactive.page.frunkactuatorssensors
X906M-13,230469,Frunk Actuators Sensors,23.0,,interactive.page.frunkactuatorssensors
X906F-14,230470,Frunk Actuators Sensors,23.0,,interactive.page.frunkactuatorssensors
X906M-14,230471,Frunk Actuators Sensors,23.0,,interactive.page.frunkactuatorssensors
X906F-12,230472,Frunk Actuators Sensors,23.0,,interactive.page.frunkactuatorssensors
X906M-12,230473,Frunk Actuators Sensors,23.0,,interactive.page.frunkactuatorssensors
X906F-9,230474,Frunk Actuators Sensors,23.0,,interactive.page.frunkactuatorssensors
X906M-9,230475,Frunk Actuators Sensors,23.0,,interactive.page.frunkactuatorssensors
X906F-11,230476,Frunk Actuators Sensors,23.0,,interactive.page.frunkactuatorssensors
X906M-11,230477,Frunk Actuators Sensors,23.0,,interactive.page.frunkactuatorssensors
X906F-10,230478,Frunk Actuators Sensors,23.0,,interactive.page.frunkactuatorssensors
X906M-10,230479,Frunk Actuators Sensors,23.0,,interactive.page.frunkactuatorssensors
X901F-5,230480,Frunk Actuators Sensors,23.0,,interactive.page.frunkactuatorssensors
X901M-5,230481,Frunk Actuators Sensors,23.0,,interactive.page.frunkactuatorssensors
X905M-8,230482,Frunk Actuators Sensors,23.0,,interactive.page.frunkactuatorssensors
X905F-8,230483,Frunk Actuators Sensors,23.0,,interactive.page.frunkactuatorssensors
X905M-7,230484,Frunk Actuators Sensors,23.0,,interactive.page.frunkactuatorssensors
X905F-7,230485,Frunk Actuators Sensors,23.0,,interactive.page.frunkactuatorssensors
X905F-1,230486,Frunk Actuators Sensors,23.0,,interactive.page.frunkactuatorssensors
X905M-1,230487,Frunk Actuators Sensors,23.0,,interactive.page.frunkactuatorssensors
X901F-1,230488,Frunk Actuators Sensors,23.0,,interactive.page.frunkactuatorssensors
X901M-1,230489,Frunk Actuators Sensors,23.0,,interactive.page.frunkactuatorssensors
Trailer Light Controller,240220,Grounding Cabin,24.0,interactive.device.trailerlightcontroller,interactive.page.groundingcabin
Charge Port ECU,240221,Grounding Cabin,24.0,interactive.device.chargeportecu,interactive.page.groundingcabin
Trunk Internal Illumination Left,240222,Grounding Cabin,24.0,interactive.device.trunkinternalilluminationleft,interactive.page.groundingcabin
Authentication Endpoint Rear Center,240223,Grounding Cabin,24.0,interactive.device.authenticationendpointrearcenter,interactive.page.groundingcabin
Inductive Charger,240224,Grounding Cabin,24.0,interactive.device.inductivecharger,interactive.page.groundingcabin
Radar Interior,240225,Grounding Cabin,24.0,interactive.device.radarinterior,interactive.page.groundingcabin
Rear Display,240226,Grounding Cabin,24.0,interactive.device.reardisplay,interactive.page.groundingcabin
2R Heat Pad Cushion,240227,Grounding Cabin,24.0,interactive.device.2rheatpadcushion,interactive.page.groundingcabin
2R Heat Pad Backrest Left,240228,Grounding Cabin,24.0,interactive.device.2rheatpadbackrestleft,interactive.page.groundingcabin
Restraints Controller,240229,Grounding Cabin,24.0,interactive.device.restraintscontroller,interactive.page.groundingcabin
Authentication and Heater Left B-Pillar,240230,Grounding Cabin,24.0,interactive.device.authenticationandheaterleftbpillar,interactive.page.groundingcabin
Center Console Controller,240231,Grounding Cabin,24.0,interactive.device.centerconsolecontroller,interactive.page.groundingcabin
Authentication Endpoint Interior,240232,Grounding Cabin,24.0,interactive.device.authenticationendpointinterior,interactive.page.groundingcabin
CHMSL,240233,Grounding Cabin,24.0,,interactive.page.groundingcabin
Rear Fascia Lamp LH,240234,Grounding Cabin,24.0,interactive.device.rearfascialamplh,interactive.page.groundingcabin
Rear Fascia Lamp RH,240235,Grounding Cabin,24.0,interactive.device.rearfascialamprh,interactive.page.groundingcabin
2R Heat Pad Backrest Right,240236,Grounding Cabin,24.0,interactive.device.2rheatpadbackrestright,interactive.page.groundingcabin
Premium Amp Audio,240237,Grounding Cabin,24.0,interactive.device.premiumampaudio,interactive.page.groundingcabin
CAN Port,240238,Grounding Cabin,24.0,interactive.device.canport,interactive.page.groundingcabin
HV Battery,240239,Grounding Cabin,24.0,interactive.device.hvbattery,interactive.page.groundingcabin
Authentication and Heater Right B-Pillar,240240,Grounding Cabin,24.0,interactive.device.authenticationandheaterrightbpillar,interactive.page.groundingcabin
Trunk Internal Illumination Right,240241,Grounding Cabin,24.0,interactive.device.trunkinternalilluminationright,interactive.page.groundingcabin
Radio Tuner,240242,Grounding Cabin,24.0,interactive.device.radiotuner,interactive.page.groundingcabin
Drive Unit Oil Pump Rear,240243,Grounding Cabin,24.0,interactive.device.driveunitoilpumprear,interactive.page.groundingcabin
Drive Inverter Rear Logic,240244,Grounding Cabin,24.0,interactive.device.driveinverterrearlogic,interactive.page.groundingcabin
Camera - Interior,240245,Grounding Cabin,24.0,interactive.device.camerainterior,interactive.page.groundingcabin
X041-1,240272,Grounding Cabin,24.0,,interactive.page.groundingcabin
X096-9,240273,Grounding Cabin,24.0,,interactive.page.groundingcabin
X296-2,240274,Grounding Cabin,24.0,,interactive.page.groundingcabin
X497-3,240275,Grounding Cabin,24.0,,interactive.page.groundingcabin
X694-5,240276,Grounding Cabin,24.0,,interactive.page.groundingcabin
X486-4,240277,Grounding Cabin,24.0,,interactive.page.groundingcabin
G006-1,240278,Grounding Cabin,24.0,,interactive.page.groundingcabin
X686-12,240279,Grounding Cabin,24.0,,interactive.page.groundingcabin
X676-1,240280,Grounding Cabin,24.0,,interactive.page.groundingcabin
X201-62,240281,Grounding Cabin,24.0,,interactive.page.groundingcabin
X201-55,240282,Grounding Cabin,24.0,,interactive.page.groundingcabin
X493-5,240283,Grounding Cabin,24.0,,interactive.page.groundingcabin
X196-12,240284,Grounding Cabin,24.0,,interactive.page.groundingcabin
X196-1,240285,Grounding Cabin,24.0,,interactive.page.groundingcabin
X490-4,240286,Grounding Cabin,24.0,,interactive.page.groundingcabin
X274-1,240287,Grounding Cabin,24.0,,interactive.page.groundingcabin
X264-8,240288,Grounding Cabin,24.0,,interactive.page.groundingcabin
X265-8,240289,Grounding Cabin,24.0,,interactive.page.groundingcabin
X677-1,240290,Grounding Cabin,24.0,,interactive.page.groundingcabin
X561-5,240291,Grounding Cabin,24.0,,interactive.page.groundingcabin
X179-20,240292,Grounding Cabin,24.0,,interactive.page.groundingcabin
X098-9,240293,Grounding Cabin,24.0,,interactive.page.groundingcabin
X494-5,240294,Grounding Cabin,24.0,,interactive.page.groundingcabin
X297-2,240295,Grounding Cabin,24.0,,interactive.page.groundingcabin
X562-4,240296,Grounding Cabin,24.0,,interactive.page.groundingcabin
X092-3,240297,Grounding Cabin,24.0,,interactive.page.groundingcabin
X090-13,240298,Grounding Cabin,24.0,,interactive.page.groundingcabin
X127-2,240299,Grounding Cabin,24.0,,interactive.page.groundingcabin
G041-9,240352,Grounding Cabin,24.0,,interactive.page.groundingcabin
G031-13,240354,Grounding Cabin,24.0,,interactive.page.groundingcabin
G031-5,240355,Grounding Cabin,24.0,,interactive.page.groundingcabin
G041-4,240358,Grounding Cabin,24.0,,interactive.page.groundingcabin
G041-1,240359,Grounding Cabin,24.0,,interactive.page.groundingcabin
G031-1,240361,Grounding Cabin,24.0,,interactive.page.groundingcabin
G031-6,240362,Grounding Cabin,24.0,,interactive.page.groundingcabin
G031-9,240363,Grounding Cabin,24.0,,interactive.page.groundingcabin
G031-8,240364,Grounding Cabin,24.0,,interactive.page.groundingcabin
G031-14,240365,Grounding Cabin,24.0,,interactive.page.groundingcabin
G041-8,240370,Grounding Cabin,24.0,,interactive.page.groundingcabin
G031-12,240371,Grounding Cabin,24.0,,interactive.page.groundingcabin
G041-2,240375,Grounding Cabin,24.0,,interactive.page.groundingcabin
G031-7,240376,Grounding Cabin,24.0,,interactive.page.groundingcabin
G031-11,240378,Grounding Cabin,24.0,,interactive.page.groundingcabin
G042-7,240381,Grounding Cabin,24.0,,interactive.page.groundingcabin
G042-10,240383,Grounding Cabin,24.0,,interactive.page.groundingcabin
G032-1,240385,Grounding Cabin,24.0,,interactive.page.groundingcabin
G042-12,240386,Grounding Cabin,24.0,,interactive.page.groundingcabin
G042-15,240389,Grounding Cabin,24.0,,interactive.page.groundingcabin
G042-11,240392,Grounding Cabin,24.0,,interactive.page.groundingcabin
G032-13,240394,Grounding Cabin,24.0,,interactive.page.groundingcabin
G042-3,240395,Grounding Cabin,24.0,,interactive.page.groundingcabin
G042-5,240396,Grounding Cabin,24.0,,interactive.page.groundingcabin
G032-14,240400,Grounding Cabin,24.0,,interactive.page.groundingcabin
G042-1,240401,Grounding Cabin,24.0,,interactive.page.groundingcabin
G042-9,240402,Grounding Cabin,24.0,,interactive.page.groundingcabin
G032-8,240404,Grounding Cabin,24.0,,interactive.page.groundingcabin
G032-15,240405,Grounding Cabin,24.0,,interactive.page.groundingcabin
G032-4,240406,Grounding Cabin,24.0,,interactive.page.groundingcabin
X930F-18,240476,Grounding Cabin,24.0,,interactive.page.groundingcabin
X930F-2,240477,Grounding Cabin,24.0,,interactive.page.groundingcabin
X930M-18,240478,Grounding Cabin,24.0,,interactive.page.groundingcabin
X930M-2,240479,Grounding Cabin,24.0,,interactive.page.groundingcabin
X949M-7,240480,Grounding Cabin,24.0,,interactive.page.groundingcabin
X952M-8,240481,Grounding Cabin,24.0,,interactive.page.groundingcabin
X952M-14,240482,Grounding Cabin,24.0,,interactive.page.groundingcabin
X949F-7,240483,Grounding Cabin,24.0,,interactive.page.groundingcabin
X962M-4,240484,Grounding Cabin,24.0,,interactive.page.groundingcabin
X952F-14,240485,Grounding Cabin,24.0,,interactive.page.groundingcabin
X952F-8,240486,Grounding Cabin,24.0,,interactive.page.groundingcabin
X970M-7,240487,Grounding Cabin,24.0,,interactive.page.groundingcabin
X949M-11,240488,Grounding Cabin,24.0,,interactive.page.groundingcabin
X970F-7,240489,Grounding Cabin,24.0,,interactive.page.groundingcabin
X949F-11,240490,Grounding Cabin,24.0,,interactive.page.groundingcabin
X962F-4,240491,Grounding Cabin,24.0,,interactive.page.groundingcabin
Headlight Right,250197,Grounding Frunk,25.0,interactive.device.headlightright,interactive.page.groundingfrunk
Washer Pump & Level Sensor,250198,Grounding Frunk,25.0,interactive.device.washerpumplevelsensor,interactive.page.groundingfrunk
"HV Compressor, Heat Pump",250199,Grounding Frunk,25.0,interactive.device.hvcompressorheatpump,interactive.page.groundingfrunk
Glass Heater - Windshield (LHD),250200,Grounding Frunk,25.0,interactive.device.glassheaterwindshieldlhd,interactive.page.groundingfrunk
Frunk Access Post,250201,Grounding Frunk,25.0,interactive.device.frunkaccesspost,interactive.page.groundingfrunk
Side Repeater Right,250202,Grounding Frunk,25.0,interactive.device.siderepeaterright,interactive.page.groundingfrunk
HCU/ESP,250203,Grounding Frunk,25.0,,interactive.page.groundingfrunk
iBooster & DTS (LHD),250204,Grounding Frunk,25.0,interactive.device.iboosterdtslhd,interactive.page.groundingfrunk
Wiper Motor (RHD),250205,Grounding Frunk,25.0,interactive.device.wipermotorrhd,interactive.page.groundingfrunk
Homelink ECU,250206,Grounding Frunk,25.0,interactive.device.homelinkecu,interactive.page.groundingfrunk
Wiper Motor (LHD),250207,Grounding Frunk,25.0,interactive.device.wipermotorlhd,interactive.page.groundingfrunk
Glass Heater - Windshield (RHD),250208,Grounding Frunk,25.0,interactive.device.glassheaterwindshieldrhd,interactive.page.groundingfrunk
Side Repeater Left,250209,Grounding Frunk,25.0,interactive.device.siderepeaterleft,interactive.page.groundingfrunk
iBooster & DTS (LHD),250210,Grounding Frunk,25.0,interactive.device.iboosterdtslhd,interactive.page.groundingfrunk
iBooster & DTS (RHD),250211,Grounding Frunk,25.0,interactive.device.iboosterdtsrhd,interactive.page.groundingfrunk
Headlight Left,250212,Grounding Frunk,25.0,interactive.device.headlightleft,interactive.page.groundingfrunk
Drive Inverter Front Logic,250213,Grounding Frunk,25.0,interactive.device.driveinverterfrontlogic,interactive.page.groundingfrunk
Drive Unit Oil Pump Front,250214,Grounding Frunk,25.0,interactive.device.driveunitoilpumpfront,interactive.page.groundingfrunk
EPAS (RHD),250215,Grounding Frunk,25.0,interactive.device.epasrhd,interactive.page.groundingfrunk
EPAS (LHD),250216,Grounding Frunk,25.0,interactive.device.epaslhd,interactive.page.groundingfrunk
Body Controller Right,250217,Grounding Frunk,25.0,interactive.device.bodycontrollerright,interactive.page.groundingfrunk
Body Controller Left,250218,Grounding Frunk,25.0,interactive.device.bodycontrollerleft,interactive.page.groundingfrunk
X261-3,250241,Grounding Frunk,25.0,,interactive.page.groundingfrunk
X302-A,250242,Grounding Frunk,25.0,,interactive.page.groundingfrunk
X532-1,250243,Grounding Frunk,25.0,,interactive.page.groundingfrunk
X304-2,250244,Grounding Frunk,25.0,,interactive.page.groundingfrunk
X356-1,250245,Grounding Frunk,25.0,,interactive.page.groundingfrunk
X269-2,250246,Grounding Frunk,25.0,,interactive.page.groundingfrunk
X151-14,250247,Grounding Frunk,25.0,,interactive.page.groundingfrunk
X151-46,250248,Grounding Frunk,25.0,,interactive.page.groundingfrunk
X159-1,250249,Grounding Frunk,25.0,,interactive.page.groundingfrunk
X300A-3,250250,Grounding Frunk,25.0,,interactive.page.groundingfrunk
X485-2,250251,Grounding Frunk,25.0,,interactive.page.groundingfrunk
X300-3,250252,Grounding Frunk,25.0,,interactive.page.groundingfrunk
X304A-2,250253,Grounding Frunk,25.0,,interactive.page.groundingfrunk
X268-2,250254,Grounding Frunk,25.0,,interactive.page.groundingfrunk
X150-9,250255,Grounding Frunk,25.0,,interactive.page.groundingfrunk
X159A-1,250256,Grounding Frunk,25.0,,interactive.page.groundingfrunk
X150A-9,250257,Grounding Frunk,25.0,,interactive.page.groundingfrunk
X260-3,250258,Grounding Frunk,25.0,,interactive.page.groundingfrunk
X093-13,250259,Grounding Frunk,25.0,,interactive.page.groundingfrunk
X095-3,250260,Grounding Frunk,25.0,,interactive.page.groundingfrunk
X190A-2,250261,Grounding Frunk,25.0,,interactive.page.groundingfrunk
X191A-2,250262,Grounding Frunk,25.0,,interactive.page.groundingfrunk
X191-2,250263,Grounding Frunk,25.0,,interactive.page.groundingfrunk
X190-2,250264,Grounding Frunk,25.0,,interactive.page.groundingfrunk
X056-2,250265,Grounding Frunk,25.0,,interactive.page.groundingfrunk
X036-2,250266,Grounding Frunk,25.0,,interactive.page.groundingfrunk
G098,250313,Grounding Frunk,25.0,,interactive.page.groundingfrunk
G099,250314,Grounding Frunk,25.0,,interactive.page.groundingfrunk
G011-15,250315,Grounding Frunk,25.0,,interactive.page.groundingfrunk
G011-1,250316,Grounding Frunk,25.0,,interactive.page.groundingfrunk
G011-13,250317,Grounding Frunk,25.0,,interactive.page.groundingfrunk
G011-9,250318,Grounding Frunk,25.0,,interactive.page.groundingfrunk
G011-10,250319,Grounding Frunk,25.0,,interactive.page.groundingfrunk
G011-2,250320,Grounding Frunk,25.0,,interactive.page.groundingfrunk
G011-4,250321,Grounding Frunk,25.0,,interactive.page.groundingfrunk
G011-12,250322,Grounding Frunk,25.0,,interactive.page.groundingfrunk
G011-6,250323,Grounding Frunk,25.0,,interactive.page.groundingfrunk
G011-3,250324,Grounding Frunk,25.0,,interactive.page.groundingfrunk
G011-14,250325,Grounding Frunk,25.0,,interactive.page.groundingfrunk
G012-8,250341,Grounding Frunk,25.0,,interactive.page.groundingfrunk
G012-3,250342,Grounding Frunk,25.0,,interactive.page.groundingfrunk
G012-6,250343,Grounding Frunk,25.0,,interactive.page.groundingfrunk
G012-1,250344,Grounding Frunk,25.0,,interactive.page.groundingfrunk
G012-7,250345,Grounding Frunk,25.0,,interactive.page.groundingfrunk
G012-2,250346,Grounding Frunk,25.0,,interactive.page.groundingfrunk
G012-9,250347,Grounding Frunk,25.0,,interactive.page.groundingfrunk
G024,250353,Grounding Frunk,25.0,,interactive.page.groundingfrunk
G023,250358,Grounding Frunk,25.0,,interactive.page.groundingfrunk
X911F-9,250412,Grounding Frunk,25.0,,interactive.page.groundingfrunk
X911M-9,250413,Grounding Frunk,25.0,,interactive.page.groundingfrunk
X911F-8,250414,Grounding Frunk,25.0,,interactive.page.groundingfrunk
X911M-8,250415,Grounding Frunk,25.0,,interactive.page.groundingfrunk
X905M-1,250416,Grounding Frunk,25.0,,interactive.page.groundingfrunk
X901F-1,250417,Grounding Frunk,25.0,,interactive.page.groundingfrunk
X901M-1,250418,Grounding Frunk,25.0,,interactive.page.groundingfrunk
X905F-1,250419,Grounding Frunk,25.0,,interactive.page.groundingfrunk
Liftgate External Switch & BUC,260047,Grounding Trunk,26.0,interactive.device.liftgateexternalswitchbuc,interactive.page.groundingtrunk
Liftgate Lamp RH,260048,Grounding Trunk,26.0,interactive.device.liftgatelamprh,interactive.page.groundingtrunk
Liftgate Lamp LH,260049,Grounding Trunk,26.0,interactive.device.liftgatelamplh,interactive.page.groundingtrunk
Liftgate Internal Close Switch,260050,Grounding Trunk,26.0,interactive.device.liftgateinternalcloseswitch,interactive.page.groundingtrunk
License Plate Light Left,260051,Grounding Trunk,26.0,interactive.device.licenseplatelightleft,interactive.page.groundingtrunk
License Plate Light Right,260052,Grounding Trunk,26.0,interactive.device.licenseplatelightright,interactive.page.groundingtrunk
Liftgate Cinching Latch,260053,Grounding Trunk,26.0,interactive.device.liftgatecinchinglatch,interactive.page.groundingtrunk
X347-2,260061,Grounding Trunk,26.0,,interactive.page.groundingtrunk
X273-1,260062,Grounding Trunk,26.0,,interactive.page.groundingtrunk
X271-1,260063,Grounding Trunk,26.0,,interactive.page.groundingtrunk
X348-2,260064,Grounding Trunk,26.0,,interactive.page.groundingtrunk
X279-2,260065,Grounding Trunk,26.0,,interactive.page.groundingtrunk
X278-2,260066,Grounding Trunk,26.0,,interactive.page.groundingtrunk
X340-3,260067,Grounding Trunk,26.0,,interactive.page.groundingtrunk
G045,260075,Grounding Trunk,26.0,,interactive.page.groundingtrunk
G046,260076,Grounding Trunk,26.0,,interactive.page.groundingtrunk
Mirror - Rear View - Electrochromatic,270243,Headliner,27.0,interactive.device.mirrorrearviewelectrochromatic,interactive.page.headliner
Rear Maplight Left,270244,Headliner,27.0,interactive.device.rearmaplightleft,interactive.page.headliner
Rear Maplight Right,270245,Headliner,27.0,interactive.device.rearmaplightright,interactive.page.headliner
Humidity and Glass Temp,270246,Headliner,27.0,interactive.device.humidityandglasstemp,interactive.page.headliner
Vanity LED Left,270247,Headliner,27.0,interactive.device.vanityledleft,interactive.page.headliner
Vanity LED Right,270248,Headliner,27.0,interactive.device.vanityledright,interactive.page.headliner
Microphone - Overhead Left,270249,Headliner,27.0,interactive.device.microphoneoverheadleft,interactive.page.headliner
Microphone - Overhead Right,270250,Headliner,27.0,interactive.device.microphoneoverheadright,interactive.page.headliner
Interior Camera Fan,270251,Headliner,27.0,interactive.device.interiorcamerafan,interactive.page.headliner
Body Controller Right,270252,Headliner,27.0,interactive.device.bodycontrollerright,interactive.page.headliner
Body Controller Left,270253,Headliner,27.0,interactive.device.bodycontrollerleft,interactive.page.headliner
Camera - Interior,270254,Headliner,27.0,interactive.device.camerainterior,interactive.page.headliner
Front Overhead Module,270255,Headliner,27.0,interactive.device.frontoverheadmodule,interactive.page.headliner
X129-1,270269,Headliner,27.0,,interactive.page.headliner
X129-2,270270,Headliner,27.0,,interactive.page.headliner
X286-2,270271,Headliner,27.0,,interactive.page.headliner
X286-3,270272,Headliner,27.0,,interactive.page.headliner
X286-1,270273,Headliner,27.0,,interactive.page.headliner
X287-2,270274,Headliner,27.0,,interactive.page.headliner
X287-3,270275,Headliner,27.0,,interactive.page.headliner
X287-1,270276,Headliner,27.0,,interactive.page.headliner
X303-1,270277,Headliner,27.0,,interactive.page.headliner
X303-2,270278,Headliner,27.0,,interactive.page.headliner
X303-3,270279,Headliner,27.0,,interactive.page.headliner
X289-1,270280,Headliner,27.0,,interactive.page.headliner
X289-2,270281,Headliner,27.0,,interactive.page.headliner
X290-1,270282,Headliner,27.0,,interactive.page.headliner
X290-2,270283,Headliner,27.0,,interactive.page.headliner
X608-1,270284,Headliner,27.0,,interactive.page.headliner
X608-2,270285,Headliner,27.0,,interactive.page.headliner
X608-3,270286,Headliner,27.0,,interactive.page.headliner
X608-4,270287,Headliner,27.0,,interactive.page.headliner
X608-5,270288,Headliner,27.0,,interactive.page.headliner
X609-1,270289,Headliner,27.0,,interactive.page.headliner
X609-2,270290,Headliner,27.0,,interactive.page.headliner
X609-3,270291,Headliner,27.0,,interactive.page.headliner
X609-4,270292,Headliner,27.0,,interactive.page.headliner
X609-5,270293,Headliner,27.0,,interactive.page.headliner
X128F-1,270294,Headliner,27.0,,interactive.page.headliner
X128F-2,270295,Headliner,27.0,,interactive.page.headliner
X128F-3,270296,Headliner,27.0,,interactive.page.headliner
X128F-4,270297,Headliner,27.0,,interactive.page.headliner
X051-26,270298,Headliner,27.0,,interactive.page.headliner
X051-7,270299,Headliner,27.0,,interactive.page.headliner
X059-19,270300,Headliner,27.0,,interactive.page.headliner
X050-16,270301,Headliner,27.0,,interactive.page.headliner
X050-17,270302,Headliner,27.0,,interactive.page.headliner
X051-8,270303,Headliner,27.0,,interactive.page.headliner
X030A-6,270304,Headliner,27.0,,interactive.page.headliner
X030A-26,270305,Headliner,27.0,,interactive.page.headliner
X039-9,270306,Headliner,27.0,,interactive.page.headliner
X127-1,270307,Headliner,27.0,,interactive.page.headliner
X127-2,270308,Headliner,27.0,,interactive.page.headliner
X880-1,270309,Headliner,27.0,,interactive.page.headliner
X128M-1,270310,Headliner,27.0,,interactive.page.headliner
X128M-2,270311,Headliner,27.0,,interactive.page.headliner
X128M-3,270312,Headliner,27.0,,interactive.page.headliner
X128M-4,270313,Headliner,27.0,,interactive.page.headliner
X299-1,270314,Headliner,27.0,,interactive.page.headliner
X299-3,270315,Headliner,27.0,,interactive.page.headliner
X299-4,270316,Headliner,27.0,,interactive.page.headliner
X299-5,270317,Headliner,27.0,,interactive.page.headliner
X299-6,270318,Headliner,27.0,,interactive.page.headliner
X299-7,270319,Headliner,27.0,,interactive.page.headliner
X299-8,270320,Headliner,27.0,,interactive.page.headliner
X299-9,270321,Headliner,27.0,,interactive.page.headliner
X299-10,270322,Headliner,27.0,,interactive.page.headliner
X299-11,270323,Headliner,27.0,,interactive.page.headliner
X299-12,270324,Headliner,27.0,,interactive.page.headliner
X299-13,270325,Headliner,27.0,,interactive.page.headliner
X299-14,270326,Headliner,27.0,,interactive.page.headliner
X299-15,270327,Headliner,27.0,,interactive.page.headliner
X299-16,270328,Headliner,27.0,,interactive.page.headliner
G032-15,270437,Headliner,27.0,,interactive.page.headliner
X981M-13,270498,Headliner,27.0,,interactive.page.headliner
X981F-13,270499,Headliner,27.0,,interactive.page.headliner
X981M-8,270500,Headliner,27.0,,interactive.page.headliner
X981F-8,270501,Headliner,27.0,,interactive.page.headliner
X981M-16,270502,Headliner,27.0,,interactive.page.headliner
X981F-16,270503,Headliner,27.0,,interactive.page.headliner
X981M-15,270504,Headliner,27.0,,interactive.page.headliner
X981F-15,270505,Headliner,27.0,,interactive.page.headliner
X981M-14,270506,Headliner,27.0,,interactive.page.headliner
X981F-14,270507,Headliner,27.0,,interactive.page.headliner
X981M-6,270508,Headliner,27.0,,interactive.page.headliner
X981F-6,270509,Headliner,27.0,,interactive.page.headliner
X981M-5,270510,Headliner,27.0,,interactive.page.headliner
X981F-5,270511,Headliner,27.0,,interactive.page.headliner
X962F-3,270512,Headliner,27.0,,interactive.page.headliner
X962M-3,270513,Headliner,27.0,,interactive.page.headliner
X962M-1,270514,Headliner,27.0,,interactive.page.headliner
X962F-2,270515,Headliner,27.0,,interactive.page.headliner
X962F-4,270516,Headliner,27.0,,interactive.page.headliner
X962M-4,270517,Headliner,27.0,,interactive.page.headliner
X962M-9,270518,Headliner,27.0,,interactive.page.headliner
X962M-7,270519,Headliner,27.0,,interactive.page.headliner
X962F-8,270520,Headliner,27.0,,interactive.page.headliner
X962F-1,270521,Headliner,27.0,,interactive.page.headliner
X962F-9,270522,Headliner,27.0,,interactive.page.headliner
X962F-7,270523,Headliner,27.0,,interactive.page.headliner
X962M-2,270524,Headliner,27.0,,interactive.page.headliner
X962M-8,270525,Headliner,27.0,,interactive.page.headliner
"HV Compressor, Heat Pump",280204,Hv Battery And Hvil,28.0,interactive.device.hvcompressorheatpump,interactive.page.hvbatteryandhvil
MCU (RHD),280205,Hv Battery And Hvil,28.0,interactive.device.mcurhd,interactive.page.hvbatteryandhvil
MCU (LHD),280206,Hv Battery And Hvil,28.0,interactive.device.mculhd,interactive.page.hvbatteryandhvil
Charge Port ECU,280207,Hv Battery And Hvil,28.0,interactive.device.chargeportecu,interactive.page.hvbatteryandhvil
HV Battery,280208,Hv Battery And Hvil,28.0,interactive.device.hvbattery,interactive.page.hvbatteryandhvil
Body Controller Front,280209,Hv Battery And Hvil,28.0,interactive.device.bodycontrollerfront,interactive.page.hvbatteryandhvil
Restraints Controller,280210,Hv Battery And Hvil,28.0,interactive.device.restraintscontroller,interactive.page.hvbatteryandhvil
Body Controller Right,280211,Hv Battery And Hvil,28.0,interactive.device.bodycontrollerright,interactive.page.hvbatteryandhvil
Body Controller Right,280212,Hv Battery And Hvil,28.0,interactive.device.bodycontrollerright,interactive.page.hvbatteryandhvil
Body Controller Left,280213,Hv Battery And Hvil,28.0,interactive.device.bodycontrollerleft,interactive.page.hvbatteryandhvil
HV Contactor Disconnect,280214,Hv Battery And Hvil,28.0,interactive.device.hvcontactordisconnect,interactive.page.hvbatteryandhvil
X541-1,280226,Hv Battery And Hvil,28.0,,interactive.page.hvbatteryandhvil
X541-2,280227,Hv Battery And Hvil,28.0,,interactive.page.hvbatteryandhvil
X173A-4,280228,Hv Battery And Hvil,28.0,,interactive.page.hvbatteryandhvil
X173-4,280229,Hv Battery And Hvil,28.0,,interactive.page.hvbatteryandhvil
X096-8,280230,Hv Battery And Hvil,28.0,,interactive.page.hvbatteryandhvil
X096-7,280231,Hv Battery And Hvil,28.0,,interactive.page.hvbatteryandhvil
X096-5,280232,Hv Battery And Hvil,28.0,,interactive.page.hvbatteryandhvil
X096-6,280233,Hv Battery And Hvil,28.0,,interactive.page.hvbatteryandhvil
X098-1,280234,Hv Battery And Hvil,28.0,,interactive.page.hvbatteryandhvil
X098-3,280235,Hv Battery And Hvil,28.0,,interactive.page.hvbatteryandhvil
X098-6,280236,Hv Battery And Hvil,28.0,,interactive.page.hvbatteryandhvil
X098-7,280237,Hv Battery And Hvil,28.0,,interactive.page.hvbatteryandhvil
X098-8,280238,Hv Battery And Hvil,28.0,,interactive.page.hvbatteryandhvil
X098-9,280239,Hv Battery And Hvil,28.0,,interactive.page.hvbatteryandhvil
X098-10,280240,Hv Battery And Hvil,28.0,,interactive.page.hvbatteryandhvil
X098-11,280241,Hv Battery And Hvil,28.0,,interactive.page.hvbatteryandhvil
X098-12,280242,Hv Battery And Hvil,28.0,,interactive.page.hvbatteryandhvil
X098-13,280243,Hv Battery And Hvil,28.0,,interactive.page.hvbatteryandhvil
X098-15,280244,Hv Battery And Hvil,28.0,,interactive.page.hvbatteryandhvil
X098-16,280245,Hv Battery And Hvil,28.0,,interactive.page.hvbatteryandhvil
X098-18,280246,Hv Battery And Hvil,28.0,,interactive.page.hvbatteryandhvil
X010-65,280247,Hv Battery And Hvil,28.0,,interactive.page.hvbatteryandhvil
X010-21,280248,Hv Battery And Hvil,28.0,,interactive.page.hvbatteryandhvil
X201-56,280249,Hv Battery And Hvil,28.0,,interactive.page.hvbatteryandhvil
X200-27,280250,Hv Battery And Hvil,28.0,,interactive.page.hvbatteryandhvil
X200-40,280251,Hv Battery And Hvil,28.0,,interactive.page.hvbatteryandhvil
X201-55,280252,Hv Battery And Hvil,28.0,,interactive.page.hvbatteryandhvil
X201-62,280253,Hv Battery And Hvil,28.0,,interactive.page.hvbatteryandhvil
X051-42,280254,Hv Battery And Hvil,28.0,,interactive.page.hvbatteryandhvil
X057-7,280255,Hv Battery And Hvil,28.0,,interactive.page.hvbatteryandhvil
X057-2,280256,Hv Battery And Hvil,28.0,,interactive.page.hvbatteryandhvil
X051-43,280257,Hv Battery And Hvil,28.0,,interactive.page.hvbatteryandhvil
X050-39,280258,Hv Battery And Hvil,28.0,,interactive.page.hvbatteryandhvil
X055-33,280259,Hv Battery And Hvil,28.0,,interactive.page.hvbatteryandhvil
X055-32,280260,Hv Battery And Hvil,28.0,,interactive.page.hvbatteryandhvil
X059-30,280261,Hv Battery And Hvil,28.0,,interactive.page.hvbatteryandhvil
X057-1,280262,Hv Battery And Hvil,28.0,,interactive.page.hvbatteryandhvil
X059-14,280263,Hv Battery And Hvil,28.0,,interactive.page.hvbatteryandhvil
X057-14,280264,Hv Battery And Hvil,28.0,,interactive.page.hvbatteryandhvil
X057-26,280265,Hv Battery And Hvil,28.0,,interactive.page.hvbatteryandhvil
X050-19,280266,Hv Battery And Hvil,28.0,,interactive.page.hvbatteryandhvil
X037-28,280267,Hv Battery And Hvil,28.0,,interactive.page.hvbatteryandhvil
X918M-1,280268,Hv Battery And Hvil,28.0,,interactive.page.hvbatteryandhvil
X918F-1,280269,Hv Battery And Hvil,28.0,,interactive.page.hvbatteryandhvil
G031-5,280340,Hv Battery And Hvil,28.0,,interactive.page.hvbatteryandhvil
G031-13,280341,Hv Battery And Hvil,28.0,,interactive.page.hvbatteryandhvil
G032-13,280343,Hv Battery And Hvil,28.0,,interactive.page.hvbatteryandhvil
X908F-10,280405,Hv Battery And Hvil,28.0,,interactive.page.hvbatteryandhvil
X908M-18,280406,Hv Battery And Hvil,28.0,,interactive.page.hvbatteryandhvil
X908M-15,280407,Hv Battery And Hvil,28.0,,interactive.page.hvbatteryandhvil
X908F-15,280408,Hv Battery And Hvil,28.0,,interactive.page.hvbatteryandhvil
X908M-9,280409,Hv Battery And Hvil,28.0,,interactive.page.hvbatteryandhvil
X908M-10,280410,Hv Battery And Hvil,28.0,,interactive.page.hvbatteryandhvil
X908F-19,280411,Hv Battery And Hvil,28.0,,interactive.page.hvbatteryandhvil
X908F-18,280412,Hv Battery And Hvil,28.0,,interactive.page.hvbatteryandhvil
X908F-9,280413,Hv Battery And Hvil,28.0,,interactive.page.hvbatteryandhvil
X908M-19,280414,Hv Battery And Hvil,28.0,,interactive.page.hvbatteryandhvil
X935F-20,280415,Hv Battery And Hvil,28.0,,interactive.page.hvbatteryandhvil
X935M-4,280416,Hv Battery And Hvil,28.0,,interactive.page.hvbatteryandhvil
X935F-3,280417,Hv Battery And Hvil,28.0,,interactive.page.hvbatteryandhvil
X935F-4,280418,Hv Battery And Hvil,28.0,,interactive.page.hvbatteryandhvil
X935M-20,280419,Hv Battery And Hvil,28.0,,interactive.page.hvbatteryandhvil
X935F-28,280420,Hv Battery And Hvil,28.0,,interactive.page.hvbatteryandhvil
X935F-19,280421,Hv Battery And Hvil,28.0,,interactive.page.hvbatteryandhvil
X935M-28,280422,Hv Battery And Hvil,28.0,,interactive.page.hvbatteryandhvil
X935M-3,280423,Hv Battery And Hvil,28.0,,interactive.page.hvbatteryandhvil
X935M-19,280424,Hv Battery And Hvil,28.0,,interactive.page.hvbatteryandhvil
SHUNT-P1,290309,Hv Penthouse Pcs,29.0,,interactive.page.hvpenthousepcs
CHARGER-INLET,290310,Hv Penthouse Pcs,29.0,,interactive.page.hvpenthousepcs
COOLANT-V2,290311,Hv Penthouse Pcs,29.0,,interactive.page.hvpenthousepcs
HV-RDU,290312,Hv Penthouse Pcs,29.0,,interactive.page.hvpenthousepcs
PCS,290313,Hv Penthouse Pcs,29.0,,interactive.page.hvpenthousepcs
HV-ANCIL,290314,Hv Penthouse Pcs,29.0,,interactive.page.hvpenthousepcs
FAS-CHR-CONTACT-P1,290315,Hv Penthouse Pcs,29.0,,interactive.page.hvpenthousepcs
HV-FDU,290316,Hv Penthouse Pcs,29.0,,interactive.page.hvpenthousepcs
COOLANT-V1,290317,Hv Penthouse Pcs,29.0,,interactive.page.hvpenthousepcs
BMB-DAISY-B,290318,Hv Penthouse Pcs,29.0,,interactive.page.hvpenthousepcs
PYRO-DISC-P1,290319,Hv Penthouse Pcs,29.0,,interactive.page.hvpenthousepcs
BMB-DAISY-A,290320,Hv Penthouse Pcs,29.0,,interactive.page.hvpenthousepcs
NEG-SWITCH,290321,Hv Penthouse Pcs,29.0,,interactive.page.hvpenthousepcs
POS-SWITCH,290322,Hv Penthouse Pcs,29.0,,interactive.page.hvpenthousepcs
HV Controller,290323,Hv Penthouse Pcs,29.0,interactive.device.hvcontroller,interactive.page.hvpenthousepcs
X469-1,290339,Hv Penthouse Pcs,29.0,,interactive.page.hvpenthousepcs
X469-2,290340,Hv Penthouse Pcs,29.0,,interactive.page.hvpenthousepcs
X469-3,290341,Hv Penthouse Pcs,29.0,,interactive.page.hvpenthousepcs
X469-4,290342,Hv Penthouse Pcs,29.0,,interactive.page.hvpenthousepcs
X469-5,290343,Hv Penthouse Pcs,29.0,,interactive.page.hvpenthousepcs
X469-6,290344,Hv Penthouse Pcs,29.0,,interactive.page.hvpenthousepcs
X469-7,290345,Hv Penthouse Pcs,29.0,,interactive.page.hvpenthousepcs
X424-2,290346,Hv Penthouse Pcs,29.0,,interactive.page.hvpenthousepcs
X424-3,290347,Hv Penthouse Pcs,29.0,,interactive.page.hvpenthousepcs
X468-1,290348,Hv Penthouse Pcs,29.0,,interactive.page.hvpenthousepcs
X468-2,290349,Hv Penthouse Pcs,29.0,,interactive.page.hvpenthousepcs
X422-2,290350,Hv Penthouse Pcs,29.0,,interactive.page.hvpenthousepcs
X422-3,290351,Hv Penthouse Pcs,29.0,,interactive.page.hvpenthousepcs
X420-1,290352,Hv Penthouse Pcs,29.0,,interactive.page.hvpenthousepcs
X420-2,290353,Hv Penthouse Pcs,29.0,,interactive.page.hvpenthousepcs
X420-3,290354,Hv Penthouse Pcs,29.0,,interactive.page.hvpenthousepcs
X420-4,290355,Hv Penthouse Pcs,29.0,,interactive.page.hvpenthousepcs
X420-5,290356,Hv Penthouse Pcs,29.0,,interactive.page.hvpenthousepcs
X420-6,290357,Hv Penthouse Pcs,29.0,,interactive.page.hvpenthousepcs
X420-12,290358,Hv Penthouse Pcs,29.0,,interactive.page.hvpenthousepcs
X420-10,290359,Hv Penthouse Pcs,29.0,,interactive.page.hvpenthousepcs
X420-11,290360,Hv Penthouse Pcs,29.0,,interactive.page.hvpenthousepcs
X421-2,290361,Hv Penthouse Pcs,29.0,,interactive.page.hvpenthousepcs
X421-3,290362,Hv Penthouse Pcs,29.0,,interactive.page.hvpenthousepcs
X477-1,290363,Hv Penthouse Pcs,29.0,,interactive.page.hvpenthousepcs
X477-2,290364,Hv Penthouse Pcs,29.0,,interactive.page.hvpenthousepcs
X477-3,290365,Hv Penthouse Pcs,29.0,,interactive.page.hvpenthousepcs
X477-4,290366,Hv Penthouse Pcs,29.0,,interactive.page.hvpenthousepcs
X477-5,290367,Hv Penthouse Pcs,29.0,,interactive.page.hvpenthousepcs
X477-6,290368,Hv Penthouse Pcs,29.0,,interactive.page.hvpenthousepcs
X477-7,290369,Hv Penthouse Pcs,29.0,,interactive.page.hvpenthousepcs
X477-8,290370,Hv Penthouse Pcs,29.0,,interactive.page.hvpenthousepcs
X477-9,290371,Hv Penthouse Pcs,29.0,,interactive.page.hvpenthousepcs
X477-10,290372,Hv Penthouse Pcs,29.0,,interactive.page.hvpenthousepcs
X423-2,290373,Hv Penthouse Pcs,29.0,,interactive.page.hvpenthousepcs
X423-3,290374,Hv Penthouse Pcs,29.0,,interactive.page.hvpenthousepcs
X467-1,290375,Hv Penthouse Pcs,29.0,,interactive.page.hvpenthousepcs
X467-2,290376,Hv Penthouse Pcs,29.0,,interactive.page.hvpenthousepcs
X472-1,290377,Hv Penthouse Pcs,29.0,,interactive.page.hvpenthousepcs
X472-2,290378,Hv Penthouse Pcs,29.0,,interactive.page.hvpenthousepcs
X470-1,290379,Hv Penthouse Pcs,29.0,,interactive.page.hvpenthousepcs
X470-2,290380,Hv Penthouse Pcs,29.0,,interactive.page.hvpenthousepcs
X471-1,290381,Hv Penthouse Pcs,29.0,,interactive.page.hvpenthousepcs
X471-2,290382,Hv Penthouse Pcs,29.0,,interactive.page.hvpenthousepcs
X475-1,290383,Hv Penthouse Pcs,29.0,,interactive.page.hvpenthousepcs
X475-4,290384,Hv Penthouse Pcs,29.0,,interactive.page.hvpenthousepcs
X476-1,290385,Hv Penthouse Pcs,29.0,,interactive.page.hvpenthousepcs
X476-2,290386,Hv Penthouse Pcs,29.0,,interactive.page.hvpenthousepcs
X473-1,290387,Hv Penthouse Pcs,29.0,,interactive.page.hvpenthousepcs
X473-4,290388,Hv Penthouse Pcs,29.0,,interactive.page.hvpenthousepcs
X474-1,290389,Hv Penthouse Pcs,29.0,,interactive.page.hvpenthousepcs
X474-2,290390,Hv Penthouse Pcs,29.0,,interactive.page.hvpenthousepcs
X478-3,290391,Hv Penthouse Pcs,29.0,,interactive.page.hvpenthousepcs
X478-6,290392,Hv Penthouse Pcs,29.0,,interactive.page.hvpenthousepcs
X478-12,290393,Hv Penthouse Pcs,29.0,,interactive.page.hvpenthousepcs
X479-1,290394,Hv Penthouse Pcs,29.0,,interactive.page.hvpenthousepcs
X479-2,290395,Hv Penthouse Pcs,29.0,,interactive.page.hvpenthousepcs
X479-3,290396,Hv Penthouse Pcs,29.0,,interactive.page.hvpenthousepcs
X479-4,290397,Hv Penthouse Pcs,29.0,,interactive.page.hvpenthousepcs
X479-5,290398,Hv Penthouse Pcs,29.0,,interactive.page.hvpenthousepcs
X479-6,290399,Hv Penthouse Pcs,29.0,,interactive.page.hvpenthousepcs
X479-7,290400,Hv Penthouse Pcs,29.0,,interactive.page.hvpenthousepcs
X479-8,290401,Hv Penthouse Pcs,29.0,,interactive.page.hvpenthousepcs
X479-9,290402,Hv Penthouse Pcs,29.0,,interactive.page.hvpenthousepcs
X479-10,290403,Hv Penthouse Pcs,29.0,,interactive.page.hvpenthousepcs
X479-12,290404,Hv Penthouse Pcs,29.0,,interactive.page.hvpenthousepcs
X479-15,290405,Hv Penthouse Pcs,29.0,,interactive.page.hvpenthousepcs
X479-16,290406,Hv Penthouse Pcs,29.0,,interactive.page.hvpenthousepcs
X479-17,290407,Hv Penthouse Pcs,29.0,,interactive.page.hvpenthousepcs
X479-18,290408,Hv Penthouse Pcs,29.0,,interactive.page.hvpenthousepcs
X479-22,290409,Hv Penthouse Pcs,29.0,,interactive.page.hvpenthousepcs
X479-23,290410,Hv Penthouse Pcs,29.0,,interactive.page.hvpenthousepcs
X479-24,290411,Hv Penthouse Pcs,29.0,,interactive.page.hvpenthousepcs
X479-26,290412,Hv Penthouse Pcs,29.0,,interactive.page.hvpenthousepcs
X479-29,290413,Hv Penthouse Pcs,29.0,,interactive.page.hvpenthousepcs
X479-30,290414,Hv Penthouse Pcs,29.0,,interactive.page.hvpenthousepcs
X479-33,290415,Hv Penthouse Pcs,29.0,,interactive.page.hvpenthousepcs
X479-34,290416,Hv Penthouse Pcs,29.0,,interactive.page.hvpenthousepcs
X479-35,290417,Hv Penthouse Pcs,29.0,,interactive.page.hvpenthousepcs
X479-36,290418,Hv Penthouse Pcs,29.0,,interactive.page.hvpenthousepcs
X479-37,290419,Hv Penthouse Pcs,29.0,,interactive.page.hvpenthousepcs
X479-41,290420,Hv Penthouse Pcs,29.0,,interactive.page.hvpenthousepcs
X479-42,290421,Hv Penthouse Pcs,29.0,,interactive.page.hvpenthousepcs
X479-43,290422,Hv Penthouse Pcs,29.0,,interactive.page.hvpenthousepcs
X480-1,290423,Hv Penthouse Pcs,29.0,,interactive.page.hvpenthousepcs
X480-3,290424,Hv Penthouse Pcs,29.0,,interactive.page.hvpenthousepcs
X480-4,290425,Hv Penthouse Pcs,29.0,,interactive.page.hvpenthousepcs
X480-5,290426,Hv Penthouse Pcs,29.0,,interactive.page.hvpenthousepcs
X480-6,290427,Hv Penthouse Pcs,29.0,,interactive.page.hvpenthousepcs
X480-7,290428,Hv Penthouse Pcs,29.0,,interactive.page.hvpenthousepcs
X480-8,290429,Hv Penthouse Pcs,29.0,,interactive.page.hvpenthousepcs
X481-1,290430,Hv Penthouse Pcs,29.0,,interactive.page.hvpenthousepcs
X481-4,290431,Hv Penthouse Pcs,29.0,,interactive.page.hvpenthousepcs
X481-7,290432,Hv Penthouse Pcs,29.0,,interactive.page.hvpenthousepcs
X482-1,290433,Hv Penthouse Pcs,29.0,,interactive.page.hvpenthousepcs
X482-2,290434,Hv Penthouse Pcs,29.0,,interactive.page.hvpenthousepcs
X483-1,290435,Hv Penthouse Pcs,29.0,,interactive.page.hvpenthousepcs
X483-2,290436,Hv Penthouse Pcs,29.0,,interactive.page.hvpenthousepcs
X484-1,290437,Hv Penthouse Pcs,29.0,,interactive.page.hvpenthousepcs
X484-2,290438,Hv Penthouse Pcs,29.0,,interactive.page.hvpenthousepcs
2R Vane - Left Lateral,300308,Hvac Cabin,30.0,interactive.device.2rvaneleftlateral,interactive.page.hvaccabin
2R Vane - Left Vertical,300309,Hvac Cabin,30.0,interactive.device.2rvaneleftvertical,interactive.page.hvaccabin
2R Vane - Right Lateral,300310,Hvac Cabin,30.0,interactive.device.2rvanerightlateral,interactive.page.hvaccabin
2R Vane - Right Vertical,300311,Hvac Cabin,30.0,interactive.device.2rvanerightvertical,interactive.page.hvaccabin
Cabin Thermistors,300312,Hvac Cabin,30.0,interactive.device.cabinthermistors,interactive.page.hvaccabin
Center Console Controller,300313,Hvac Cabin,30.0,interactive.device.centerconsolecontroller,interactive.page.hvaccabin
Lateral Vanes Left,300314,Hvac Cabin,30.0,interactive.device.lateralvanesleft,interactive.page.hvaccabin
"Thermistor, IP Duct Left",300315,Hvac Cabin,30.0,interactive.device.thermistoripductleft,interactive.page.hvaccabin
"Thermistor, IP Duct Right",300316,Hvac Cabin,30.0,interactive.device.thermistoripductright,interactive.page.hvaccabin
Vertical Vanes Left,300317,Hvac Cabin,30.0,interactive.device.verticalvanesleft,interactive.page.hvaccabin
Body Controller Right,300318,Hvac Cabin,30.0,interactive.device.bodycontrollerright,interactive.page.hvaccabin
X524-3,300330,Hvac Cabin,30.0,,interactive.page.hvaccabin
X524-4,300331,Hvac Cabin,30.0,,interactive.page.hvaccabin
X524-5,300332,Hvac Cabin,30.0,,interactive.page.hvaccabin
X524-6,300333,Hvac Cabin,30.0,,interactive.page.hvaccabin
X524-7,300334,Hvac Cabin,30.0,,interactive.page.hvaccabin
X522-3,300335,Hvac Cabin,30.0,,interactive.page.hvaccabin
X522-4,300336,Hvac Cabin,30.0,,interactive.page.hvaccabin
X522-5,300337,Hvac Cabin,30.0,,interactive.page.hvaccabin
X522-6,300338,Hvac Cabin,30.0,,interactive.page.hvaccabin
X522-7,300339,Hvac Cabin,30.0,,interactive.page.hvaccabin
X528-3,300340,Hvac Cabin,30.0,,interactive.page.hvaccabin
X528-4,300341,Hvac Cabin,30.0,,interactive.page.hvaccabin
X528-5,300342,Hvac Cabin,30.0,,interactive.page.hvaccabin
X528-6,300343,Hvac Cabin,30.0,,interactive.page.hvaccabin
X528-7,300344,Hvac Cabin,30.0,,interactive.page.hvaccabin
X526-3,300345,Hvac Cabin,30.0,,interactive.page.hvaccabin
X526-4,300346,Hvac Cabin,30.0,,interactive.page.hvaccabin
X526-5,300347,Hvac Cabin,30.0,,interactive.page.hvaccabin
X526-6,300348,Hvac Cabin,30.0,,interactive.page.hvaccabin
X526-7,300349,Hvac Cabin,30.0,,interactive.page.hvaccabin
X542-1,300350,Hvac Cabin,30.0,,interactive.page.hvaccabin
X542-2,300351,Hvac Cabin,30.0,,interactive.page.hvaccabin
X542-3,300352,Hvac Cabin,30.0,,interactive.page.hvaccabin
X542-4,300353,Hvac Cabin,30.0,,interactive.page.hvaccabin
X501-14,300354,Hvac Cabin,30.0,,interactive.page.hvaccabin
X501-15,300355,Hvac Cabin,30.0,,interactive.page.hvaccabin
X501-16,300356,Hvac Cabin,30.0,,interactive.page.hvaccabin
X501-17,300357,Hvac Cabin,30.0,,interactive.page.hvaccabin
X501-18,300358,Hvac Cabin,30.0,,interactive.page.hvaccabin
X501-19,300359,Hvac Cabin,30.0,,interactive.page.hvaccabin
X501-20,300360,Hvac Cabin,30.0,,interactive.page.hvaccabin
X501-21,300361,Hvac Cabin,30.0,,interactive.page.hvaccabin
X501-22,300362,Hvac Cabin,30.0,,interactive.page.hvaccabin
X501-23,300363,Hvac Cabin,30.0,,interactive.page.hvaccabin
X501-24,300364,Hvac Cabin,30.0,,interactive.page.hvaccabin
X501-25,300365,Hvac Cabin,30.0,,interactive.page.hvaccabin
X501-26,300366,Hvac Cabin,30.0,,interactive.page.hvaccabin
X501-27,300367,Hvac Cabin,30.0,,interactive.page.hvaccabin
X501-28,300368,Hvac Cabin,30.0,,interactive.page.hvaccabin
X501-29,300369,Hvac Cabin,30.0,,interactive.page.hvaccabin
X501-30,300370,Hvac Cabin,30.0,,interactive.page.hvaccabin
X501-31,300371,Hvac Cabin,30.0,,interactive.page.hvaccabin
X501-32,300372,Hvac Cabin,30.0,,interactive.page.hvaccabin
X501-1,300373,Hvac Cabin,30.0,,interactive.page.hvaccabin
X559-3,300374,Hvac Cabin,30.0,,interactive.page.hvaccabin
X559-4,300375,Hvac Cabin,30.0,,interactive.page.hvaccabin
X559-5,300376,Hvac Cabin,30.0,,interactive.page.hvaccabin
X559-6,300377,Hvac Cabin,30.0,,interactive.page.hvaccabin
X559-7,300378,Hvac Cabin,30.0,,interactive.page.hvaccabin
X547-2,300379,Hvac Cabin,30.0,,interactive.page.hvaccabin
X547-1,300380,Hvac Cabin,30.0,,interactive.page.hvaccabin
X550-1,300381,Hvac Cabin,30.0,,interactive.page.hvaccabin
X550-2,300382,Hvac Cabin,30.0,,interactive.page.hvaccabin
X546-3,300383,Hvac Cabin,30.0,,interactive.page.hvaccabin
X546-4,300384,Hvac Cabin,30.0,,interactive.page.hvaccabin
X546-5,300385,Hvac Cabin,30.0,,interactive.page.hvaccabin
X546-6,300386,Hvac Cabin,30.0,,interactive.page.hvaccabin
X546-7,300387,Hvac Cabin,30.0,,interactive.page.hvaccabin
X055-26,300388,Hvac Cabin,30.0,,interactive.page.hvaccabin
X055-19,300389,Hvac Cabin,30.0,,interactive.page.hvaccabin
X055-4,300390,Hvac Cabin,30.0,,interactive.page.hvaccabin
X055-21,300391,Hvac Cabin,30.0,,interactive.page.hvaccabin
X055-27,300392,Hvac Cabin,30.0,,interactive.page.hvaccabin
X055-28,300393,Hvac Cabin,30.0,,interactive.page.hvaccabin
X055-2,300394,Hvac Cabin,30.0,,interactive.page.hvaccabin
X055-3,300395,Hvac Cabin,30.0,,interactive.page.hvaccabin
X055-20,300396,Hvac Cabin,30.0,,interactive.page.hvaccabin
X055-29,300397,Hvac Cabin,30.0,,interactive.page.hvaccabin
X055-5,300398,Hvac Cabin,30.0,,interactive.page.hvaccabin
X055-22,300399,Hvac Cabin,30.0,,interactive.page.hvaccabin
X055-14,300400,Hvac Cabin,30.0,,interactive.page.hvaccabin
X055-13,300401,Hvac Cabin,30.0,,interactive.page.hvaccabin
X055-31,300402,Hvac Cabin,30.0,,interactive.page.hvaccabin
X055-30,300403,Hvac Cabin,30.0,,interactive.page.hvaccabin
X055-25,300404,Hvac Cabin,30.0,,interactive.page.hvaccabin
X055-24,300405,Hvac Cabin,30.0,,interactive.page.hvaccabin
X990M-2,300559,Hvac Cabin,30.0,,interactive.page.hvaccabin
X990F-2,300560,Hvac Cabin,30.0,,interactive.page.hvaccabin
X990M-4,300561,Hvac Cabin,30.0,,interactive.page.hvaccabin
X990F-4,300562,Hvac Cabin,30.0,,interactive.page.hvaccabin
X990M-9,300563,Hvac Cabin,30.0,,interactive.page.hvaccabin
X990F-9,300564,Hvac Cabin,30.0,,interactive.page.hvaccabin
X990M-1,300565,Hvac Cabin,30.0,,interactive.page.hvaccabin
X990F-1,300566,Hvac Cabin,30.0,,interactive.page.hvaccabin
X990M-8,300567,Hvac Cabin,30.0,,interactive.page.hvaccabin
X990F-8,300568,Hvac Cabin,30.0,,interactive.page.hvaccabin
X990M-12,300569,Hvac Cabin,30.0,,interactive.page.hvaccabin
X990F-12,300570,Hvac Cabin,30.0,,interactive.page.hvaccabin
X990M-5,300571,Hvac Cabin,30.0,,interactive.page.hvaccabin
X990F-5,300572,Hvac Cabin,30.0,,interactive.page.hvaccabin
X990M-10,300573,Hvac Cabin,30.0,,interactive.page.hvaccabin
X990F-10,300574,Hvac Cabin,30.0,,interactive.page.hvaccabin
X990M-3,300575,Hvac Cabin,30.0,,interactive.page.hvaccabin
X990F-3,300576,Hvac Cabin,30.0,,interactive.page.hvaccabin
X990M-11,300577,Hvac Cabin,30.0,,interactive.page.hvaccabin
X990F-11,300578,Hvac Cabin,30.0,,interactive.page.hvaccabin
Z1-SHIELD908 CUTOFF,310217,Hvac Case Subassembly,31.0,interactive.device.z1shield908cutoff,interactive.page.hvaccasesubassembly
Z1-HVC005V,310218,Hvac Case Subassembly,31.0,,interactive.page.hvaccasesubassembly
Z1-HVCGND,310219,Hvac Case Subassembly,31.0,,interactive.page.hvaccasesubassembly
Blower Motor,310290,Hvac Case Subassembly,31.0,interactive.device.blowermotor,interactive.page.hvaccasesubassembly
Intake Actuator,310291,Hvac Case Subassembly,31.0,interactive.device.intakeactuator,interactive.page.hvaccasesubassembly
Body Controller Right,310292,Hvac Case Subassembly,31.0,interactive.device.bodycontrollerright,interactive.page.hvaccasesubassembly
Upper Mode Actuator,310293,Hvac Case Subassembly,31.0,interactive.device.uppermodeactuator,interactive.page.hvaccasesubassembly
"Thermistor, Evaporator Left Floor",310294,Hvac Case Subassembly,31.0,interactive.device.thermistorevaporatorleftfloor,interactive.page.hvaccasesubassembly
"Thermistor, Evaporator",310295,Hvac Case Subassembly,31.0,interactive.device.thermistorevaporator,interactive.page.hvaccasesubassembly
Lower Mode Actuator,310296,Hvac Case Subassembly,31.0,interactive.device.lowermodeactuator,interactive.page.hvaccasesubassembly
Body Controller Left,310297,Hvac Case Subassembly,31.0,interactive.device.bodycontrollerleft,interactive.page.hvaccasesubassembly
"Thermistor, Evaporator Right Floor",310298,Hvac Case Subassembly,31.0,interactive.device.thermistorevaporatorrightfloor,interactive.page.hvaccasesubassembly
Lateral Vanes Right,310299,Hvac Case Subassembly,31.0,interactive.device.lateralvanesright,interactive.page.hvaccasesubassembly
Vertical Vanes Right,310300,Hvac Case Subassembly,31.0,interactive.device.verticalvanesright,interactive.page.hvaccasesubassembly
X536-1,310308,Hvac Case Subassembly,31.0,,interactive.page.hvaccasesubassembly
X536-2,310309,Hvac Case Subassembly,31.0,,interactive.page.hvaccasesubassembly
X536-4,310310,Hvac Case Subassembly,31.0,,interactive.page.hvaccasesubassembly
X554-1,310311,Hvac Case Subassembly,31.0,,interactive.page.hvaccasesubassembly
X554-2,310312,Hvac Case Subassembly,31.0,,interactive.page.hvaccasesubassembly
X554-3,310313,Hvac Case Subassembly,31.0,,interactive.page.hvaccasesubassembly
X554-5,310314,Hvac Case Subassembly,31.0,,interactive.page.hvaccasesubassembly
X554-6,310315,Hvac Case Subassembly,31.0,,interactive.page.hvaccasesubassembly
X058-19,310316,Hvac Case Subassembly,31.0,,interactive.page.hvaccasesubassembly
X058-8,310317,Hvac Case Subassembly,31.0,,interactive.page.hvaccasesubassembly
X058-5,310318,Hvac Case Subassembly,31.0,,interactive.page.hvaccasesubassembly
X058-9,310319,Hvac Case Subassembly,31.0,,interactive.page.hvaccasesubassembly
X058-23,310320,Hvac Case Subassembly,31.0,,interactive.page.hvaccasesubassembly
X058-2,310321,Hvac Case Subassembly,31.0,,interactive.page.hvaccasesubassembly
X058-24,310322,Hvac Case Subassembly,31.0,,interactive.page.hvaccasesubassembly
X058-27,310323,Hvac Case Subassembly,31.0,,interactive.page.hvaccasesubassembly
X058-4,310324,Hvac Case Subassembly,31.0,,interactive.page.hvaccasesubassembly
X058-28,310325,Hvac Case Subassembly,31.0,,interactive.page.hvaccasesubassembly
X058-10,310326,Hvac Case Subassembly,31.0,,interactive.page.hvaccasesubassembly
X058-6,310327,Hvac Case Subassembly,31.0,,interactive.page.hvaccasesubassembly
X058-11,310328,Hvac Case Subassembly,31.0,,interactive.page.hvaccasesubassembly
X058-25,310329,Hvac Case Subassembly,31.0,,interactive.page.hvaccasesubassembly
X058-3,310330,Hvac Case Subassembly,31.0,,interactive.page.hvaccasesubassembly
X058-26,310331,Hvac Case Subassembly,31.0,,interactive.page.hvaccasesubassembly
X058-20,310332,Hvac Case Subassembly,31.0,,interactive.page.hvaccasesubassembly
X058-17,310333,Hvac Case Subassembly,31.0,,interactive.page.hvaccasesubassembly
X058-1,310334,Hvac Case Subassembly,31.0,,interactive.page.hvaccasesubassembly
X058-7,310335,Hvac Case Subassembly,31.0,,interactive.page.hvaccasesubassembly
X556-1,310336,Hvac Case Subassembly,31.0,,interactive.page.hvaccasesubassembly
X556-2,310337,Hvac Case Subassembly,31.0,,interactive.page.hvaccasesubassembly
X556-3,310338,Hvac Case Subassembly,31.0,,interactive.page.hvaccasesubassembly
X556-5,310339,Hvac Case Subassembly,31.0,,interactive.page.hvaccasesubassembly
X556-6,310340,Hvac Case Subassembly,31.0,,interactive.page.hvaccasesubassembly
X548-1,310341,Hvac Case Subassembly,31.0,,interactive.page.hvaccasesubassembly
X548-2,310342,Hvac Case Subassembly,31.0,,interactive.page.hvaccasesubassembly
X551-1,310343,Hvac Case Subassembly,31.0,,interactive.page.hvaccasesubassembly
X551-2,310344,Hvac Case Subassembly,31.0,,interactive.page.hvaccasesubassembly
X553-1,310345,Hvac Case Subassembly,31.0,,interactive.page.hvaccasesubassembly
X553-2,310346,Hvac Case Subassembly,31.0,,interactive.page.hvaccasesubassembly
X553-3,310347,Hvac Case Subassembly,31.0,,interactive.page.hvaccasesubassembly
X553-5,310348,Hvac Case Subassembly,31.0,,interactive.page.hvaccasesubassembly
X553-6,310349,Hvac Case Subassembly,31.0,,interactive.page.hvaccasesubassembly
X038-1,310350,Hvac Case Subassembly,31.0,,interactive.page.hvaccasesubassembly
X038-2,310351,Hvac Case Subassembly,31.0,,interactive.page.hvaccasesubassembly
X038-4,310352,Hvac Case Subassembly,31.0,,interactive.page.hvaccasesubassembly
X038-3,310353,Hvac Case Subassembly,31.0,,interactive.page.hvaccasesubassembly
X549-2,310354,Hvac Case Subassembly,31.0,,interactive.page.hvaccasesubassembly
X549-1,310355,Hvac Case Subassembly,31.0,,interactive.page.hvaccasesubassembly
X558-7,310356,Hvac Case Subassembly,31.0,,interactive.page.hvaccasesubassembly
X558-6,310357,Hvac Case Subassembly,31.0,,interactive.page.hvaccasesubassembly
X558-5,310358,Hvac Case Subassembly,31.0,,interactive.page.hvaccasesubassembly
X558-4,310359,Hvac Case Subassembly,31.0,,interactive.page.hvaccasesubassembly
X558-3,310360,Hvac Case Subassembly,31.0,,interactive.page.hvaccasesubassembly
X545-3,310361,Hvac Case Subassembly,31.0,,interactive.page.hvaccasesubassembly
X545-4,310362,Hvac Case Subassembly,31.0,,interactive.page.hvaccasesubassembly
X545-5,310363,Hvac Case Subassembly,31.0,,interactive.page.hvaccasesubassembly
X545-6,310364,Hvac Case Subassembly,31.0,,interactive.page.hvaccasesubassembly
X545-7,310365,Hvac Case Subassembly,31.0,,interactive.page.hvaccasesubassembly
THC01-A,310366,Hvac Case Subassembly,31.0,,interactive.page.hvaccasesubassembly
THC01-A,310367,Hvac Case Subassembly,31.0,,interactive.page.hvaccasesubassembly
X991M-7,310507,Hvac Case Subassembly,31.0,,interactive.page.hvaccasesubassembly
X991F-6,310508,Hvac Case Subassembly,31.0,,interactive.page.hvaccasesubassembly
X991M-3,310509,Hvac Case Subassembly,31.0,,interactive.page.hvaccasesubassembly
X991F-9,310510,Hvac Case Subassembly,31.0,,interactive.page.hvaccasesubassembly
X991M-9,310511,Hvac Case Subassembly,31.0,,interactive.page.hvaccasesubassembly
X991F-5,310512,Hvac Case Subassembly,31.0,,interactive.page.hvaccasesubassembly
X991M-5,310513,Hvac Case Subassembly,31.0,,interactive.page.hvaccasesubassembly
X991F-2,310514,Hvac Case Subassembly,31.0,,interactive.page.hvaccasesubassembly
X991F-4,310515,Hvac Case Subassembly,31.0,,interactive.page.hvaccasesubassembly
X991M-8,310516,Hvac Case Subassembly,31.0,,interactive.page.hvaccasesubassembly
X991F-7,310517,Hvac Case Subassembly,31.0,,interactive.page.hvaccasesubassembly
X991F-1,310518,Hvac Case Subassembly,31.0,,interactive.page.hvaccasesubassembly
X991F-8,310519,Hvac Case Subassembly,31.0,,interactive.page.hvaccasesubassembly
X991M-4,310520,Hvac Case Subassembly,31.0,,interactive.page.hvaccasesubassembly
X991M-2,310521,Hvac Case Subassembly,31.0,,interactive.page.hvaccasesubassembly
X991M-10,310522,Hvac Case Subassembly,31.0,,interactive.page.hvaccasesubassembly
X991M-6,310523,Hvac Case Subassembly,31.0,,interactive.page.hvaccasesubassembly
X991F-10,310524,Hvac Case Subassembly,31.0,,interactive.page.hvaccasesubassembly
X991F-3,310525,Hvac Case Subassembly,31.0,,interactive.page.hvaccasesubassembly
X991M-1,310526,Hvac Case Subassembly,31.0,,interactive.page.hvaccasesubassembly
Z1-TH024,320256,Hvac Heat Pump,32.0,,interactive.page.hvacheatpump
Z1-TH014,320257,Hvac Heat Pump,32.0,,interactive.page.hvacheatpump
Z2-TH024,320258,Hvac Heat Pump,32.0,,interactive.page.hvacheatpump
Z2-TH014,320259,Hvac Heat Pump,32.0,,interactive.page.hvacheatpump
"Coolant Level Sensor, Heat Pump",320347,Hvac Heat Pump,32.0,interactive.device.coolantlevelsensorheatpump,interactive.page.hvacheatpump
Powertrain Coolant Pump,320348,Hvac Heat Pump,32.0,interactive.device.powertraincoolantpump,interactive.page.hvacheatpump
8 Way Coolant Valve,320349,Hvac Heat Pump,32.0,interactive.device.8waycoolantvalve,interactive.page.hvacheatpump
Battery Coolant Pump,320350,Hvac Heat Pump,32.0,interactive.device.batterycoolantpump,interactive.page.hvacheatpump
Coolant Temp Sensor - Powertrain,320351,Hvac Heat Pump,32.0,interactive.device.coolanttempsensorpowertrain,interactive.page.hvacheatpump
Coolant Temp Sensor - Battery,320352,Hvac Heat Pump,32.0,interactive.device.coolanttempsensorbattery,interactive.page.hvacheatpump
"HV Compressor, Heat Pump",320353,Hvac Heat Pump,32.0,interactive.device.hvcompressorheatpump,interactive.page.hvacheatpump
Refrigerant Temperature and Pressure Sensor - Discharge,320354,Hvac Heat Pump,32.0,interactive.device.refrigeranttemperatureandpressuresensordischarge,interactive.page.hvacheatpump
"EXV, Liquid Cooled Condenser",320355,Hvac Heat Pump,32.0,interactive.device.exvliquidcooledcondenser,interactive.page.hvacheatpump
"EXV, Evaporator",320356,Hvac Heat Pump,32.0,interactive.device.exvevaporator,interactive.page.hvacheatpump
"EXV, Cabin Condenser Left",320357,Hvac Heat Pump,32.0,interactive.device.exvcabincondenserleft,interactive.page.hvacheatpump
"EXV, Chiller",320358,Hvac Heat Pump,32.0,interactive.device.exvchiller,interactive.page.hvacheatpump
Refrigerant Evap SOV,320359,Hvac Heat Pump,32.0,interactive.device.refrigerantevapsov,interactive.page.hvacheatpump
"EXV, Cabin Condenser Right",320360,Hvac Heat Pump,32.0,interactive.device.exvcabincondenserright,interactive.page.hvacheatpump
"Refrigerant Temp and Pressure Sensor, Suction",320361,Hvac Heat Pump,32.0,interactive.device.refrigeranttempandpressuresensorsuction,interactive.page.hvacheatpump
"EXV, Recirc",320362,Hvac Heat Pump,32.0,interactive.device.exvrecirc,interactive.page.hvacheatpump
Refrigerant Temperature and Pressure Sensor - Subcool,320363,Hvac Heat Pump,32.0,interactive.device.refrigeranttemperatureandpressuresensorsubcool,interactive.page.hvacheatpump
Body Controller Front,320364,Hvac Heat Pump,32.0,interactive.device.bodycontrollerfront,interactive.page.hvacheatpump
TH011-A,320383,Hvac Heat Pump,32.0,,interactive.page.hvacheatpump
TH011-A,320384,Hvac Heat Pump,32.0,,interactive.page.hvacheatpump
TH021-A,320385,Hvac Heat Pump,32.0,,interactive.page.hvacheatpump
TH021-A,320386,Hvac Heat Pump,32.0,,interactive.page.hvacheatpump
X511-1,320387,Hvac Heat Pump,32.0,,interactive.page.hvacheatpump
X511-4,320388,Hvac Heat Pump,32.0,,interactive.page.hvacheatpump
X510-1,320389,Hvac Heat Pump,32.0,,interactive.page.hvacheatpump
X510-2,320390,Hvac Heat Pump,32.0,,interactive.page.hvacheatpump
X510-3,320391,Hvac Heat Pump,32.0,,interactive.page.hvacheatpump
X510-4,320392,Hvac Heat Pump,32.0,,interactive.page.hvacheatpump
X519-1,320393,Hvac Heat Pump,32.0,,interactive.page.hvacheatpump
X519-2,320394,Hvac Heat Pump,32.0,,interactive.page.hvacheatpump
X519-3,320395,Hvac Heat Pump,32.0,,interactive.page.hvacheatpump
X519-4,320396,Hvac Heat Pump,32.0,,interactive.page.hvacheatpump
X508-4,320397,Hvac Heat Pump,32.0,,interactive.page.hvacheatpump
X508-3,320398,Hvac Heat Pump,32.0,,interactive.page.hvacheatpump
X508-2,320399,Hvac Heat Pump,32.0,,interactive.page.hvacheatpump
X508-1,320400,Hvac Heat Pump,32.0,,interactive.page.hvacheatpump
X518-1,320401,Hvac Heat Pump,32.0,,interactive.page.hvacheatpump
X518-2,320402,Hvac Heat Pump,32.0,,interactive.page.hvacheatpump
X517-2,320403,Hvac Heat Pump,32.0,,interactive.page.hvacheatpump
X517-1,320404,Hvac Heat Pump,32.0,,interactive.page.hvacheatpump
X529-1,320405,Hvac Heat Pump,32.0,,interactive.page.hvacheatpump
X529-4,320406,Hvac Heat Pump,32.0,,interactive.page.hvacheatpump
X529-2,320407,Hvac Heat Pump,32.0,,interactive.page.hvacheatpump
X529-3,320408,Hvac Heat Pump,32.0,,interactive.page.hvacheatpump
X532-1,320409,Hvac Heat Pump,32.0,,interactive.page.hvacheatpump
X534-1,320410,Hvac Heat Pump,32.0,,interactive.page.hvacheatpump
X534-2,320411,Hvac Heat Pump,32.0,,interactive.page.hvacheatpump
X534-3,320412,Hvac Heat Pump,32.0,,interactive.page.hvacheatpump
X534-4,320413,Hvac Heat Pump,32.0,,interactive.page.hvacheatpump
X504-1,320414,Hvac Heat Pump,32.0,,interactive.page.hvacheatpump
X504-2,320415,Hvac Heat Pump,32.0,,interactive.page.hvacheatpump
X504-3,320416,Hvac Heat Pump,32.0,,interactive.page.hvacheatpump
X504-4,320417,Hvac Heat Pump,32.0,,interactive.page.hvacheatpump
X503-1,320418,Hvac Heat Pump,32.0,,interactive.page.hvacheatpump
X503-2,320419,Hvac Heat Pump,32.0,,interactive.page.hvacheatpump
X503-3,320420,Hvac Heat Pump,32.0,,interactive.page.hvacheatpump
X503-4,320421,Hvac Heat Pump,32.0,,interactive.page.hvacheatpump
X499-4,320422,Hvac Heat Pump,32.0,,interactive.page.hvacheatpump
X499-3,320423,Hvac Heat Pump,32.0,,interactive.page.hvacheatpump
X499-2,320424,Hvac Heat Pump,32.0,,interactive.page.hvacheatpump
X499-1,320425,Hvac Heat Pump,32.0,,interactive.page.hvacheatpump
X502-1,320426,Hvac Heat Pump,32.0,,interactive.page.hvacheatpump
X502-2,320427,Hvac Heat Pump,32.0,,interactive.page.hvacheatpump
X502-3,320428,Hvac Heat Pump,32.0,,interactive.page.hvacheatpump
X502-4,320429,Hvac Heat Pump,32.0,,interactive.page.hvacheatpump
X516-1,320430,Hvac Heat Pump,32.0,,interactive.page.hvacheatpump
X516-2,320431,Hvac Heat Pump,32.0,,interactive.page.hvacheatpump
X500-1,320432,Hvac Heat Pump,32.0,,interactive.page.hvacheatpump
X500-2,320433,Hvac Heat Pump,32.0,,interactive.page.hvacheatpump
X500-3,320434,Hvac Heat Pump,32.0,,interactive.page.hvacheatpump
X500-4,320435,Hvac Heat Pump,32.0,,interactive.page.hvacheatpump
X533-1,320436,Hvac Heat Pump,32.0,,interactive.page.hvacheatpump
X533-2,320437,Hvac Heat Pump,32.0,,interactive.page.hvacheatpump
X533-3,320438,Hvac Heat Pump,32.0,,interactive.page.hvacheatpump
X533-4,320439,Hvac Heat Pump,32.0,,interactive.page.hvacheatpump
X505-1,320440,Hvac Heat Pump,32.0,,interactive.page.hvacheatpump
X505-2,320441,Hvac Heat Pump,32.0,,interactive.page.hvacheatpump
X505-3,320442,Hvac Heat Pump,32.0,,interactive.page.hvacheatpump
X505-4,320443,Hvac Heat Pump,32.0,,interactive.page.hvacheatpump
X513-4,320444,Hvac Heat Pump,32.0,,interactive.page.hvacheatpump
X513-3,320445,Hvac Heat Pump,32.0,,interactive.page.hvacheatpump
X513-2,320446,Hvac Heat Pump,32.0,,interactive.page.hvacheatpump
X513-1,320447,Hvac Heat Pump,32.0,,interactive.page.hvacheatpump
X021-B4,320448,Hvac Heat Pump,32.0,,interactive.page.hvacheatpump
X021-C4,320449,Hvac Heat Pump,32.0,,interactive.page.hvacheatpump
X021-A4,320450,Hvac Heat Pump,32.0,,interactive.page.hvacheatpump
X021-D4,320451,Hvac Heat Pump,32.0,,interactive.page.hvacheatpump
X021-B2,320452,Hvac Heat Pump,32.0,,interactive.page.hvacheatpump
X021-C2,320453,Hvac Heat Pump,32.0,,interactive.page.hvacheatpump
X021-A2,320454,Hvac Heat Pump,32.0,,interactive.page.hvacheatpump
X021-D2,320455,Hvac Heat Pump,32.0,,interactive.page.hvacheatpump
X021-B3,320456,Hvac Heat Pump,32.0,,interactive.page.hvacheatpump
X021-C3,320457,Hvac Heat Pump,32.0,,interactive.page.hvacheatpump
X021-A3,320458,Hvac Heat Pump,32.0,,interactive.page.hvacheatpump
X021-D3,320459,Hvac Heat Pump,32.0,,interactive.page.hvacheatpump
X021-B1,320460,Hvac Heat Pump,32.0,,interactive.page.hvacheatpump
X021-C1,320461,Hvac Heat Pump,32.0,,interactive.page.hvacheatpump
X021-A1,320462,Hvac Heat Pump,32.0,,interactive.page.hvacheatpump
X021-D1,320463,Hvac Heat Pump,32.0,,interactive.page.hvacheatpump
X021-F4,320464,Hvac Heat Pump,32.0,,interactive.page.hvacheatpump
X021-G4,320465,Hvac Heat Pump,32.0,,interactive.page.hvacheatpump
X021-E4,320466,Hvac Heat Pump,32.0,,interactive.page.hvacheatpump
X021-H4,320467,Hvac Heat Pump,32.0,,interactive.page.hvacheatpump
X021-K4,320468,Hvac Heat Pump,32.0,,interactive.page.hvacheatpump
X021-L4,320469,Hvac Heat Pump,32.0,,interactive.page.hvacheatpump
X021-J4,320470,Hvac Heat Pump,32.0,,interactive.page.hvacheatpump
X021-M4,320471,Hvac Heat Pump,32.0,,interactive.page.hvacheatpump
X021-N3,320472,Hvac Heat Pump,32.0,,interactive.page.hvacheatpump
X021-O3,320473,Hvac Heat Pump,32.0,,interactive.page.hvacheatpump
X021-K3,320474,Hvac Heat Pump,32.0,,interactive.page.hvacheatpump
X021-J3,320475,Hvac Heat Pump,32.0,,interactive.page.hvacheatpump
X021-K2,320476,Hvac Heat Pump,32.0,,interactive.page.hvacheatpump
X021-H2,320477,Hvac Heat Pump,32.0,,interactive.page.hvacheatpump
X021-G2,320478,Hvac Heat Pump,32.0,,interactive.page.hvacheatpump
X021-J2,320479,Hvac Heat Pump,32.0,,interactive.page.hvacheatpump
X021-O1,320480,Hvac Heat Pump,32.0,,interactive.page.hvacheatpump
X021-M2,320481,Hvac Heat Pump,32.0,,interactive.page.hvacheatpump
X021-L2,320482,Hvac Heat Pump,32.0,,interactive.page.hvacheatpump
X021-N1,320483,Hvac Heat Pump,32.0,,interactive.page.hvacheatpump
X021-K1,320484,Hvac Heat Pump,32.0,,interactive.page.hvacheatpump
X021-F3,320485,Hvac Heat Pump,32.0,,interactive.page.hvacheatpump
X021-E2,320486,Hvac Heat Pump,32.0,,interactive.page.hvacheatpump
X021-J1,320487,Hvac Heat Pump,32.0,,interactive.page.hvacheatpump
X021-L1,320488,Hvac Heat Pump,32.0,,interactive.page.hvacheatpump
X021-M1,320489,Hvac Heat Pump,32.0,,interactive.page.hvacheatpump
X021-L3,320490,Hvac Heat Pump,32.0,,interactive.page.hvacheatpump
X021-M3,320491,Hvac Heat Pump,32.0,,interactive.page.hvacheatpump
X021-G3,320492,Hvac Heat Pump,32.0,,interactive.page.hvacheatpump
X021-N4,320493,Hvac Heat Pump,32.0,,interactive.page.hvacheatpump
X021-O4,320494,Hvac Heat Pump,32.0,,interactive.page.hvacheatpump
X021-F2,320495,Hvac Heat Pump,32.0,,interactive.page.hvacheatpump
X021-E1,320496,Hvac Heat Pump,32.0,,interactive.page.hvacheatpump
X021-F1,320497,Hvac Heat Pump,32.0,,interactive.page.hvacheatpump
X021-G1,320498,Hvac Heat Pump,32.0,,interactive.page.hvacheatpump
X021-H1,320499,Hvac Heat Pump,32.0,,interactive.page.hvacheatpump
X021-Q1,320500,Hvac Heat Pump,32.0,,interactive.page.hvacheatpump
X021-Q2,320501,Hvac Heat Pump,32.0,,interactive.page.hvacheatpump
X021-Q3,320502,Hvac Heat Pump,32.0,,interactive.page.hvacheatpump
X021-P1,320503,Hvac Heat Pump,32.0,,interactive.page.hvacheatpump
X021-P2,320504,Hvac Heat Pump,32.0,,interactive.page.hvacheatpump
X021-P3,320505,Hvac Heat Pump,32.0,,interactive.page.hvacheatpump
X021-P4,320506,Hvac Heat Pump,32.0,,interactive.page.hvacheatpump
X021-Q4,320507,Hvac Heat Pump,32.0,,interactive.page.hvacheatpump
G011-6,320649,Hvac Heat Pump,32.0,,interactive.page.hvacheatpump
Z2-TH204,330082,Hvac Powertrain,33.0,,interactive.page.hvacpowertrain
Z1-TH204,330083,Hvac Powertrain,33.0,,interactive.page.hvacpowertrain
Z1-TH504,330084,Hvac Powertrain,33.0,,interactive.page.hvacpowertrain
Z2-TH504,330085,Hvac Powertrain,33.0,,interactive.page.hvacpowertrain
Z3-TH204,330086,Hvac Powertrain,33.0,,interactive.page.hvacpowertrain
Z4-TH204,330087,Hvac Powertrain,33.0,,interactive.page.hvacpowertrain
Active Louver,330113,Hvac Powertrain,33.0,interactive.device.activelouver,interactive.page.hvacpowertrain
Ambient Air Temp,330114,Hvac Powertrain,33.0,interactive.device.ambientairtemp,interactive.page.hvacpowertrain
Body Controller Right,330115,Hvac Powertrain,33.0,interactive.device.bodycontrollerright,interactive.page.hvacpowertrain
Condenser Fan,330116,Hvac Powertrain,33.0,interactive.device.condenserfan,interactive.page.hvacpowertrain
Body Controller Front,330117,Hvac Powertrain,33.0,interactive.device.bodycontrollerfront,interactive.page.hvacpowertrain
X506-1,330123,Hvac Powertrain,33.0,,interactive.page.hvacpowertrain
X506-2,330124,Hvac Powertrain,33.0,,interactive.page.hvacpowertrain
X506-3,330125,Hvac Powertrain,33.0,,interactive.page.hvacpowertrain
X506-4,330126,Hvac Powertrain,33.0,,interactive.page.hvacpowertrain
X527-1,330127,Hvac Powertrain,33.0,,interactive.page.hvacpowertrain
X527-2,330128,Hvac Powertrain,33.0,,interactive.page.hvacpowertrain
X057-18,330129,Hvac Powertrain,33.0,,interactive.page.hvacpowertrain
X057-19,330130,Hvac Powertrain,33.0,,interactive.page.hvacpowertrain
X525-1,330131,Hvac Powertrain,33.0,,interactive.page.hvacpowertrain
X525-2,330132,Hvac Powertrain,33.0,,interactive.page.hvacpowertrain
X525-3,330133,Hvac Powertrain,33.0,,interactive.page.hvacpowertrain
X525-4,330134,Hvac Powertrain,33.0,,interactive.page.hvacpowertrain
X010-63,330135,Hvac Powertrain,33.0,,interactive.page.hvacpowertrain
X010-62,330136,Hvac Powertrain,33.0,,interactive.page.hvacpowertrain
X010-61,330137,Hvac Powertrain,33.0,,interactive.page.hvacpowertrain
X010-47,330138,Hvac Powertrain,33.0,,interactive.page.hvacpowertrain
X011-2,330139,Hvac Powertrain,33.0,,interactive.page.hvacpowertrain
X011-5,330140,Hvac Powertrain,33.0,,interactive.page.hvacpowertrain
X011-1,330141,Hvac Powertrain,33.0,,interactive.page.hvacpowertrain
X011-4,330142,Hvac Powertrain,33.0,,interactive.page.hvacpowertrain
TH201-B,330143,Hvac Powertrain,33.0,,interactive.page.hvacpowertrain
TH201-B,330144,Hvac Powertrain,33.0,,interactive.page.hvacpowertrain
TH501-A,330145,Hvac Powertrain,33.0,,interactive.page.hvacpowertrain
TH501-A,330146,Hvac Powertrain,33.0,,interactive.page.hvacpowertrain
TH201-A,330147,Hvac Powertrain,33.0,,interactive.page.hvacpowertrain
TH201-A,330148,Hvac Powertrain,33.0,,interactive.page.hvacpowertrain
X905F-10,330209,Hvac Powertrain,33.0,,interactive.page.hvacpowertrain
X905M-9,330210,Hvac Powertrain,33.0,,interactive.page.hvacpowertrain
X905F-9,330211,Hvac Powertrain,33.0,,interactive.page.hvacpowertrain
X906M-1,330212,Hvac Powertrain,33.0,,interactive.page.hvacpowertrain
X906M-3,330213,Hvac Powertrain,33.0,,interactive.page.hvacpowertrain
X906M-4,330214,Hvac Powertrain,33.0,,interactive.page.hvacpowertrain
X906M-2,330215,Hvac Powertrain,33.0,,interactive.page.hvacpowertrain
X906F-1,330216,Hvac Powertrain,33.0,,interactive.page.hvacpowertrain
X906F-4,330217,Hvac Powertrain,33.0,,interactive.page.hvacpowertrain
X906F-3,330218,Hvac Powertrain,33.0,,interactive.page.hvacpowertrain
X906F-2,330219,Hvac Powertrain,33.0,,interactive.page.hvacpowertrain
X905M-10,330220,Hvac Powertrain,33.0,,interactive.page.hvacpowertrain
Z1-IPG01,340156,Instrument Panel,34.0,,interactive.page.instrumentpanel
Ambient Light - IP LH,340214,Instrument Panel,34.0,interactive.device.ambientlightiplh,interactive.page.instrumentpanel
Body Controller Right,340215,Instrument Panel,34.0,interactive.device.bodycontrollerright,interactive.page.instrumentpanel
Electronic Toll Collection - Japan,340216,Instrument Panel,34.0,interactive.device.electronictollcollectionjapan,interactive.page.instrumentpanel
Glove Box - LED,340217,Instrument Panel,34.0,interactive.device.gloveboxled,interactive.page.instrumentpanel
Electronic Toll Colletion - China,340218,Instrument Panel,34.0,interactive.device.electronictollcolletionchina,interactive.page.instrumentpanel
Footwell LED Front Right,340219,Instrument Panel,34.0,interactive.device.footwellledfrontright,interactive.page.instrumentpanel
Ambient Light - IP RH,340220,Instrument Panel,34.0,interactive.device.ambientlightiprh,interactive.page.instrumentpanel
Glove Box - Magnetic Latches,340221,Instrument Panel,34.0,interactive.device.gloveboxmagneticlatches,interactive.page.instrumentpanel
Footwell LED Front Left,340222,Instrument Panel,34.0,interactive.device.footwellledfrontleft,interactive.page.instrumentpanel
Body Controller Left,340223,Instrument Panel,34.0,interactive.device.bodycontrollerleft,interactive.page.instrumentpanel
Restraints Controller,340224,Instrument Panel,34.0,interactive.device.restraintscontroller,interactive.page.instrumentpanel
Steering Column Control Module (SCCM),340225,Instrument Panel,34.0,interactive.device.steeringcolumncontrolmodulesccm,interactive.page.instrumentpanel
X283-1,340238,Instrument Panel,34.0,,interactive.page.instrumentpanel
X283-4,340239,Instrument Panel,34.0,,interactive.page.instrumentpanel
X283-3,340240,Instrument Panel,34.0,,interactive.page.instrumentpanel
X283-2,340241,Instrument Panel,34.0,,interactive.page.instrumentpanel
X055-33,340242,Instrument Panel,34.0,,interactive.page.instrumentpanel
X055-32,340243,Instrument Panel,34.0,,interactive.page.instrumentpanel
X055-12,340244,Instrument Panel,34.0,,interactive.page.instrumentpanel
X055-17,340245,Instrument Panel,34.0,,interactive.page.instrumentpanel
X055-23,340246,Instrument Panel,34.0,,interactive.page.instrumentpanel
X055-15,340247,Instrument Panel,34.0,,interactive.page.instrumentpanel
X695-1,340248,Instrument Panel,34.0,,interactive.page.instrumentpanel
X695-2,340249,Instrument Panel,34.0,,interactive.page.instrumentpanel
X695-3,340250,Instrument Panel,34.0,,interactive.page.instrumentpanel
X188-1,340251,Instrument Panel,34.0,,interactive.page.instrumentpanel
X188-2,340252,Instrument Panel,34.0,,interactive.page.instrumentpanel
X697-3,340253,Instrument Panel,34.0,,interactive.page.instrumentpanel
X697-4,340254,Instrument Panel,34.0,,interactive.page.instrumentpanel
X697-5,340255,Instrument Panel,34.0,,interactive.page.instrumentpanel
X697-7,340256,Instrument Panel,34.0,,interactive.page.instrumentpanel
X281-1,340257,Instrument Panel,34.0,,interactive.page.instrumentpanel
X281-2,340258,Instrument Panel,34.0,,interactive.page.instrumentpanel
X284-1,340259,Instrument Panel,34.0,,interactive.page.instrumentpanel
X284-4,340260,Instrument Panel,34.0,,interactive.page.instrumentpanel
X284-3,340261,Instrument Panel,34.0,,interactive.page.instrumentpanel
X186-1,340262,Instrument Panel,34.0,,interactive.page.instrumentpanel
X186-2,340263,Instrument Panel,34.0,,interactive.page.instrumentpanel
X280-1,340264,Instrument Panel,34.0,,interactive.page.instrumentpanel
X280-2,340265,Instrument Panel,34.0,,interactive.page.instrumentpanel
X035-43,340266,Instrument Panel,34.0,,interactive.page.instrumentpanel
X035-20,340267,Instrument Panel,34.0,,interactive.page.instrumentpanel
X035-41,340268,Instrument Panel,34.0,,interactive.page.instrumentpanel
X035-44,340269,Instrument Panel,34.0,,interactive.page.instrumentpanel
X035-5,340270,Instrument Panel,34.0,,interactive.page.instrumentpanel
X035-14,340271,Instrument Panel,34.0,,interactive.page.instrumentpanel
X035-37,340272,Instrument Panel,34.0,,interactive.page.instrumentpanel
X035-45,340273,Instrument Panel,34.0,,interactive.page.instrumentpanel
X035-33,340274,Instrument Panel,34.0,,interactive.page.instrumentpanel
X035-34,340275,Instrument Panel,34.0,,interactive.page.instrumentpanel
X035-28,340276,Instrument Panel,34.0,,interactive.page.instrumentpanel
X035-29,340277,Instrument Panel,34.0,,interactive.page.instrumentpanel
X200-27,340278,Instrument Panel,34.0,,interactive.page.instrumentpanel
X200-40,340279,Instrument Panel,34.0,,interactive.page.instrumentpanel
X201-55,340280,Instrument Panel,34.0,,interactive.page.instrumentpanel
X180-7,340281,Instrument Panel,34.0,,interactive.page.instrumentpanel
X180-1,340282,Instrument Panel,34.0,,interactive.page.instrumentpanel
X180-14,340283,Instrument Panel,34.0,,interactive.page.instrumentpanel
X180-4,340284,Instrument Panel,34.0,,interactive.page.instrumentpanel
X180-6,340285,Instrument Panel,34.0,,interactive.page.instrumentpanel
G031-13,340365,Instrument Panel,34.0,,interactive.page.instrumentpanel
X990M-6,340402,Instrument Panel,34.0,,interactive.page.instrumentpanel
X990F-6,340403,Instrument Panel,34.0,,interactive.page.instrumentpanel
X990M-7,340404,Instrument Panel,34.0,,interactive.page.instrumentpanel
X990F-7,340405,Instrument Panel,34.0,,interactive.page.instrumentpanel
X990M-14,340406,Instrument Panel,34.0,,interactive.page.instrumentpanel
X990F-14,340407,Instrument Panel,34.0,,interactive.page.instrumentpanel
X990M-13,340408,Instrument Panel,34.0,,interactive.page.instrumentpanel
X990F-13,340409,Instrument Panel,34.0,,interactive.page.instrumentpanel
Liftgate External Switch & BUC,350216,Liftgate Actuators Sensors,35.0,interactive.device.liftgateexternalswitchbuc,interactive.page.liftgateactuatorssensors
Liftgate Cinching Latch,350217,Liftgate Actuators Sensors,35.0,interactive.device.liftgatecinchinglatch,interactive.page.liftgateactuatorssensors
Liftgate Power Strut RH,350218,Liftgate Actuators Sensors,35.0,interactive.device.liftgatepowerstrutrh,interactive.page.liftgateactuatorssensors
Liftgate Power Strut LH,350219,Liftgate Actuators Sensors,35.0,interactive.device.liftgatepowerstrutlh,interactive.page.liftgateactuatorssensors
Glass Heater - Rear Defrost,350220,Liftgate Actuators Sensors,35.0,interactive.device.glassheaterreardefrost,interactive.page.liftgateactuatorssensors
Liftgate Internal Close Switch,350221,Liftgate Actuators Sensors,35.0,interactive.device.liftgateinternalcloseswitch,interactive.page.liftgateactuatorssensors
Trunk Internal Illumination Left,350222,Liftgate Actuators Sensors,35.0,interactive.device.trunkinternalilluminationleft,interactive.page.liftgateactuatorssensors
Body Controller Right,350223,Liftgate Actuators Sensors,35.0,interactive.device.bodycontrollerright,interactive.page.liftgateactuatorssensors
Trunk Internal Illumination Right,350224,Liftgate Actuators Sensors,35.0,interactive.device.trunkinternalilluminationright,interactive.page.liftgateactuatorssensors
Body Controller Left,350225,Liftgate Actuators Sensors,35.0,interactive.device.bodycontrollerleft,interactive.page.liftgateactuatorssensors
Body Controller Front,350226,Liftgate Actuators Sensors,35.0,interactive.device.bodycontrollerfront,interactive.page.liftgateactuatorssensors
X347-1,350238,Liftgate Actuators Sensors,35.0,,interactive.page.liftgateactuatorssensors
X347-2,350239,Liftgate Actuators Sensors,35.0,,interactive.page.liftgateactuatorssensors
X340-5,350240,Liftgate Actuators Sensors,35.0,,interactive.page.liftgateactuatorssensors
X340-4,350241,Liftgate Actuators Sensors,35.0,,interactive.page.liftgateactuatorssensors
X340-1,350242,Liftgate Actuators Sensors,35.0,,interactive.page.liftgateactuatorssensors
X340-2,350243,Liftgate Actuators Sensors,35.0,,interactive.page.liftgateactuatorssensors
X340-6,350244,Liftgate Actuators Sensors,35.0,,interactive.page.liftgateactuatorssensors
X340-3,350245,Liftgate Actuators Sensors,35.0,,interactive.page.liftgateactuatorssensors
X354-1,350246,Liftgate Actuators Sensors,35.0,,interactive.page.liftgateactuatorssensors
X354-2,350247,Liftgate Actuators Sensors,35.0,,interactive.page.liftgateactuatorssensors
X354-3,350248,Liftgate Actuators Sensors,35.0,,interactive.page.liftgateactuatorssensors
X354-4,350249,Liftgate Actuators Sensors,35.0,,interactive.page.liftgateactuatorssensors
X354-5,350250,Liftgate Actuators Sensors,35.0,,interactive.page.liftgateactuatorssensors
X354-8,350251,Liftgate Actuators Sensors,35.0,,interactive.page.liftgateactuatorssensors
X353-1,350252,Liftgate Actuators Sensors,35.0,,interactive.page.liftgateactuatorssensors
X353-2,350253,Liftgate Actuators Sensors,35.0,,interactive.page.liftgateactuatorssensors
X353-3,350254,Liftgate Actuators Sensors,35.0,,interactive.page.liftgateactuatorssensors
X353-4,350255,Liftgate Actuators Sensors,35.0,,interactive.page.liftgateactuatorssensors
X353-5,350256,Liftgate Actuators Sensors,35.0,,interactive.page.liftgateactuatorssensors
X353-8,350257,Liftgate Actuators Sensors,35.0,,interactive.page.liftgateactuatorssensors
X309-1,350258,Liftgate Actuators Sensors,35.0,,interactive.page.liftgateactuatorssensors
X348-1,350259,Liftgate Actuators Sensors,35.0,,interactive.page.liftgateactuatorssensors
X348-2,350260,Liftgate Actuators Sensors,35.0,,interactive.page.liftgateactuatorssensors
X348-3,350261,Liftgate Actuators Sensors,35.0,,interactive.page.liftgateactuatorssensors
X296-1,350262,Liftgate Actuators Sensors,35.0,,interactive.page.liftgateactuatorssensors
X296-2,350263,Liftgate Actuators Sensors,35.0,,interactive.page.liftgateactuatorssensors
X059-23,350264,Liftgate Actuators Sensors,35.0,,interactive.page.liftgateactuatorssensors
X059-22,350265,Liftgate Actuators Sensors,35.0,,interactive.page.liftgateactuatorssensors
X059-21,350266,Liftgate Actuators Sensors,35.0,,interactive.page.liftgateactuatorssensors
X059-20,350267,Liftgate Actuators Sensors,35.0,,interactive.page.liftgateactuatorssensors
X060-2,350268,Liftgate Actuators Sensors,35.0,,interactive.page.liftgateactuatorssensors
X059-1,350269,Liftgate Actuators Sensors,35.0,,interactive.page.liftgateactuatorssensors
X059-2,350270,Liftgate Actuators Sensors,35.0,,interactive.page.liftgateactuatorssensors
X059-16,350271,Liftgate Actuators Sensors,35.0,,interactive.page.liftgateactuatorssensors
X059-17,350272,Liftgate Actuators Sensors,35.0,,interactive.page.liftgateactuatorssensors
X057-6,350273,Liftgate Actuators Sensors,35.0,,interactive.page.liftgateactuatorssensors
X059-18,350274,Liftgate Actuators Sensors,35.0,,interactive.page.liftgateactuatorssensors
X050-38,350275,Liftgate Actuators Sensors,35.0,,interactive.page.liftgateactuatorssensors
X050-12,350276,Liftgate Actuators Sensors,35.0,,interactive.page.liftgateactuatorssensors
X050-13,350277,Liftgate Actuators Sensors,35.0,,interactive.page.liftgateactuatorssensors
X050-52,350278,Liftgate Actuators Sensors,35.0,,interactive.page.liftgateactuatorssensors
X050-62,350279,Liftgate Actuators Sensors,35.0,,interactive.page.liftgateactuatorssensors
X050-63,350280,Liftgate Actuators Sensors,35.0,,interactive.page.liftgateactuatorssensors
X297-1,350281,Liftgate Actuators Sensors,35.0,,interactive.page.liftgateactuatorssensors
X297-2,350282,Liftgate Actuators Sensors,35.0,,interactive.page.liftgateactuatorssensors
X039-10,350283,Liftgate Actuators Sensors,35.0,,interactive.page.liftgateactuatorssensors
X039-12,350284,Liftgate Actuators Sensors,35.0,,interactive.page.liftgateactuatorssensors
X031-32,350285,Liftgate Actuators Sensors,35.0,,interactive.page.liftgateactuatorssensors
X031-31,350286,Liftgate Actuators Sensors,35.0,,interactive.page.liftgateactuatorssensors
X039-13,350287,Liftgate Actuators Sensors,35.0,,interactive.page.liftgateactuatorssensors
X031-9,350288,Liftgate Actuators Sensors,35.0,,interactive.page.liftgateactuatorssensors
X039-34,350289,Liftgate Actuators Sensors,35.0,,interactive.page.liftgateactuatorssensors
X010-68,350290,Liftgate Actuators Sensors,35.0,,interactive.page.liftgateactuatorssensors
G045,350369,Liftgate Actuators Sensors,35.0,,interactive.page.liftgateactuatorssensors
G041-8,350380,Liftgate Actuators Sensors,35.0,,interactive.page.liftgateactuatorssensors
G042-9,350381,Liftgate Actuators Sensors,35.0,,interactive.page.liftgateactuatorssensors
X954M-20,350427,Liftgate Actuators Sensors,35.0,,interactive.page.liftgateactuatorssensors
X954F-20,350428,Liftgate Actuators Sensors,35.0,,interactive.page.liftgateactuatorssensors
X954M-11,350429,Liftgate Actuators Sensors,35.0,,interactive.page.liftgateactuatorssensors
X954F-11,350430,Liftgate Actuators Sensors,35.0,,interactive.page.liftgateactuatorssensors
X954M-5,350431,Liftgate Actuators Sensors,35.0,,interactive.page.liftgateactuatorssensors
X954F-5,350432,Liftgate Actuators Sensors,35.0,,interactive.page.liftgateactuatorssensors
X954M-4,350433,Liftgate Actuators Sensors,35.0,,interactive.page.liftgateactuatorssensors
X954F-4,350434,Liftgate Actuators Sensors,35.0,,interactive.page.liftgateactuatorssensors
X954M-18,350435,Liftgate Actuators Sensors,35.0,,interactive.page.liftgateactuatorssensors
X954F-18,350436,Liftgate Actuators Sensors,35.0,,interactive.page.liftgateactuatorssensors
X954M-19,350437,Liftgate Actuators Sensors,35.0,,interactive.page.liftgateactuatorssensors
X954F-19,350438,Liftgate Actuators Sensors,35.0,,interactive.page.liftgateactuatorssensors
X954M-17,350439,Liftgate Actuators Sensors,35.0,,interactive.page.liftgateactuatorssensors
X954F-17,350440,Liftgate Actuators Sensors,35.0,,interactive.page.liftgateactuatorssensors
X954M-16,350441,Liftgate Actuators Sensors,35.0,,interactive.page.liftgateactuatorssensors
X954F-16,350442,Liftgate Actuators Sensors,35.0,,interactive.page.liftgateactuatorssensors
Z1-EXL92,360233,Lights Exterior,36.0,,interactive.page.lightsexterior
License Plate Light Left,360324,Lights Exterior,36.0,interactive.device.licenseplatelightleft,interactive.page.lightsexterior
License Plate Light Right,360325,Lights Exterior,36.0,interactive.device.licenseplatelightright,interactive.page.lightsexterior
Rear Fascia Lamp RH,360326,Lights Exterior,36.0,interactive.device.rearfascialamprh,interactive.page.lightsexterior
Rear Fascia Lamp LH,360327,Lights Exterior,36.0,interactive.device.rearfascialamplh,interactive.page.lightsexterior
Liftgate Lamp LH,360328,Lights Exterior,36.0,interactive.device.liftgatelamplh,interactive.page.lightsexterior
CHMSL,360329,Lights Exterior,36.0,,interactive.page.lightsexterior
Liftgate Lamp RH,360330,Lights Exterior,36.0,interactive.device.liftgatelamprh,interactive.page.lightsexterior
Body Controller Right,360331,Lights Exterior,36.0,interactive.device.bodycontrollerright,interactive.page.lightsexterior
Body Controller Left,360332,Lights Exterior,36.0,interactive.device.bodycontrollerleft,interactive.page.lightsexterior
Body Controller Front,360333,Lights Exterior,36.0,interactive.device.bodycontrollerfront,interactive.page.lightsexterior
Side Repeater Right,360334,Lights Exterior,36.0,interactive.device.siderepeaterright,interactive.page.lightsexterior
Headlight Right,360335,Lights Exterior,36.0,interactive.device.headlightright,interactive.page.lightsexterior
Headlight Left,360336,Lights Exterior,36.0,interactive.device.headlightleft,interactive.page.lightsexterior
Side Repeater Left,360337,Lights Exterior,36.0,interactive.device.siderepeaterleft,interactive.page.lightsexterior
X279-1,360352,Lights Exterior,36.0,,interactive.page.lightsexterior
X279-2,360353,Lights Exterior,36.0,,interactive.page.lightsexterior
X278-2,360354,Lights Exterior,36.0,,interactive.page.lightsexterior
X278-1,360355,Lights Exterior,36.0,,interactive.page.lightsexterior
X265-1,360356,Lights Exterior,36.0,,interactive.page.lightsexterior
X265-2,360357,Lights Exterior,36.0,,interactive.page.lightsexterior
X265-3,360358,Lights Exterior,36.0,,interactive.page.lightsexterior
X265-4,360359,Lights Exterior,36.0,,interactive.page.lightsexterior
X265-5,360360,Lights Exterior,36.0,,interactive.page.lightsexterior
X265-6,360361,Lights Exterior,36.0,,interactive.page.lightsexterior
X265-7,360362,Lights Exterior,36.0,,interactive.page.lightsexterior
X265-8,360363,Lights Exterior,36.0,,interactive.page.lightsexterior
X264-1,360364,Lights Exterior,36.0,,interactive.page.lightsexterior
X264-2,360365,Lights Exterior,36.0,,interactive.page.lightsexterior
X264-3,360366,Lights Exterior,36.0,,interactive.page.lightsexterior
X264-4,360367,Lights Exterior,36.0,,interactive.page.lightsexterior
X264-5,360368,Lights Exterior,36.0,,interactive.page.lightsexterior
X264-6,360369,Lights Exterior,36.0,,interactive.page.lightsexterior
X264-8,360370,Lights Exterior,36.0,,interactive.page.lightsexterior
X271-3,360371,Lights Exterior,36.0,,interactive.page.lightsexterior
X271-2,360372,Lights Exterior,36.0,,interactive.page.lightsexterior
X271-1,360373,Lights Exterior,36.0,,interactive.page.lightsexterior
X271-4,360374,Lights Exterior,36.0,,interactive.page.lightsexterior
X274-1,360375,Lights Exterior,36.0,,interactive.page.lightsexterior
X274-2,360376,Lights Exterior,36.0,,interactive.page.lightsexterior
X273-1,360377,Lights Exterior,36.0,,interactive.page.lightsexterior
X273-2,360378,Lights Exterior,36.0,,interactive.page.lightsexterior
X273-3,360379,Lights Exterior,36.0,,interactive.page.lightsexterior
X273-4,360380,Lights Exterior,36.0,,interactive.page.lightsexterior
X051-38,360381,Lights Exterior,36.0,,interactive.page.lightsexterior
X059-24,360382,Lights Exterior,36.0,,interactive.page.lightsexterior
X059-25,360383,Lights Exterior,36.0,,interactive.page.lightsexterior
X051-9,360384,Lights Exterior,36.0,,interactive.page.lightsexterior
X051-24,360385,Lights Exterior,36.0,,interactive.page.lightsexterior
X051-41,360386,Lights Exterior,36.0,,interactive.page.lightsexterior
X051-39,360387,Lights Exterior,36.0,,interactive.page.lightsexterior
X050-47,360388,Lights Exterior,36.0,,interactive.page.lightsexterior
X050-36,360389,Lights Exterior,36.0,,interactive.page.lightsexterior
X050-37,360390,Lights Exterior,36.0,,interactive.page.lightsexterior
X050-32,360391,Lights Exterior,36.0,,interactive.page.lightsexterior
X050-23,360392,Lights Exterior,36.0,,interactive.page.lightsexterior
X031-11,360393,Lights Exterior,36.0,,interactive.page.lightsexterior
X031-12,360394,Lights Exterior,36.0,,interactive.page.lightsexterior
X031-10,360395,Lights Exterior,36.0,,interactive.page.lightsexterior
X010-11,360396,Lights Exterior,36.0,,interactive.page.lightsexterior
X010-10,360397,Lights Exterior,36.0,,interactive.page.lightsexterior
X010-77,360398,Lights Exterior,36.0,,interactive.page.lightsexterior
X010-72,360399,Lights Exterior,36.0,,interactive.page.lightsexterior
X010-78,360400,Lights Exterior,36.0,,interactive.page.lightsexterior
X010-75,360401,Lights Exterior,36.0,,interactive.page.lightsexterior
X269-1,360402,Lights Exterior,36.0,,interactive.page.lightsexterior
X269-2,360403,Lights Exterior,36.0,,interactive.page.lightsexterior
X261-1,360404,Lights Exterior,36.0,,interactive.page.lightsexterior
X261-2,360405,Lights Exterior,36.0,,interactive.page.lightsexterior
X261-3,360406,Lights Exterior,36.0,,interactive.page.lightsexterior
X260-1,360407,Lights Exterior,36.0,,interactive.page.lightsexterior
X260-2,360408,Lights Exterior,36.0,,interactive.page.lightsexterior
X260-3,360409,Lights Exterior,36.0,,interactive.page.lightsexterior
X268-1,360410,Lights Exterior,36.0,,interactive.page.lightsexterior
X268-2,360411,Lights Exterior,36.0,,interactive.page.lightsexterior
G045,360536,Lights Exterior,36.0,,interactive.page.lightsexterior
G045,360537,Lights Exterior,36.0,,interactive.page.lightsexterior
G042-11,360540,Lights Exterior,36.0,,interactive.page.lightsexterior
G042-15,360541,Lights Exterior,36.0,,interactive.page.lightsexterior
G042-7,360542,Lights Exterior,36.0,,interactive.page.lightsexterior
G011-2,360543,Lights Exterior,36.0,,interactive.page.lightsexterior
G011-3,360544,Lights Exterior,36.0,,interactive.page.lightsexterior
G012-3,360545,Lights Exterior,36.0,,interactive.page.lightsexterior
G012-2,360546,Lights Exterior,36.0,,interactive.page.lightsexterior
X954M-13,360628,Lights Exterior,36.0,,interactive.page.lightsexterior
X954F-13,360629,Lights Exterior,36.0,,interactive.page.lightsexterior
X954M-12,360630,Lights Exterior,36.0,,interactive.page.lightsexterior
X954F-12,360631,Lights Exterior,36.0,,interactive.page.lightsexterior
X954M-1,360632,Lights Exterior,36.0,,interactive.page.lightsexterior
X954F-1,360633,Lights Exterior,36.0,,interactive.page.lightsexterior
X970M-6,360634,Lights Exterior,36.0,,interactive.page.lightsexterior
X970F-6,360635,Lights Exterior,36.0,,interactive.page.lightsexterior
X954M-3,360636,Lights Exterior,36.0,,interactive.page.lightsexterior
X954F-3,360637,Lights Exterior,36.0,,interactive.page.lightsexterior
X954M-15,360638,Lights Exterior,36.0,,interactive.page.lightsexterior
X954F-15,360639,Lights Exterior,36.0,,interactive.page.lightsexterior
X954M-14,360640,Lights Exterior,36.0,,interactive.page.lightsexterior
X954F-14,360641,Lights Exterior,36.0,,interactive.page.lightsexterior
X949M-1,360642,Lights Exterior,36.0,,interactive.page.lightsexterior
X949F-1,360643,Lights Exterior,36.0,,interactive.page.lightsexterior
X949M-5,360644,Lights Exterior,36.0,,interactive.page.lightsexterior
X949F-5,360645,Lights Exterior,36.0,,interactive.page.lightsexterior
X954M-7,360646,Lights Exterior,36.0,,interactive.page.lightsexterior
X954F-7,360647,Lights Exterior,36.0,,interactive.page.lightsexterior
X949M-4,360648,Lights Exterior,36.0,,interactive.page.lightsexterior
X949F-4,360649,Lights Exterior,36.0,,interactive.page.lightsexterior
X949M-3,360650,Lights Exterior,36.0,,interactive.page.lightsexterior
X949F-3,360651,Lights Exterior,36.0,,interactive.page.lightsexterior
X949M-10,360652,Lights Exterior,36.0,,interactive.page.lightsexterior
X949F-10,360653,Lights Exterior,36.0,,interactive.page.lightsexterior
X949M-9,360654,Lights Exterior,36.0,,interactive.page.lightsexterior
X949F-9,360655,Lights Exterior,36.0,,interactive.page.lightsexterior
X949M-2,360656,Lights Exterior,36.0,,interactive.page.lightsexterior
X949F-2,360657,Lights Exterior,36.0,,interactive.page.lightsexterior
X935F-31,360658,Lights Exterior,36.0,,interactive.page.lightsexterior
X935F-15,360659,Lights Exterior,36.0,,interactive.page.lightsexterior
X935M-14,360660,Lights Exterior,36.0,,interactive.page.lightsexterior
X935M-31,360661,Lights Exterior,36.0,,interactive.page.lightsexterior
X935F-14,360662,Lights Exterior,36.0,,interactive.page.lightsexterior
X935M-15,360663,Lights Exterior,36.0,,interactive.page.lightsexterior
X949M-7,360664,Lights Exterior,36.0,,interactive.page.lightsexterior
X949F-7,360665,Lights Exterior,36.0,,interactive.page.lightsexterior
X970M-7,360666,Lights Exterior,36.0,,interactive.page.lightsexterior
X970F-7,360667,Lights Exterior,36.0,,interactive.page.lightsexterior
X949M-11,360668,Lights Exterior,36.0,,interactive.page.lightsexterior
X949F-11,360669,Lights Exterior,36.0,,interactive.page.lightsexterior
Homelink ECU,370228,Lin,37.0,interactive.device.homelinkecu,
Rear Maplight Left,370229,Lin,37.0,interactive.device.rearmaplightleft,
Rear Maplight Right,370230,Lin,37.0,interactive.device.rearmaplightright,
Wiper Motor (LHD),370231,Lin,37.0,interactive.device.wipermotorlhd,
Wiper Motor (RHD),370232,Lin,37.0,interactive.device.wipermotorrhd,
Humidity and Glass Temp,370233,Lin,37.0,interactive.device.humidityandglasstemp,
Occupant Classification System (OCS),370234,Lin,37.0,interactive.device.occupantclassificationsystemocs,
Lumbar Front Right,370235,Lin,37.0,interactive.device.lumbarfrontright,
Ambient Light - Rear Right Door,370236,Lin,37.0,interactive.device.ambientlightrearrightdoor,
Ambient Light - Front Right Door,370237,Lin,37.0,interactive.device.ambientlightfrontrightdoor,
Body Controller Right,370238,Lin,37.0,interactive.device.bodycontrollerright,
Inductive Charger,370239,Lin,37.0,interactive.device.inductivecharger,
Ambient Light - Rear Left Door,370240,Lin,37.0,interactive.device.ambientlightrearleftdoor,
Front Overhead Module,370241,Lin,37.0,interactive.device.frontoverheadmodule,
Center Console Controller,370242,Lin,37.0,interactive.device.centerconsolecontroller,
Ambient Light - Front Left Door,370243,Lin,37.0,interactive.device.ambientlightfrontleftdoor,
Ambient Light - IP LH,370244,Lin,37.0,interactive.device.ambientlightiplh,
Lumbar Front Left,370245,Lin,37.0,interactive.device.lumbarfrontleft,
Trailer Light Controller,370246,Lin,37.0,interactive.device.trailerlightcontroller,
Ambient Light - IP RH,370247,Lin,37.0,interactive.device.ambientlightiprh,
Body Controller Left,370248,Lin,37.0,interactive.device.bodycontrollerleft,
Body Controller Front,370249,Lin,37.0,interactive.device.bodycontrollerfront,
Headlight Left,370250,Lin,37.0,interactive.device.headlightleft,
Headlight Right,370251,Lin,37.0,interactive.device.headlightright,
Integrated Lumbar Front Left,370252,Lin,37.0,interactive.device.integratedlumbarfrontleft,
LV Battery,370253,Lin,37.0,interactive.device.lvbattery,
Steering Column Control Module (SCCM),370254,Lin,37.0,interactive.device.steeringcolumncontrolmodulesccm,
X485-3,370282,Lin,37.0,,
X286-2,370283,Lin,37.0,,
X287-2,370284,Lin,37.0,,
X300-1,370285,Lin,37.0,,
X300A-1,370286,Lin,37.0,,
X303-3,370287,Lin,37.0,,
X653-2,370288,Lin,37.0,,
X619R-6,370289,Lin,37.0,,
X464-3,370290,Lin,37.0,,
X408-3,370291,Lin,37.0,,
X051-8,370292,Lin,37.0,,
X051-23,370293,Lin,37.0,,
X052-18,370294,Lin,37.0,,
X052-21,370295,Lin,37.0,,
X053B-17,370296,Lin,37.0,,
X694-2,370297,Lin,37.0,,
X434-3,370298,Lin,37.0,,
X299-5,370299,Lin,37.0,,
X299-7,370300,Lin,37.0,,
X299-9,370301,Lin,37.0,,
X196-16,370302,Lin,37.0,,
X196-17,370303,Lin,37.0,,
X378-3,370304,Lin,37.0,,
X283-2,370305,Lin,37.0,,
X283-3,370306,Lin,37.0,,
X619L-6,370307,Lin,37.0,,
X041-2,370308,Lin,37.0,,
X284-3,370309,Lin,37.0,,
X030A-6,370310,Lin,37.0,,
X030A-7,370311,Lin,37.0,,
X030A-8,370312,Lin,37.0,,
X031-22,370313,Lin,37.0,,
X032-18,370314,Lin,37.0,,
X035-37,370315,Lin,37.0,,
X035-41,370316,Lin,37.0,,
X033A-14,370317,Lin,37.0,,
X010-45,370318,Lin,37.0,,
X010-58,370319,Lin,37.0,,
X010-60,370320,Lin,37.0,,
X010-72,370321,Lin,37.0,,
X010-75,370322,Lin,37.0,,
X260-2,370323,Lin,37.0,,
X261-2,370324,Lin,37.0,,
X620L-2,370325,Lin,37.0,,
X001-7,370326,Lin,37.0,,
X180-14,370327,Lin,37.0,,
X923F-18,370528,Lin,37.0,,
X923M-18,370529,Lin,37.0,,
X927M-18,370530,Lin,37.0,,
X927F-18,370531,Lin,37.0,,
X926F-10,370532,Lin,37.0,,
X926M-10,370533,Lin,37.0,,
X962M-8,370534,Lin,37.0,,
X962F-8,370535,Lin,37.0,,
X922M-18,370536,Lin,37.0,,
X922F-18,370537,Lin,37.0,,
X925F-18,370538,Lin,37.0,,
X930M-8,370539,Lin,37.0,,
X925M-18,370540,Lin,37.0,,
X930F-8,370541,Lin,37.0,,
X924M-10,370542,Lin,37.0,,
X981F-8,370543,Lin,37.0,,
X981M-8,370544,Lin,37.0,,
X924F-10,370545,Lin,37.0,,
X905M-7,370546,Lin,37.0,,
X905F-7,370547,Lin,37.0,,
HV Battery,380146,Power Distribution Main,38.0,interactive.device.hvbattery,interactive.page.powerdistributionmain
Autopilot ECU (LHD),380147,Power Distribution Main,38.0,interactive.device.autopiloteculhd,interactive.page.powerdistributionmain
MCU (LHD),380148,Power Distribution Main,38.0,interactive.device.mculhd,interactive.page.powerdistributionmain
MCU (RHD),380149,Power Distribution Main,38.0,interactive.device.mcurhd,interactive.page.powerdistributionmain
Autopilot ECU (RHD),380150,Power Distribution Main,38.0,interactive.device.autopilotecurhd,interactive.page.powerdistributionmain
DCDC Inline,380151,Power Distribution Main,38.0,interactive.device.dcdcinline,interactive.page.powerdistributionmain
LV Battery,380152,Power Distribution Main,38.0,interactive.device.lvbattery,interactive.page.powerdistributionmain
Body Controller Front,380153,Power Distribution Main,38.0,interactive.device.bodycontrollerfront,interactive.page.powerdistributionmain
Body Controller Left,380154,Power Distribution Main,38.0,interactive.device.bodycontrollerleft,interactive.page.powerdistributionmain
Body Controller Right,380155,Power Distribution Main,38.0,interactive.device.bodycontrollerright,interactive.page.powerdistributionmain
X006-1,380166,Power Distribution Main,38.0,,interactive.page.powerdistributionmain
X120-1,380167,Power Distribution Main,38.0,,interactive.page.powerdistributionmain
X121-1,380168,Power Distribution Main,38.0,,interactive.page.powerdistributionmain
X170-9,380169,Power Distribution Main,38.0,,interactive.page.powerdistributionmain
X170-10,380170,Power Distribution Main,38.0,,interactive.page.powerdistributionmain
X171-12,380171,Power Distribution Main,38.0,,interactive.page.powerdistributionmain
X170A-9,380172,Power Distribution Main,38.0,,interactive.page.powerdistributionmain
X170A-10,380173,Power Distribution Main,38.0,,interactive.page.powerdistributionmain
X171A-12,380174,Power Distribution Main,38.0,,interactive.page.powerdistributionmain
X120A-1,380175,Power Distribution Main,38.0,,interactive.page.powerdistributionmain
X121A-1,380176,Power Distribution Main,38.0,,interactive.page.powerdistributionmain
X004-1,380177,Power Distribution Main,38.0,,interactive.page.powerdistributionmain
X005-1,380178,Power Distribution Main,38.0,,interactive.page.powerdistributionmain
X001-1,380179,Power Distribution Main,38.0,,interactive.page.powerdistributionmain
X001-2,380180,Power Distribution Main,38.0,,interactive.page.powerdistributionmain
X001-5,380181,Power Distribution Main,38.0,,interactive.page.powerdistributionmain
X001-6,380182,Power Distribution Main,38.0,,interactive.page.powerdistributionmain
X001-7,380183,Power Distribution Main,38.0,,interactive.page.powerdistributionmain
X015-1,380184,Power Distribution Main,38.0,,interactive.page.powerdistributionmain
X014-3,380185,Power Distribution Main,38.0,,interactive.page.powerdistributionmain
X014-1,380186,Power Distribution Main,38.0,,interactive.page.powerdistributionmain
X015-3,380187,Power Distribution Main,38.0,,interactive.page.powerdistributionmain
X010-60,380188,Power Distribution Main,38.0,,interactive.page.powerdistributionmain
X022-1,380189,Power Distribution Main,38.0,,interactive.page.powerdistributionmain
X011-6,380190,Power Distribution Main,38.0,,interactive.page.powerdistributionmain
X012-2,380191,Power Distribution Main,38.0,,interactive.page.powerdistributionmain
X010-92,380192,Power Distribution Main,38.0,,interactive.page.powerdistributionmain
X010-93,380193,Power Distribution Main,38.0,,interactive.page.powerdistributionmain
X010-76,380194,Power Distribution Main,38.0,,interactive.page.powerdistributionmain
X010-66,380195,Power Distribution Main,38.0,,interactive.page.powerdistributionmain
X010-67,380196,Power Distribution Main,38.0,,interactive.page.powerdistributionmain
X036-1,380197,Power Distribution Main,38.0,,interactive.page.powerdistributionmain
X036-2,380198,Power Distribution Main,38.0,,interactive.page.powerdistributionmain
X056-1,380199,Power Distribution Main,38.0,,interactive.page.powerdistributionmain
X056-2,380200,Power Distribution Main,38.0,,interactive.page.powerdistributionmain
G023,380243,Power Distribution Main,38.0,,interactive.page.powerdistributionmain
G024,380244,Power Distribution Main,38.0,,interactive.page.powerdistributionmain
G001,380249,Power Distribution Main,38.0,,interactive.page.powerdistributionmain
X908F-20,380291,Power Distribution Main,38.0,,interactive.page.powerdistributionmain
X908M-20,380292,Power Distribution Main,38.0,,interactive.page.powerdistributionmain
Z1-TH504,390096,Power Distribution Vcfront - 1/2,39.0,,interactive.page.powerdistributionvcfront12
Z2-TH504,390097,Power Distribution Vcfront - 1/2,39.0,,interactive.page.powerdistributionvcfront12
Autopilot ECU (LHD),390145,Power Distribution Vcfront - 1/2,39.0,interactive.device.autopiloteculhd,interactive.page.powerdistributionvcfront12
Autopilot ECU (LHD),390146,Power Distribution Vcfront - 1/2,39.0,interactive.device.autopiloteculhd,interactive.page.powerdistributionvcfront12
Autopilot ECU (RHD),390147,Power Distribution Vcfront - 1/2,39.0,interactive.device.autopilotecurhd,interactive.page.powerdistributionvcfront12
Autopilot ECU (RHD),390148,Power Distribution Vcfront - 1/2,39.0,interactive.device.autopilotecurhd,interactive.page.powerdistributionvcfront12
Condenser Fan,390149,Power Distribution Vcfront - 1/2,39.0,interactive.device.condenserfan,interactive.page.powerdistributionvcfront12
HV Battery,390150,Power Distribution Vcfront - 1/2,39.0,interactive.device.hvbattery,interactive.page.powerdistributionvcfront12
Wiper Motor (LHD),390151,Power Distribution Vcfront - 1/2,39.0,interactive.device.wipermotorlhd,interactive.page.powerdistributionvcfront12
Wiper Motor (RHD),390152,Power Distribution Vcfront - 1/2,39.0,interactive.device.wipermotorrhd,interactive.page.powerdistributionvcfront12
iBooster & DTS (LHD),390153,Power Distribution Vcfront - 1/2,39.0,interactive.device.iboosterdtslhd,interactive.page.powerdistributionvcfront12
iBooster & DTS (RHD),390154,Power Distribution Vcfront - 1/2,39.0,interactive.device.iboosterdtsrhd,interactive.page.powerdistributionvcfront12
HCU/ESP,390155,Power Distribution Vcfront - 1/2,39.0,,interactive.page.powerdistributionvcfront12
Body Controller Right,390156,Power Distribution Vcfront - 1/2,39.0,interactive.device.bodycontrollerright,interactive.page.powerdistributionvcfront12
DCDC Inline,390157,Power Distribution Vcfront - 1/2,39.0,interactive.device.dcdcinline,interactive.page.powerdistributionvcfront12
LV Battery,390158,Power Distribution Vcfront - 1/2,39.0,interactive.device.lvbattery,interactive.page.powerdistributionvcfront12
Body Controller Left,390159,Power Distribution Vcfront - 1/2,39.0,interactive.device.bodycontrollerleft,interactive.page.powerdistributionvcfront12
EPAS (RHD),390160,Power Distribution Vcfront - 1/2,39.0,interactive.device.epasrhd,interactive.page.powerdistributionvcfront12
EPAS (LHD),390161,Power Distribution Vcfront - 1/2,39.0,interactive.device.epaslhd,interactive.page.powerdistributionvcfront12
EPAS (LHD),390162,Power Distribution Vcfront - 1/2,39.0,interactive.device.epaslhd,interactive.page.powerdistributionvcfront12
EPAS (RHD),390163,Power Distribution Vcfront - 1/2,39.0,interactive.device.epasrhd,interactive.page.powerdistributionvcfront12
Body Controller Front,390164,Power Distribution Vcfront - 1/2,39.0,interactive.device.bodycontrollerfront,interactive.page.powerdistributionvcfront12
X121-1,390185,Power Distribution Vcfront - 1/2,39.0,,interactive.page.powerdistributionvcfront12
X120-1,390186,Power Distribution Vcfront - 1/2,39.0,,interactive.page.powerdistributionvcfront12
X121A-1,390187,Power Distribution Vcfront - 1/2,39.0,,interactive.page.powerdistributionvcfront12
X120A-1,390188,Power Distribution Vcfront - 1/2,39.0,,interactive.page.powerdistributionvcfront12
X525-1,390189,Power Distribution Vcfront - 1/2,39.0,,interactive.page.powerdistributionvcfront12
X525-2,390190,Power Distribution Vcfront - 1/2,39.0,,interactive.page.powerdistributionvcfront12
X525-3,390191,Power Distribution Vcfront - 1/2,39.0,,interactive.page.powerdistributionvcfront12
X525-4,390192,Power Distribution Vcfront - 1/2,39.0,,interactive.page.powerdistributionvcfront12
X006-1,390193,Power Distribution Vcfront - 1/2,39.0,,interactive.page.powerdistributionvcfront12
X300-4,390194,Power Distribution Vcfront - 1/2,39.0,,interactive.page.powerdistributionvcfront12
X300A-4,390195,Power Distribution Vcfront - 1/2,39.0,,interactive.page.powerdistributionvcfront12
X150-1,390196,Power Distribution Vcfront - 1/2,39.0,,interactive.page.powerdistributionvcfront12
X150A-1,390197,Power Distribution Vcfront - 1/2,39.0,,interactive.page.powerdistributionvcfront12
X151-1,390198,Power Distribution Vcfront - 1/2,39.0,,interactive.page.powerdistributionvcfront12
X056-1,390199,Power Distribution Vcfront - 1/2,39.0,,interactive.page.powerdistributionvcfront12
X005-1,390200,Power Distribution Vcfront - 1/2,39.0,,interactive.page.powerdistributionvcfront12
X004-1,390201,Power Distribution Vcfront - 1/2,39.0,,interactive.page.powerdistributionvcfront12
X001-1,390202,Power Distribution Vcfront - 1/2,39.0,,interactive.page.powerdistributionvcfront12
X036-1,390203,Power Distribution Vcfront - 1/2,39.0,,interactive.page.powerdistributionvcfront12
X190A-1,390204,Power Distribution Vcfront - 1/2,39.0,,interactive.page.powerdistributionvcfront12
X190-1,390205,Power Distribution Vcfront - 1/2,39.0,,interactive.page.powerdistributionvcfront12
X191-1,390206,Power Distribution Vcfront - 1/2,39.0,,interactive.page.powerdistributionvcfront12
X191A-1,390207,Power Distribution Vcfront - 1/2,39.0,,interactive.page.powerdistributionvcfront12
X015-3,390208,Power Distribution Vcfront - 1/2,39.0,,interactive.page.powerdistributionvcfront12
X015-1,390209,Power Distribution Vcfront - 1/2,39.0,,interactive.page.powerdistributionvcfront12
X015-2,390210,Power Distribution Vcfront - 1/2,39.0,,interactive.page.powerdistributionvcfront12
X014-2,390211,Power Distribution Vcfront - 1/2,39.0,,interactive.page.powerdistributionvcfront12
X014-1,390212,Power Distribution Vcfront - 1/2,39.0,,interactive.page.powerdistributionvcfront12
X014-3,390213,Power Distribution Vcfront - 1/2,39.0,,interactive.page.powerdistributionvcfront12
X012-5,390214,Power Distribution Vcfront - 1/2,39.0,,interactive.page.powerdistributionvcfront12
X012-3,390215,Power Distribution Vcfront - 1/2,39.0,,interactive.page.powerdistributionvcfront12
X011-7,390216,Power Distribution Vcfront - 1/2,39.0,,interactive.page.powerdistributionvcfront12
X011-5,390217,Power Distribution Vcfront - 1/2,39.0,,interactive.page.powerdistributionvcfront12
X011-4,390218,Power Distribution Vcfront - 1/2,39.0,,interactive.page.powerdistributionvcfront12
X011-2,390219,Power Distribution Vcfront - 1/2,39.0,,interactive.page.powerdistributionvcfront12
X011-1,390220,Power Distribution Vcfront - 1/2,39.0,,interactive.page.powerdistributionvcfront12
X012-2,390221,Power Distribution Vcfront - 1/2,39.0,,interactive.page.powerdistributionvcfront12
X011-6,390222,Power Distribution Vcfront - 1/2,39.0,,interactive.page.powerdistributionvcfront12
TH501-A,390223,Power Distribution Vcfront - 1/2,39.0,,interactive.page.powerdistributionvcfront12
TH501-A,390224,Power Distribution Vcfront - 1/2,39.0,,interactive.page.powerdistributionvcfront12
Z1-TH204,400215,Power Distribution Vcfront - 2/2,40.0,,interactive.page.powerdistributionvcfront22
Z2-TH204,400216,Power Distribution Vcfront - 2/2,40.0,,interactive.page.powerdistributionvcfront22
Z4-TH204,400217,Power Distribution Vcfront - 2/2,40.0,,interactive.page.powerdistributionvcfront22
Z3-TH204,400218,Power Distribution Vcfront - 2/2,40.0,,interactive.page.powerdistributionvcfront22
Active Louver,400294,Power Distribution Vcfront - 2/2,40.0,interactive.device.activelouver,interactive.page.powerdistributionvcfront22
Emergency Frunk Release Switch,400295,Power Distribution Vcfront - 2/2,40.0,interactive.device.emergencyfrunkreleaseswitch,interactive.page.powerdistributionvcfront22
Frunk Access Post,400296,Power Distribution Vcfront - 2/2,40.0,interactive.device.frunkaccesspost,interactive.page.powerdistributionvcfront22
Frunk Latch,400297,Power Distribution Vcfront - 2/2,40.0,interactive.device.frunklatch,interactive.page.powerdistributionvcfront22
Homelink ECU,400298,Power Distribution Vcfront - 2/2,40.0,interactive.device.homelinkecu,interactive.page.powerdistributionvcfront22
MCU (RHD),400299,Power Distribution Vcfront - 2/2,40.0,interactive.device.mcurhd,interactive.page.powerdistributionvcfront22
MCU (LHD),400300,Power Distribution Vcfront - 2/2,40.0,interactive.device.mculhd,interactive.page.powerdistributionvcfront22
Glass Heater - Windshield (RHD),400301,Power Distribution Vcfront - 2/2,40.0,interactive.device.glassheaterwindshieldrhd,interactive.page.powerdistributionvcfront22
Washer Pump & Level Sensor,400302,Power Distribution Vcfront - 2/2,40.0,interactive.device.washerpumplevelsensor,interactive.page.powerdistributionvcfront22
Glass Heater - Windshield (LHD),400303,Power Distribution Vcfront - 2/2,40.0,interactive.device.glassheaterwindshieldlhd,interactive.page.powerdistributionvcfront22
Side Repeater Left,400304,Power Distribution Vcfront - 2/2,40.0,interactive.device.siderepeaterleft,interactive.page.powerdistributionvcfront22
Headlight Left,400305,Power Distribution Vcfront - 2/2,40.0,interactive.device.headlightleft,interactive.page.powerdistributionvcfront22
Side Repeater Right,400306,Power Distribution Vcfront - 2/2,40.0,interactive.device.siderepeaterright,interactive.page.powerdistributionvcfront22
Headlight Right,400307,Power Distribution Vcfront - 2/2,40.0,interactive.device.headlightright,interactive.page.powerdistributionvcfront22
iBooster & DTS (LHD),400308,Power Distribution Vcfront - 2/2,40.0,interactive.device.iboosterdtslhd,interactive.page.powerdistributionvcfront22
iBooster & DTS (RHD),400309,Power Distribution Vcfront - 2/2,40.0,interactive.device.iboosterdtsrhd,interactive.page.powerdistributionvcfront22
EPAS (LHD),400310,Power Distribution Vcfront - 2/2,40.0,interactive.device.epaslhd,interactive.page.powerdistributionvcfront22
EPAS (RHD),400311,Power Distribution Vcfront - 2/2,40.0,interactive.device.epasrhd,interactive.page.powerdistributionvcfront22
Drive Unit Oil Pump Front,400312,Power Distribution Vcfront - 2/2,40.0,interactive.device.driveunitoilpumpfront,interactive.page.powerdistributionvcfront22
Drive Inverter Front Logic,400313,Power Distribution Vcfront - 2/2,40.0,interactive.device.driveinverterfrontlogic,interactive.page.powerdistributionvcfront22
Body Controller Front,400314,Power Distribution Vcfront - 2/2,40.0,interactive.device.bodycontrollerfront,interactive.page.powerdistributionvcfront22
X506-4,400336,Power Distribution Vcfront - 2/2,40.0,,interactive.page.powerdistributionvcfront22
X506-3,400337,Power Distribution Vcfront - 2/2,40.0,,interactive.page.powerdistributionvcfront22
X506-2,400338,Power Distribution Vcfront - 2/2,40.0,,interactive.page.powerdistributionvcfront22
X506-1,400339,Power Distribution Vcfront - 2/2,40.0,,interactive.page.powerdistributionvcfront22
X333-3,400340,Power Distribution Vcfront - 2/2,40.0,,interactive.page.powerdistributionvcfront22
X355-1,400341,Power Distribution Vcfront - 2/2,40.0,,interactive.page.powerdistributionvcfront22
X330-2,400342,Power Distribution Vcfront - 2/2,40.0,,interactive.page.powerdistributionvcfront22
X330-1,400343,Power Distribution Vcfront - 2/2,40.0,,interactive.page.powerdistributionvcfront22
X485-1,400344,Power Distribution Vcfront - 2/2,40.0,,interactive.page.powerdistributionvcfront22
X170A-9,400345,Power Distribution Vcfront - 2/2,40.0,,interactive.page.powerdistributionvcfront22
X170A-10,400346,Power Distribution Vcfront - 2/2,40.0,,interactive.page.powerdistributionvcfront22
X171A-12,400347,Power Distribution Vcfront - 2/2,40.0,,interactive.page.powerdistributionvcfront22
X170-9,400348,Power Distribution Vcfront - 2/2,40.0,,interactive.page.powerdistributionvcfront22
X170-10,400349,Power Distribution Vcfront - 2/2,40.0,,interactive.page.powerdistributionvcfront22
X171-12,400350,Power Distribution Vcfront - 2/2,40.0,,interactive.page.powerdistributionvcfront22
X304A-1,400351,Power Distribution Vcfront - 2/2,40.0,,interactive.page.powerdistributionvcfront22
X304A-3,400352,Power Distribution Vcfront - 2/2,40.0,,interactive.page.powerdistributionvcfront22
X301-2,400353,Power Distribution Vcfront - 2/2,40.0,,interactive.page.powerdistributionvcfront22
X301-1,400354,Power Distribution Vcfront - 2/2,40.0,,interactive.page.powerdistributionvcfront22
X304-1,400355,Power Distribution Vcfront - 2/2,40.0,,interactive.page.powerdistributionvcfront22
X304-3,400356,Power Distribution Vcfront - 2/2,40.0,,interactive.page.powerdistributionvcfront22
X268-1,400357,Power Distribution Vcfront - 2/2,40.0,,interactive.page.powerdistributionvcfront22
X260-1,400358,Power Distribution Vcfront - 2/2,40.0,,interactive.page.powerdistributionvcfront22
X269-1,400359,Power Distribution Vcfront - 2/2,40.0,,interactive.page.powerdistributionvcfront22
X261-1,400360,Power Distribution Vcfront - 2/2,40.0,,interactive.page.powerdistributionvcfront22
X150-20,400361,Power Distribution Vcfront - 2/2,40.0,,interactive.page.powerdistributionvcfront22
X150A-20,400362,Power Distribution Vcfront - 2/2,40.0,,interactive.page.powerdistributionvcfront22
X192-1,400363,Power Distribution Vcfront - 2/2,40.0,,interactive.page.powerdistributionvcfront22
X193-1,400364,Power Distribution Vcfront - 2/2,40.0,,interactive.page.powerdistributionvcfront22
X193A-1,400365,Power Distribution Vcfront - 2/2,40.0,,interactive.page.powerdistributionvcfront22
X192A-1,400366,Power Distribution Vcfront - 2/2,40.0,,interactive.page.powerdistributionvcfront22
X095-1,400367,Power Distribution Vcfront - 2/2,40.0,,interactive.page.powerdistributionvcfront22
X093-3,400368,Power Distribution Vcfront - 2/2,40.0,,interactive.page.powerdistributionvcfront22
X010-1,400369,Power Distribution Vcfront - 2/2,40.0,,interactive.page.powerdistributionvcfront22
X010-2,400370,Power Distribution Vcfront - 2/2,40.0,,interactive.page.powerdistributionvcfront22
X010-90,400371,Power Distribution Vcfront - 2/2,40.0,,interactive.page.powerdistributionvcfront22
X010-84,400372,Power Distribution Vcfront - 2/2,40.0,,interactive.page.powerdistributionvcfront22
X010-4,400373,Power Distribution Vcfront - 2/2,40.0,,interactive.page.powerdistributionvcfront22
X010-79,400374,Power Distribution Vcfront - 2/2,40.0,,interactive.page.powerdistributionvcfront22
X010-83,400375,Power Distribution Vcfront - 2/2,40.0,,interactive.page.powerdistributionvcfront22
X010-82,400376,Power Distribution Vcfront - 2/2,40.0,,interactive.page.powerdistributionvcfront22
X010-80,400377,Power Distribution Vcfront - 2/2,40.0,,interactive.page.powerdistributionvcfront22
X010-76,400378,Power Distribution Vcfront - 2/2,40.0,,interactive.page.powerdistributionvcfront22
X010-93,400379,Power Distribution Vcfront - 2/2,40.0,,interactive.page.powerdistributionvcfront22
X010-77,400380,Power Distribution Vcfront - 2/2,40.0,,interactive.page.powerdistributionvcfront22
X010-10,400381,Power Distribution Vcfront - 2/2,40.0,,interactive.page.powerdistributionvcfront22
X010-11,400382,Power Distribution Vcfront - 2/2,40.0,,interactive.page.powerdistributionvcfront22
X010-78,400383,Power Distribution Vcfront - 2/2,40.0,,interactive.page.powerdistributionvcfront22
X010-6,400384,Power Distribution Vcfront - 2/2,40.0,,interactive.page.powerdistributionvcfront22
X010-61,400385,Power Distribution Vcfront - 2/2,40.0,,interactive.page.powerdistributionvcfront22
X010-62,400386,Power Distribution Vcfront - 2/2,40.0,,interactive.page.powerdistributionvcfront22
X010-63,400387,Power Distribution Vcfront - 2/2,40.0,,interactive.page.powerdistributionvcfront22
X010-17,400388,Power Distribution Vcfront - 2/2,40.0,,interactive.page.powerdistributionvcfront22
X010-16,400389,Power Distribution Vcfront - 2/2,40.0,,interactive.page.powerdistributionvcfront22
X010-92,400390,Power Distribution Vcfront - 2/2,40.0,,interactive.page.powerdistributionvcfront22
X010-89,400391,Power Distribution Vcfront - 2/2,40.0,,interactive.page.powerdistributionvcfront22
X010-47,400392,Power Distribution Vcfront - 2/2,40.0,,interactive.page.powerdistributionvcfront22
X010-81,400393,Power Distribution Vcfront - 2/2,40.0,,interactive.page.powerdistributionvcfront22
TH201-B,400394,Power Distribution Vcfront - 2/2,40.0,,interactive.page.powerdistributionvcfront22
TH201-B,400395,Power Distribution Vcfront - 2/2,40.0,,interactive.page.powerdistributionvcfront22
TH201-A,400396,Power Distribution Vcfront - 2/2,40.0,,interactive.page.powerdistributionvcfront22
TH201-A,400397,Power Distribution Vcfront - 2/2,40.0,,interactive.page.powerdistributionvcfront22
X911M-1,400583,Power Distribution Vcfront - 2/2,40.0,,interactive.page.powerdistributionvcfront22
X911F-1,400584,Power Distribution Vcfront - 2/2,40.0,,interactive.page.powerdistributionvcfront22
X901M-5,400585,Power Distribution Vcfront - 2/2,40.0,,interactive.page.powerdistributionvcfront22
X905F-8,400586,Power Distribution Vcfront - 2/2,40.0,,interactive.page.powerdistributionvcfront22
X905M-8,400587,Power Distribution Vcfront - 2/2,40.0,,interactive.page.powerdistributionvcfront22
X908M-20,400588,Power Distribution Vcfront - 2/2,40.0,,interactive.page.powerdistributionvcfront22
X911F-10,400589,Power Distribution Vcfront - 2/2,40.0,,interactive.page.powerdistributionvcfront22
X901F-5,400590,Power Distribution Vcfront - 2/2,40.0,,interactive.page.powerdistributionvcfront22
X908F-20,400591,Power Distribution Vcfront - 2/2,40.0,,interactive.page.powerdistributionvcfront22
X911M-10,400592,Power Distribution Vcfront - 2/2,40.0,,interactive.page.powerdistributionvcfront22
X906F-10,400593,Power Distribution Vcfront - 2/2,40.0,,interactive.page.powerdistributionvcfront22
X906F-7,400594,Power Distribution Vcfront - 2/2,40.0,,interactive.page.powerdistributionvcfront22
X906F-11,400595,Power Distribution Vcfront - 2/2,40.0,,interactive.page.powerdistributionvcfront22
X906M-7,400596,Power Distribution Vcfront - 2/2,40.0,,interactive.page.powerdistributionvcfront22
X906M-11,400597,Power Distribution Vcfront - 2/2,40.0,,interactive.page.powerdistributionvcfront22
X906M-10,400598,Power Distribution Vcfront - 2/2,40.0,,interactive.page.powerdistributionvcfront22
X906F-4,400599,Power Distribution Vcfront - 2/2,40.0,,interactive.page.powerdistributionvcfront22
X906M-1,400600,Power Distribution Vcfront - 2/2,40.0,,interactive.page.powerdistributionvcfront22
X906M-2,400601,Power Distribution Vcfront - 2/2,40.0,,interactive.page.powerdistributionvcfront22
X906F-1,400602,Power Distribution Vcfront - 2/2,40.0,,interactive.page.powerdistributionvcfront22
X906F-2,400603,Power Distribution Vcfront - 2/2,40.0,,interactive.page.powerdistributionvcfront22
X906M-4,400604,Power Distribution Vcfront - 2/2,40.0,,interactive.page.powerdistributionvcfront22
X906F-3,400605,Power Distribution Vcfront - 2/2,40.0,,interactive.page.powerdistributionvcfront22
X906M-3,400606,Power Distribution Vcfront - 2/2,40.0,,interactive.page.powerdistributionvcfront22
Z1-SHIELD908 CUTOFF,410243,Power Distribution Vcleft - 1/2,41.0,interactive.device.z1shield908cutoff,interactive.page.powerdistributionvcleft12
Electronic Toll Colletion - China,410348,Power Distribution Vcleft - 1/2,41.0,interactive.device.electronictollcolletionchina,interactive.page.powerdistributionvcleft12
Exterior Open Switch Rear Left,410349,Power Distribution Vcleft - 1/2,41.0,interactive.device.exterioropenswitchrearleft,interactive.page.powerdistributionvcleft12
Ambient Light - Rear Left Door,410350,Power Distribution Vcleft - 1/2,41.0,interactive.device.ambientlightrearleftdoor,interactive.page.powerdistributionvcleft12
Front Overhead Module,410351,Power Distribution Vcleft - 1/2,41.0,interactive.device.frontoverheadmodule,interactive.page.powerdistributionvcleft12
Ambient Light - IP RH,410352,Power Distribution Vcleft - 1/2,41.0,interactive.device.ambientlightiprh,interactive.page.powerdistributionvcleft12
OBD,410353,Power Distribution Vcleft - 1/2,41.0,,interactive.page.powerdistributionvcleft12
Footwell LED Front Left,410354,Power Distribution Vcleft - 1/2,41.0,interactive.device.footwellledfrontleft,interactive.page.powerdistributionvcleft12
Heat Pad Cushion Front Left,410355,Power Distribution Vcleft - 1/2,41.0,interactive.device.heatpadcushionfrontleft,interactive.page.powerdistributionvcleft12
Seat Backrest Pitch Front Left,410356,Power Distribution Vcleft - 1/2,41.0,interactive.device.seatbackrestpitchfrontleft,interactive.page.powerdistributionvcleft12
Ambient Light - IP LH,410357,Power Distribution Vcleft - 1/2,41.0,interactive.device.ambientlightiplh,interactive.page.powerdistributionvcleft12
Heat Pad Backrest Front Left,410358,Power Distribution Vcleft - 1/2,41.0,interactive.device.heatpadbackrestfrontleft,interactive.page.powerdistributionvcleft12
Ventilation Fan Backrest Front Left,410359,Power Distribution Vcleft - 1/2,41.0,interactive.device.ventilationfanbackrestfrontleft,interactive.page.powerdistributionvcleft12
2R Heat Pad Backrest Left,410360,Power Distribution Vcleft - 1/2,41.0,interactive.device.2rheatpadbackrestleft,interactive.page.powerdistributionvcleft12
Electronic Toll Collection - Japan,410361,Power Distribution Vcleft - 1/2,41.0,interactive.device.electronictollcollectionjapan,interactive.page.powerdistributionvcleft12
Charge Port ECU,410362,Power Distribution Vcleft - 1/2,41.0,interactive.device.chargeportecu,interactive.page.powerdistributionvcleft12
Authentication Endpoint Interior,410363,Power Distribution Vcleft - 1/2,41.0,interactive.device.authenticationendpointinterior,interactive.page.powerdistributionvcleft12
Seat Tilt Motor Front Left,410364,Power Distribution Vcleft - 1/2,41.0,interactive.device.seattiltmotorfrontleft,interactive.page.powerdistributionvcleft12
Seat Lift Motor Front Left,410365,Power Distribution Vcleft - 1/2,41.0,interactive.device.seatliftmotorfrontleft,interactive.page.powerdistributionvcleft12
Lumbar Front Left,410366,Power Distribution Vcleft - 1/2,41.0,interactive.device.lumbarfrontleft,interactive.page.powerdistributionvcleft12
Ventilation Fan Cushion Front Left,410367,Power Distribution Vcleft - 1/2,41.0,interactive.device.ventilationfancushionfrontleft,interactive.page.powerdistributionvcleft12
Seat Track Motor Front Left,410368,Power Distribution Vcleft - 1/2,41.0,interactive.device.seattrackmotorfrontleft,interactive.page.powerdistributionvcleft12
Authentication Endpoint Rear Center,410369,Power Distribution Vcleft - 1/2,41.0,interactive.device.authenticationendpointrearcenter,interactive.page.powerdistributionvcleft12
Steering Column Adjust,410370,Power Distribution Vcleft - 1/2,41.0,interactive.device.steeringcolumnadjust,interactive.page.powerdistributionvcleft12
Authentication and Heater Left B-Pillar,410371,Power Distribution Vcleft - 1/2,41.0,interactive.device.authenticationandheaterleftbpillar,interactive.page.powerdistributionvcleft12
Trailer Light Controller,410372,Power Distribution Vcleft - 1/2,41.0,interactive.device.trailerlightcontroller,interactive.page.powerdistributionvcleft12
2R Heat Pad Cushion,410373,Power Distribution Vcleft - 1/2,41.0,interactive.device.2rheatpadcushion,interactive.page.powerdistributionvcleft12
Restraints Controller,410374,Power Distribution Vcleft - 1/2,41.0,interactive.device.restraintscontroller,interactive.page.powerdistributionvcleft12
Blower Motor,410375,Power Distribution Vcleft - 1/2,41.0,interactive.device.blowermotor,interactive.page.powerdistributionvcleft12
Body Controller Right,410376,Power Distribution Vcleft - 1/2,41.0,interactive.device.bodycontrollerright,interactive.page.powerdistributionvcleft12
Drive Inverter Rear Logic,410377,Power Distribution Vcleft - 1/2,41.0,interactive.device.driveinverterrearlogic,interactive.page.powerdistributionvcleft12
Steering Column Control Module (SCCM),410378,Power Distribution Vcleft - 1/2,41.0,interactive.device.steeringcolumncontrolmodulesccm,interactive.page.powerdistributionvcleft12
Body Controller Left,410379,Power Distribution Vcleft - 1/2,41.0,interactive.device.bodycontrollerleft,interactive.page.powerdistributionvcleft12
THC01-A,410411,Power Distribution Vcleft - 1/2,41.0,,interactive.page.powerdistributionvcleft12
THC01-A,410412,Power Distribution Vcleft - 1/2,41.0,,interactive.page.powerdistributionvcleft12
X697-7,410413,Power Distribution Vcleft - 1/2,41.0,,interactive.page.powerdistributionvcleft12
X425-4,410414,Power Distribution Vcleft - 1/2,41.0,,interactive.page.powerdistributionvcleft12
X434-1,410415,Power Distribution Vcleft - 1/2,41.0,,interactive.page.powerdistributionvcleft12
X299-1,410416,Power Distribution Vcleft - 1/2,41.0,,interactive.page.powerdistributionvcleft12
X284-1,410417,Power Distribution Vcleft - 1/2,41.0,,interactive.page.powerdistributionvcleft12
X181-16,410418,Power Distribution Vcleft - 1/2,41.0,,interactive.page.powerdistributionvcleft12
X181-8,410419,Power Distribution Vcleft - 1/2,41.0,,interactive.page.powerdistributionvcleft12
X280-1,410420,Power Distribution Vcleft - 1/2,41.0,,interactive.page.powerdistributionvcleft12
X617L-2,410421,Power Distribution Vcleft - 1/2,41.0,,interactive.page.powerdistributionvcleft12
X613L-1,410422,Power Distribution Vcleft - 1/2,41.0,,interactive.page.powerdistributionvcleft12
X613L-3,410423,Power Distribution Vcleft - 1/2,41.0,,interactive.page.powerdistributionvcleft12
X283-1,410424,Power Distribution Vcleft - 1/2,41.0,,interactive.page.powerdistributionvcleft12
X616L-2,410425,Power Distribution Vcleft - 1/2,41.0,,interactive.page.powerdistributionvcleft12
X626L-1,410426,Power Distribution Vcleft - 1/2,41.0,,interactive.page.powerdistributionvcleft12
X676-2,410427,Power Distribution Vcleft - 1/2,41.0,,interactive.page.powerdistributionvcleft12
X695-1,410428,Power Distribution Vcleft - 1/2,41.0,,interactive.page.powerdistributionvcleft12
X695-3,410429,Power Distribution Vcleft - 1/2,41.0,,interactive.page.powerdistributionvcleft12
X096-10,410430,Power Distribution Vcleft - 1/2,41.0,,interactive.page.powerdistributionvcleft12
X490-2,410431,Power Distribution Vcleft - 1/2,41.0,,interactive.page.powerdistributionvcleft12
X621L-1,410432,Power Distribution Vcleft - 1/2,41.0,,interactive.page.powerdistributionvcleft12
X621L-3,410433,Power Distribution Vcleft - 1/2,41.0,,interactive.page.powerdistributionvcleft12
X618L-1,410434,Power Distribution Vcleft - 1/2,41.0,,interactive.page.powerdistributionvcleft12
X618L-3,410435,Power Distribution Vcleft - 1/2,41.0,,interactive.page.powerdistributionvcleft12
X619L-1,410436,Power Distribution Vcleft - 1/2,41.0,,interactive.page.powerdistributionvcleft12
X625L-1,410437,Power Distribution Vcleft - 1/2,41.0,,interactive.page.powerdistributionvcleft12
X614L-1,410438,Power Distribution Vcleft - 1/2,41.0,,interactive.page.powerdistributionvcleft12
X614L-5,410439,Power Distribution Vcleft - 1/2,41.0,,interactive.page.powerdistributionvcleft12
X497-4,410440,Power Distribution Vcleft - 1/2,41.0,,interactive.page.powerdistributionvcleft12
X182-2,410441,Power Distribution Vcleft - 1/2,41.0,,interactive.page.powerdistributionvcleft12
X182-1,410442,Power Distribution Vcleft - 1/2,41.0,,interactive.page.powerdistributionvcleft12
X182-6,410443,Power Distribution Vcleft - 1/2,41.0,,interactive.page.powerdistributionvcleft12
X182-5,410444,Power Distribution Vcleft - 1/2,41.0,,interactive.page.powerdistributionvcleft12
X493-2,410445,Power Distribution Vcleft - 1/2,41.0,,interactive.page.powerdistributionvcleft12
X493-1,410446,Power Distribution Vcleft - 1/2,41.0,,interactive.page.powerdistributionvcleft12
X041-3,410447,Power Distribution Vcleft - 1/2,41.0,,interactive.page.powerdistributionvcleft12
X686-3,410448,Power Distribution Vcleft - 1/2,41.0,,interactive.page.powerdistributionvcleft12
X686-1,410449,Power Distribution Vcleft - 1/2,41.0,,interactive.page.powerdistributionvcleft12
X200-40,410450,Power Distribution Vcleft - 1/2,41.0,,interactive.page.powerdistributionvcleft12
X536-1,410451,Power Distribution Vcleft - 1/2,41.0,,interactive.page.powerdistributionvcleft12
X536-2,410452,Power Distribution Vcleft - 1/2,41.0,,interactive.page.powerdistributionvcleft12
X536-4,410453,Power Distribution Vcleft - 1/2,41.0,,interactive.page.powerdistributionvcleft12
X055-32,410454,Power Distribution Vcleft - 1/2,41.0,,interactive.page.powerdistributionvcleft12
X059-30,410455,Power Distribution Vcleft - 1/2,41.0,,interactive.page.powerdistributionvcleft12
X090-3,410456,Power Distribution Vcleft - 1/2,41.0,,interactive.page.powerdistributionvcleft12
X180-7,410457,Power Distribution Vcleft - 1/2,41.0,,interactive.page.powerdistributionvcleft12
X180-1,410458,Power Distribution Vcleft - 1/2,41.0,,interactive.page.powerdistributionvcleft12
X030A-12,410459,Power Distribution Vcleft - 1/2,41.0,,interactive.page.powerdistributionvcleft12
X030A-25,410460,Power Distribution Vcleft - 1/2,41.0,,interactive.page.powerdistributionvcleft12
X030A-26,410461,Power Distribution Vcleft - 1/2,41.0,,interactive.page.powerdistributionvcleft12
X030A-27,410462,Power Distribution Vcleft - 1/2,41.0,,interactive.page.powerdistributionvcleft12
X030A-28,410463,Power Distribution Vcleft - 1/2,41.0,,interactive.page.powerdistributionvcleft12
X030A-29,410464,Power Distribution Vcleft - 1/2,41.0,,interactive.page.powerdistributionvcleft12
X030A-31,410465,Power Distribution Vcleft - 1/2,41.0,,interactive.page.powerdistributionvcleft12
X030A-32,410466,Power Distribution Vcleft - 1/2,41.0,,interactive.page.powerdistributionvcleft12
X030B-11,410467,Power Distribution Vcleft - 1/2,41.0,,interactive.page.powerdistributionvcleft12
X030A-21,410468,Power Distribution Vcleft - 1/2,41.0,,interactive.page.powerdistributionvcleft12
X039-25,410469,Power Distribution Vcleft - 1/2,41.0,,interactive.page.powerdistributionvcleft12
X037-28,410470,Power Distribution Vcleft - 1/2,41.0,,interactive.page.powerdistributionvcleft12
X030A-24,410471,Power Distribution Vcleft - 1/2,41.0,,interactive.page.powerdistributionvcleft12
X037-27,410472,Power Distribution Vcleft - 1/2,41.0,,interactive.page.powerdistributionvcleft12
X037-26,410473,Power Distribution Vcleft - 1/2,41.0,,interactive.page.powerdistributionvcleft12
X030A-23,410474,Power Distribution Vcleft - 1/2,41.0,,interactive.page.powerdistributionvcleft12
X039-31,410475,Power Distribution Vcleft - 1/2,41.0,,interactive.page.powerdistributionvcleft12
X035-5,410476,Power Distribution Vcleft - 1/2,41.0,,interactive.page.powerdistributionvcleft12
X035-44,410477,Power Distribution Vcleft - 1/2,41.0,,interactive.page.powerdistributionvcleft12
X035-15,410478,Power Distribution Vcleft - 1/2,41.0,,interactive.page.powerdistributionvcleft12
X035-31,410479,Power Distribution Vcleft - 1/2,41.0,,interactive.page.powerdistributionvcleft12
X035-35,410480,Power Distribution Vcleft - 1/2,41.0,,interactive.page.powerdistributionvcleft12
X035-36,410481,Power Distribution Vcleft - 1/2,41.0,,interactive.page.powerdistributionvcleft12
X035-43,410482,Power Distribution Vcleft - 1/2,41.0,,interactive.page.powerdistributionvcleft12
X035-45,410483,Power Distribution Vcleft - 1/2,41.0,,interactive.page.powerdistributionvcleft12
X035-14,410484,Power Distribution Vcleft - 1/2,41.0,,interactive.page.powerdistributionvcleft12
X035-33,410485,Power Distribution Vcleft - 1/2,41.0,,interactive.page.powerdistributionvcleft12
X035-34,410486,Power Distribution Vcleft - 1/2,41.0,,interactive.page.powerdistributionvcleft12
X032-32,410487,Power Distribution Vcleft - 1/2,41.0,,interactive.page.powerdistributionvcleft12
X032-9,410488,Power Distribution Vcleft - 1/2,41.0,,interactive.page.powerdistributionvcleft12
X032-10,410489,Power Distribution Vcleft - 1/2,41.0,,interactive.page.powerdistributionvcleft12
X032-12,410490,Power Distribution Vcleft - 1/2,41.0,,interactive.page.powerdistributionvcleft12
X032-13,410491,Power Distribution Vcleft - 1/2,41.0,,interactive.page.powerdistributionvcleft12
X032-36,410492,Power Distribution Vcleft - 1/2,41.0,,interactive.page.powerdistributionvcleft12
X032-37,410493,Power Distribution Vcleft - 1/2,41.0,,interactive.page.powerdistributionvcleft12
X032-34,410494,Power Distribution Vcleft - 1/2,41.0,,interactive.page.powerdistributionvcleft12
X032-33,410495,Power Distribution Vcleft - 1/2,41.0,,interactive.page.powerdistributionvcleft12
X032-49,410496,Power Distribution Vcleft - 1/2,41.0,,interactive.page.powerdistributionvcleft12
X032-35,410497,Power Distribution Vcleft - 1/2,41.0,,interactive.page.powerdistributionvcleft12
X032-11,410498,Power Distribution Vcleft - 1/2,41.0,,interactive.page.powerdistributionvcleft12
X032-31,410499,Power Distribution Vcleft - 1/2,41.0,,interactive.page.powerdistributionvcleft12
X038-4,410500,Power Distribution Vcleft - 1/2,41.0,,interactive.page.powerdistributionvcleft12
X038-2,410501,Power Distribution Vcleft - 1/2,41.0,,interactive.page.powerdistributionvcleft12
X038-1,410502,Power Distribution Vcleft - 1/2,41.0,,interactive.page.powerdistributionvcleft12
X038-3,410503,Power Distribution Vcleft - 1/2,41.0,,interactive.page.powerdistributionvcleft12
X925F-19,410745,Power Distribution Vcleft - 1/2,41.0,,interactive.page.powerdistributionvcleft12
X925M-19,410746,Power Distribution Vcleft - 1/2,41.0,,interactive.page.powerdistributionvcleft12
X952F-15,410747,Power Distribution Vcleft - 1/2,41.0,,interactive.page.powerdistributionvcleft12
X952M-15,410748,Power Distribution Vcleft - 1/2,41.0,,interactive.page.powerdistributionvcleft12
X981M-13,410749,Power Distribution Vcleft - 1/2,41.0,,interactive.page.powerdistributionvcleft12
X924M-23,410750,Power Distribution Vcleft - 1/2,41.0,,interactive.page.powerdistributionvcleft12
X924F-22,410751,Power Distribution Vcleft - 1/2,41.0,,interactive.page.powerdistributionvcleft12
X990M-13,410752,Power Distribution Vcleft - 1/2,41.0,,interactive.page.powerdistributionvcleft12
X981F-13,410753,Power Distribution Vcleft - 1/2,41.0,,interactive.page.powerdistributionvcleft12
X924F-23,410754,Power Distribution Vcleft - 1/2,41.0,,interactive.page.powerdistributionvcleft12
X924M-22,410755,Power Distribution Vcleft - 1/2,41.0,,interactive.page.powerdistributionvcleft12
X990F-13,410756,Power Distribution Vcleft - 1/2,41.0,,interactive.page.powerdistributionvcleft12
X935F-13,410757,Power Distribution Vcleft - 1/2,41.0,,interactive.page.powerdistributionvcleft12
X935M-13,410758,Power Distribution Vcleft - 1/2,41.0,,interactive.page.powerdistributionvcleft12
X908F-10,410759,Power Distribution Vcleft - 1/2,41.0,,interactive.page.powerdistributionvcleft12
X908M-10,410760,Power Distribution Vcleft - 1/2,41.0,,interactive.page.powerdistributionvcleft12
12V Power Socket Center Console,420436,Power Distribution Vcleft - 2/2,42.0,interactive.device.12vpowersocketcenterconsole,interactive.page.powerdistributionvcleft22
Blind Spot Indicator LH,420437,Power Distribution Vcleft - 2/2,42.0,interactive.device.blindspotindicatorlh,interactive.page.powerdistributionvcleft22
Door Map Pocket LED Front Left,420438,Power Distribution Vcleft - 2/2,42.0,interactive.device.doormappocketledfrontleft,interactive.page.powerdistributionvcleft22
Door Map Pocket LED Rear Left,420439,Power Distribution Vcleft - 2/2,42.0,interactive.device.doormappocketledrearleft,interactive.page.powerdistributionvcleft22
EPB Left,420440,Power Distribution Vcleft - 2/2,42.0,interactive.device.epbleft,interactive.page.powerdistributionvcleft22
Exterior Open Switch Front Left,420441,Power Distribution Vcleft - 2/2,42.0,interactive.device.exterioropenswitchfrontleft,interactive.page.powerdistributionvcleft22
Interior Open Switch Front Left,420442,Power Distribution Vcleft - 2/2,42.0,interactive.device.interioropenswitchfrontleft,interactive.page.powerdistributionvcleft22
Interior Open Switch Rear Left,420443,Power Distribution Vcleft - 2/2,42.0,interactive.device.interioropenswitchrearleft,interactive.page.powerdistributionvcleft22
Latch Front Left,420444,Power Distribution Vcleft - 2/2,42.0,interactive.device.latchfrontleft,interactive.page.powerdistributionvcleft22
Latch Rear Left,420445,Power Distribution Vcleft - 2/2,42.0,interactive.device.latchrearleft,interactive.page.powerdistributionvcleft22
Liftgate Lamp LH,420446,Power Distribution Vcleft - 2/2,42.0,interactive.device.liftgatelamplh,interactive.page.powerdistributionvcleft22
Liftgate Power Strut LH,420447,Power Distribution Vcleft - 2/2,42.0,interactive.device.liftgatepowerstrutlh,interactive.page.powerdistributionvcleft22
Puddle LED Front Left,420448,Power Distribution Vcleft - 2/2,42.0,interactive.device.puddleledfrontleft,interactive.page.powerdistributionvcleft22
Puddle LED Rear Left,420449,Power Distribution Vcleft - 2/2,42.0,interactive.device.puddleledrearleft,interactive.page.powerdistributionvcleft22
Trunk Internal Illumination Left,420450,Power Distribution Vcleft - 2/2,42.0,interactive.device.trunkinternalilluminationleft,interactive.page.powerdistributionvcleft22
Window Lift Motor Front Left,420451,Power Distribution Vcleft - 2/2,42.0,interactive.device.windowliftmotorfrontleft,interactive.page.powerdistributionvcleft22
Window Lift Motor Rear Left,420452,Power Distribution Vcleft - 2/2,42.0,interactive.device.windowliftmotorrearleft,interactive.page.powerdistributionvcleft22
Window Switch Pass Front Left,420453,Power Distribution Vcleft - 2/2,42.0,interactive.device.windowswitchpassfrontleft,interactive.page.powerdistributionvcleft22
Window Switch RL,420454,Power Distribution Vcleft - 2/2,42.0,interactive.device.windowswitchrl,interactive.page.powerdistributionvcleft22
Inductive Charger,420455,Power Distribution Vcleft - 2/2,42.0,interactive.device.inductivecharger,interactive.page.powerdistributionvcleft22
Center Console Controller,420456,Power Distribution Vcleft - 2/2,42.0,interactive.device.centerconsolecontroller,interactive.page.powerdistributionvcleft22
Ambient Light - Front Left Door,420457,Power Distribution Vcleft - 2/2,42.0,interactive.device.ambientlightfrontleftdoor,interactive.page.powerdistributionvcleft22
EPB and Adaptive Damper Valve LR,420458,Power Distribution Vcleft - 2/2,42.0,interactive.device.epbandadaptivedampervalvelr,interactive.page.powerdistributionvcleft22
Park Brake Caliper LH - EPB side,420459,Power Distribution Vcleft - 2/2,42.0,interactive.device.parkbrakecaliperlhepbside,interactive.page.powerdistributionvcleft22
Window Switch Driver Front Left,420460,Power Distribution Vcleft - 2/2,42.0,interactive.device.windowswitchdriverfrontleft,interactive.page.powerdistributionvcleft22
Mirror Left Premium,420461,Power Distribution Vcleft - 2/2,42.0,interactive.device.mirrorleftpremium,interactive.page.powerdistributionvcleft22
Body Controller Left,420462,Power Distribution Vcleft - 2/2,42.0,interactive.device.bodycontrollerleft,interactive.page.powerdistributionvcleft22
X197-2,420490,Power Distribution Vcleft - 2/2,42.0,,interactive.page.powerdistributionvcleft22
X379-1,420491,Power Distribution Vcleft - 2/2,42.0,,interactive.page.powerdistributionvcleft22
X370-1,420492,Power Distribution Vcleft - 2/2,42.0,,interactive.page.powerdistributionvcleft22
X435-1,420493,Power Distribution Vcleft - 2/2,42.0,,interactive.page.powerdistributionvcleft22
X162-2,420494,Power Distribution Vcleft - 2/2,42.0,,interactive.page.powerdistributionvcleft22
X162-1,420495,Power Distribution Vcleft - 2/2,42.0,,interactive.page.powerdistributionvcleft22
X367-4,420496,Power Distribution Vcleft - 2/2,42.0,,interactive.page.powerdistributionvcleft22
X366-2,420497,Power Distribution Vcleft - 2/2,42.0,,interactive.page.powerdistributionvcleft22
X426-2,420498,Power Distribution Vcleft - 2/2,42.0,,interactive.page.powerdistributionvcleft22
X380-3,420499,Power Distribution Vcleft - 2/2,42.0,,interactive.page.powerdistributionvcleft22
X380-4,420500,Power Distribution Vcleft - 2/2,42.0,,interactive.page.powerdistributionvcleft22
X427-3,420501,Power Distribution Vcleft - 2/2,42.0,,interactive.page.powerdistributionvcleft22
X427-4,420502,Power Distribution Vcleft - 2/2,42.0,,interactive.page.powerdistributionvcleft22
X271-3,420503,Power Distribution Vcleft - 2/2,42.0,,interactive.page.powerdistributionvcleft22
X271-2,420504,Power Distribution Vcleft - 2/2,42.0,,interactive.page.powerdistributionvcleft22
X271-4,420505,Power Distribution Vcleft - 2/2,42.0,,interactive.page.powerdistributionvcleft22
X353-1,420506,Power Distribution Vcleft - 2/2,42.0,,interactive.page.powerdistributionvcleft22
X353-5,420507,Power Distribution Vcleft - 2/2,42.0,,interactive.page.powerdistributionvcleft22
X353-8,420508,Power Distribution Vcleft - 2/2,42.0,,interactive.page.powerdistributionvcleft22
X371-1,420509,Power Distribution Vcleft - 2/2,42.0,,interactive.page.powerdistributionvcleft22
X436-1,420510,Power Distribution Vcleft - 2/2,42.0,,interactive.page.powerdistributionvcleft22
X296-1,420511,Power Distribution Vcleft - 2/2,42.0,,interactive.page.powerdistributionvcleft22
X373-5,420512,Power Distribution Vcleft - 2/2,42.0,,interactive.page.powerdistributionvcleft22
X373-1,420513,Power Distribution Vcleft - 2/2,42.0,,interactive.page.powerdistributionvcleft22
X433-1,420514,Power Distribution Vcleft - 2/2,42.0,,interactive.page.powerdistributionvcleft22
X433-5,420515,Power Distribution Vcleft - 2/2,42.0,,interactive.page.powerdistributionvcleft22
X369-1,420516,Power Distribution Vcleft - 2/2,42.0,,interactive.page.powerdistributionvcleft22
X432-1,420517,Power Distribution Vcleft - 2/2,42.0,,interactive.page.powerdistributionvcleft22
X694-1,420518,Power Distribution Vcleft - 2/2,42.0,,interactive.page.powerdistributionvcleft22
X196-11,420519,Power Distribution Vcleft - 2/2,42.0,,interactive.page.powerdistributionvcleft22
X196-20,420520,Power Distribution Vcleft - 2/2,42.0,,interactive.page.powerdistributionvcleft22
X378-1,420521,Power Distribution Vcleft - 2/2,42.0,,interactive.page.powerdistributionvcleft22
X162A-3,420522,Power Distribution Vcleft - 2/2,42.0,,interactive.page.powerdistributionvcleft22
X162A-4,420523,Power Distribution Vcleft - 2/2,42.0,,interactive.page.powerdistributionvcleft22
X162B-3,420524,Power Distribution Vcleft - 2/2,42.0,,interactive.page.powerdistributionvcleft22
X162B-4,420525,Power Distribution Vcleft - 2/2,42.0,,interactive.page.powerdistributionvcleft22
X161-1,420526,Power Distribution Vcleft - 2/2,42.0,,interactive.page.powerdistributionvcleft22
X161-2,420527,Power Distribution Vcleft - 2/2,42.0,,interactive.page.powerdistributionvcleft22
X365-5,420528,Power Distribution Vcleft - 2/2,42.0,,interactive.page.powerdistributionvcleft22
X376-3,420529,Power Distribution Vcleft - 2/2,42.0,,interactive.page.powerdistributionvcleft22
X376-9,420530,Power Distribution Vcleft - 2/2,42.0,,interactive.page.powerdistributionvcleft22
X376-8,420531,Power Distribution Vcleft - 2/2,42.0,,interactive.page.powerdistributionvcleft22
X376-2,420532,Power Distribution Vcleft - 2/2,42.0,,interactive.page.powerdistributionvcleft22
X376-1,420533,Power Distribution Vcleft - 2/2,42.0,,interactive.page.powerdistributionvcleft22
X376-10,420534,Power Distribution Vcleft - 2/2,42.0,,interactive.page.powerdistributionvcleft22
X376-4,420535,Power Distribution Vcleft - 2/2,42.0,,interactive.page.powerdistributionvcleft22
X376-14,420536,Power Distribution Vcleft - 2/2,42.0,,interactive.page.powerdistributionvcleft22
X033B-19,420537,Power Distribution Vcleft - 2/2,42.0,,interactive.page.powerdistributionvcleft22
X033A-24,420538,Power Distribution Vcleft - 2/2,42.0,,interactive.page.powerdistributionvcleft22
X033A-2,420539,Power Distribution Vcleft - 2/2,42.0,,interactive.page.powerdistributionvcleft22
X033A-1,420540,Power Distribution Vcleft - 2/2,42.0,,interactive.page.powerdistributionvcleft22
X033B-17,420541,Power Distribution Vcleft - 2/2,42.0,,interactive.page.powerdistributionvcleft22
X033B-7,420542,Power Distribution Vcleft - 2/2,42.0,,interactive.page.powerdistributionvcleft22
X033A-11,420543,Power Distribution Vcleft - 2/2,42.0,,interactive.page.powerdistributionvcleft22
X033A-12,420544,Power Distribution Vcleft - 2/2,42.0,,interactive.page.powerdistributionvcleft22
X033A-13,420545,Power Distribution Vcleft - 2/2,42.0,,interactive.page.powerdistributionvcleft22
X033B-11,420546,Power Distribution Vcleft - 2/2,42.0,,interactive.page.powerdistributionvcleft22
X033A-18,420547,Power Distribution Vcleft - 2/2,42.0,,interactive.page.powerdistributionvcleft22
X033A-21,420548,Power Distribution Vcleft - 2/2,42.0,,interactive.page.powerdistributionvcleft22
X033A-17,420549,Power Distribution Vcleft - 2/2,42.0,,interactive.page.powerdistributionvcleft22
X033A-16,420550,Power Distribution Vcleft - 2/2,42.0,,interactive.page.powerdistributionvcleft22
X031-8,420551,Power Distribution Vcleft - 2/2,42.0,,interactive.page.powerdistributionvcleft22
X031-24,420552,Power Distribution Vcleft - 2/2,42.0,,interactive.page.powerdistributionvcleft22
X031-23,420553,Power Distribution Vcleft - 2/2,42.0,,interactive.page.powerdistributionvcleft22
X031-1,420554,Power Distribution Vcleft - 2/2,42.0,,interactive.page.powerdistributionvcleft22
X031-15,420555,Power Distribution Vcleft - 2/2,42.0,,interactive.page.powerdistributionvcleft22
X031-4,420556,Power Distribution Vcleft - 2/2,42.0,,interactive.page.powerdistributionvcleft22
X031-19,420557,Power Distribution Vcleft - 2/2,42.0,,interactive.page.powerdistributionvcleft22
X031-9,420558,Power Distribution Vcleft - 2/2,42.0,,interactive.page.powerdistributionvcleft22
X031-32,420559,Power Distribution Vcleft - 2/2,42.0,,interactive.page.powerdistributionvcleft22
X031-31,420560,Power Distribution Vcleft - 2/2,42.0,,interactive.page.powerdistributionvcleft22
X031-2,420561,Power Distribution Vcleft - 2/2,42.0,,interactive.page.powerdistributionvcleft22
X031-17,420562,Power Distribution Vcleft - 2/2,42.0,,interactive.page.powerdistributionvcleft22
X031-11,420563,Power Distribution Vcleft - 2/2,42.0,,interactive.page.powerdistributionvcleft22
X031-7,420564,Power Distribution Vcleft - 2/2,42.0,,interactive.page.powerdistributionvcleft22
X033A-7,420565,Power Distribution Vcleft - 2/2,42.0,,interactive.page.powerdistributionvcleft22
X033A-15,420566,Power Distribution Vcleft - 2/2,42.0,,interactive.page.powerdistributionvcleft22
X033A-20,420567,Power Distribution Vcleft - 2/2,42.0,,interactive.page.powerdistributionvcleft22
X033A-19,420568,Power Distribution Vcleft - 2/2,42.0,,interactive.page.powerdistributionvcleft22
X033A-22,420569,Power Distribution Vcleft - 2/2,42.0,,interactive.page.powerdistributionvcleft22
X031-12,420570,Power Distribution Vcleft - 2/2,42.0,,interactive.page.powerdistributionvcleft22
X031-10,420571,Power Distribution Vcleft - 2/2,42.0,,interactive.page.powerdistributionvcleft22
X039-34,420572,Power Distribution Vcleft - 2/2,42.0,,interactive.page.powerdistributionvcleft22
X031-5,420573,Power Distribution Vcleft - 2/2,42.0,,interactive.page.powerdistributionvcleft22
X031-3,420574,Power Distribution Vcleft - 2/2,42.0,,interactive.page.powerdistributionvcleft22
X922F-10,420861,Power Distribution Vcleft - 2/2,42.0,,interactive.page.powerdistributionvcleft22
X922M-5,420862,Power Distribution Vcleft - 2/2,42.0,,interactive.page.powerdistributionvcleft22
X922F-19,420863,Power Distribution Vcleft - 2/2,42.0,,interactive.page.powerdistributionvcleft22
X922M-14,420864,Power Distribution Vcleft - 2/2,42.0,,interactive.page.powerdistributionvcleft22
X922F-4,420865,Power Distribution Vcleft - 2/2,42.0,,interactive.page.powerdistributionvcleft22
X922F-14,420866,Power Distribution Vcleft - 2/2,42.0,,interactive.page.powerdistributionvcleft22
X922F-8,420867,Power Distribution Vcleft - 2/2,42.0,,interactive.page.powerdistributionvcleft22
X922M-10,420868,Power Distribution Vcleft - 2/2,42.0,,interactive.page.powerdistributionvcleft22
X922M-4,420869,Power Distribution Vcleft - 2/2,42.0,,interactive.page.powerdistributionvcleft22
X922M-19,420870,Power Distribution Vcleft - 2/2,42.0,,interactive.page.powerdistributionvcleft22
X922F-5,420871,Power Distribution Vcleft - 2/2,42.0,,interactive.page.powerdistributionvcleft22
X922M-8,420872,Power Distribution Vcleft - 2/2,42.0,,interactive.page.powerdistributionvcleft22
X954M-13,420873,Power Distribution Vcleft - 2/2,42.0,,interactive.page.powerdistributionvcleft22
X954F-13,420874,Power Distribution Vcleft - 2/2,42.0,,interactive.page.powerdistributionvcleft22
X954M-12,420875,Power Distribution Vcleft - 2/2,42.0,,interactive.page.powerdistributionvcleft22
X954F-12,420876,Power Distribution Vcleft - 2/2,42.0,,interactive.page.powerdistributionvcleft22
X954M-1,420877,Power Distribution Vcleft - 2/2,42.0,,interactive.page.powerdistributionvcleft22
X954F-1,420878,Power Distribution Vcleft - 2/2,42.0,,interactive.page.powerdistributionvcleft22
X925F-10,420879,Power Distribution Vcleft - 2/2,42.0,,interactive.page.powerdistributionvcleft22
X925M-8,420880,Power Distribution Vcleft - 2/2,42.0,,interactive.page.powerdistributionvcleft22
X925F-8,420881,Power Distribution Vcleft - 2/2,42.0,,interactive.page.powerdistributionvcleft22
X925M-10,420882,Power Distribution Vcleft - 2/2,42.0,,interactive.page.powerdistributionvcleft22
X925F-14,420883,Power Distribution Vcleft - 2/2,42.0,,interactive.page.powerdistributionvcleft22
X925M-14,420884,Power Distribution Vcleft - 2/2,42.0,,interactive.page.powerdistributionvcleft22
X925M-5,420885,Power Distribution Vcleft - 2/2,42.0,,interactive.page.powerdistributionvcleft22
X925F-5,420886,Power Distribution Vcleft - 2/2,42.0,,interactive.page.powerdistributionvcleft22
X924F-1,420887,Power Distribution Vcleft - 2/2,42.0,,interactive.page.powerdistributionvcleft22
X924F-13,420888,Power Distribution Vcleft - 2/2,42.0,,interactive.page.powerdistributionvcleft22
X924M-24,420889,Power Distribution Vcleft - 2/2,42.0,,interactive.page.powerdistributionvcleft22
X924F-9,420890,Power Distribution Vcleft - 2/2,42.0,,interactive.page.powerdistributionvcleft22
X924M-15,420891,Power Distribution Vcleft - 2/2,42.0,,interactive.page.powerdistributionvcleft22
X924F-25,420892,Power Distribution Vcleft - 2/2,42.0,,interactive.page.powerdistributionvcleft22
X924F-12,420893,Power Distribution Vcleft - 2/2,42.0,,interactive.page.powerdistributionvcleft22
X924M-13,420894,Power Distribution Vcleft - 2/2,42.0,,interactive.page.powerdistributionvcleft22
X924F-16,420895,Power Distribution Vcleft - 2/2,42.0,,interactive.page.powerdistributionvcleft22
X924M-16,420896,Power Distribution Vcleft - 2/2,42.0,,interactive.page.powerdistributionvcleft22
X924M-12,420897,Power Distribution Vcleft - 2/2,42.0,,interactive.page.powerdistributionvcleft22
X924M-1,420898,Power Distribution Vcleft - 2/2,42.0,,interactive.page.powerdistributionvcleft22
X924F-24,420899,Power Distribution Vcleft - 2/2,42.0,,interactive.page.powerdistributionvcleft22
X924F-15,420900,Power Distribution Vcleft - 2/2,42.0,,interactive.page.powerdistributionvcleft22
X924M-25,420901,Power Distribution Vcleft - 2/2,42.0,,interactive.page.powerdistributionvcleft22
X935F-14,420902,Power Distribution Vcleft - 2/2,42.0,,interactive.page.powerdistributionvcleft22
X935F-31,420903,Power Distribution Vcleft - 2/2,42.0,,interactive.page.powerdistributionvcleft22
X935M-15,420904,Power Distribution Vcleft - 2/2,42.0,,interactive.page.powerdistributionvcleft22
X935M-31,420905,Power Distribution Vcleft - 2/2,42.0,,interactive.page.powerdistributionvcleft22
X935M-14,420906,Power Distribution Vcleft - 2/2,42.0,,interactive.page.powerdistributionvcleft22
X935F-15,420907,Power Distribution Vcleft - 2/2,42.0,,interactive.page.powerdistributionvcleft22
X924M-9,420908,Power Distribution Vcleft - 2/2,42.0,,interactive.page.powerdistributionvcleft22
X930F-1,420909,Power Distribution Vcleft - 2/2,42.0,,interactive.page.powerdistributionvcleft22
X930M-10,420910,Power Distribution Vcleft - 2/2,42.0,,interactive.page.powerdistributionvcleft22
X930F-10,420911,Power Distribution Vcleft - 2/2,42.0,,interactive.page.powerdistributionvcleft22
X930M-1,420912,Power Distribution Vcleft - 2/2,42.0,,interactive.page.powerdistributionvcleft22
CHMSL,430380,Power Distribution Vcright - 1/3,43.0,,interactive.page.powerdistributionvcright13
Latch Rear Right,430381,Power Distribution Vcright - 1/3,43.0,interactive.device.latchrearright,interactive.page.powerdistributionvcright13
Liftgate Cinching Latch,430382,Power Distribution Vcright - 1/3,43.0,interactive.device.liftgatecinchinglatch,interactive.page.powerdistributionvcright13
Liftgate Internal Close Switch,430383,Power Distribution Vcright - 1/3,43.0,interactive.device.liftgateinternalcloseswitch,interactive.page.powerdistributionvcright13
Liftgate Lamp RH,430384,Power Distribution Vcright - 1/3,43.0,interactive.device.liftgatelamprh,interactive.page.powerdistributionvcright13
Adaptive Damper Valve RF,430385,Power Distribution Vcright - 1/3,43.0,interactive.device.adaptivedampervalverf,interactive.page.powerdistributionvcright13
Adaptive Damper Valve LF,430386,Power Distribution Vcright - 1/3,43.0,interactive.device.adaptivedampervalvelf,interactive.page.powerdistributionvcright13
Camera - Interior,430387,Power Distribution Vcright - 1/3,43.0,interactive.device.camerainterior,interactive.page.powerdistributionvcright13
Adaptive Damper Valve RR,430388,Power Distribution Vcright - 1/3,43.0,interactive.device.adaptivedampervalverr,interactive.page.powerdistributionvcright13
Adaptive Damper Valve LR,430389,Power Distribution Vcright - 1/3,43.0,interactive.device.adaptivedampervalvelr,interactive.page.powerdistributionvcright13
EPB and Adaptive Damper Valve LR,430390,Power Distribution Vcright - 1/3,43.0,interactive.device.epbandadaptivedampervalvelr,interactive.page.powerdistributionvcright13
HV Battery,430391,Power Distribution Vcright - 1/3,43.0,interactive.device.hvbattery,interactive.page.powerdistributionvcright13
Glass Heater - Rear Defrost,430392,Power Distribution Vcright - 1/3,43.0,interactive.device.glassheaterreardefrost,interactive.page.powerdistributionvcright13
"Wheel Speed Sensor, Accelerometer and Adaptive Damper Valve LF Inline",430393,Power Distribution Vcright - 1/3,43.0,interactive.device.wheelspeedsensoraccelerometerandadaptivedampervalvelfinline,interactive.page.powerdistributionvcright13
HV Battery,430394,Power Distribution Vcright - 1/3,43.0,interactive.device.hvbattery,interactive.page.powerdistributionvcright13
Radio Tuner,430395,Power Distribution Vcright - 1/3,43.0,interactive.device.radiotuner,interactive.page.powerdistributionvcright13
Liftgate Power Strut RH,430396,Power Distribution Vcright - 1/3,43.0,interactive.device.liftgatepowerstrutrh,interactive.page.powerdistributionvcright13
Premium Amp Audio,430397,Power Distribution Vcright - 1/3,43.0,interactive.device.premiumampaudio,interactive.page.powerdistributionvcright13
HV Contactor Disconnect,430398,Power Distribution Vcright - 1/3,43.0,interactive.device.hvcontactordisconnect,interactive.page.powerdistributionvcright13
EPB and Adaptive Damper Valve RR,430399,Power Distribution Vcright - 1/3,43.0,interactive.device.epbandadaptivedampervalverr,interactive.page.powerdistributionvcright13
Authentication and Heater Right B-Pillar,430400,Power Distribution Vcright - 1/3,43.0,interactive.device.authenticationandheaterrightbpillar,interactive.page.powerdistributionvcright13
"Wheel Speed Sensor, Accelerometer and Adaptive Damper Valve RF Inline",430401,Power Distribution Vcright - 1/3,43.0,interactive.device.wheelspeedsensoraccelerometerandadaptivedampervalverfinline,interactive.page.powerdistributionvcright13
Restraints Controller,430402,Power Distribution Vcright - 1/3,43.0,interactive.device.restraintscontroller,interactive.page.powerdistributionvcright13
Trunk Internal Illumination Right,430403,Power Distribution Vcright - 1/3,43.0,interactive.device.trunkinternalilluminationright,interactive.page.powerdistributionvcright13
Body Controller Front,430404,Power Distribution Vcright - 1/3,43.0,interactive.device.bodycontrollerfront,interactive.page.powerdistributionvcright13
Accel Pedal Sensor (LHD),430405,Power Distribution Vcright - 1/3,43.0,interactive.device.accelpedalsensorlhd,interactive.page.powerdistributionvcright13
Accel Pedal Sensor (RHD),430406,Power Distribution Vcright - 1/3,43.0,interactive.device.accelpedalsensorrhd,interactive.page.powerdistributionvcright13
Body Controller Right,430407,Power Distribution Vcright - 1/3,43.0,interactive.device.bodycontrollerright,interactive.page.powerdistributionvcright13
X274-2,430436,Power Distribution Vcright - 1/3,43.0,,interactive.page.powerdistributionvcright13
X340-4,430437,Power Distribution Vcright - 1/3,43.0,,interactive.page.powerdistributionvcright13
X340-5,430438,Power Distribution Vcright - 1/3,43.0,,interactive.page.powerdistributionvcright13
X348-3,430439,Power Distribution Vcright - 1/3,43.0,,interactive.page.powerdistributionvcright13
X273-2,430440,Power Distribution Vcright - 1/3,43.0,,interactive.page.powerdistributionvcright13
X273-3,430441,Power Distribution Vcright - 1/3,43.0,,interactive.page.powerdistributionvcright13
X273-4,430442,Power Distribution Vcright - 1/3,43.0,,interactive.page.powerdistributionvcright13
X076-1,430443,Power Distribution Vcright - 1/3,43.0,,interactive.page.powerdistributionvcright13
X076-2,430444,Power Distribution Vcright - 1/3,43.0,,interactive.page.powerdistributionvcright13
X075-1,430445,Power Distribution Vcright - 1/3,43.0,,interactive.page.powerdistributionvcright13
X075-2,430446,Power Distribution Vcright - 1/3,43.0,,interactive.page.powerdistributionvcright13
X127-1,430447,Power Distribution Vcright - 1/3,43.0,,interactive.page.powerdistributionvcright13
X098-8,430448,Power Distribution Vcright - 1/3,43.0,,interactive.page.powerdistributionvcright13
X309-1,430449,Power Distribution Vcright - 1/3,43.0,,interactive.page.powerdistributionvcright13
X154A-5,430450,Power Distribution Vcright - 1/3,43.0,,interactive.page.powerdistributionvcright13
X154A-6,430451,Power Distribution Vcright - 1/3,43.0,,interactive.page.powerdistributionvcright13
X098-18,430452,Power Distribution Vcright - 1/3,43.0,,interactive.page.powerdistributionvcright13
X562-1,430453,Power Distribution Vcright - 1/3,43.0,,interactive.page.powerdistributionvcright13
X354-1,430454,Power Distribution Vcright - 1/3,43.0,,interactive.page.powerdistributionvcright13
X354-5,430455,Power Distribution Vcright - 1/3,43.0,,interactive.page.powerdistributionvcright13
X354-8,430456,Power Distribution Vcright - 1/3,43.0,,interactive.page.powerdistributionvcright13
X561-6,430457,Power Distribution Vcright - 1/3,43.0,,interactive.page.powerdistributionvcright13
X494-2,430458,Power Distribution Vcright - 1/3,43.0,,interactive.page.powerdistributionvcright13
X494-1,430459,Power Distribution Vcright - 1/3,43.0,,interactive.page.powerdistributionvcright13
X155A-5,430460,Power Distribution Vcright - 1/3,43.0,,interactive.page.powerdistributionvcright13
X155A-6,430461,Power Distribution Vcright - 1/3,43.0,,interactive.page.powerdistributionvcright13
X200-27,430462,Power Distribution Vcright - 1/3,43.0,,interactive.page.powerdistributionvcright13
X297-1,430463,Power Distribution Vcright - 1/3,43.0,,interactive.page.powerdistributionvcright13
X010-21,430464,Power Distribution Vcright - 1/3,43.0,,interactive.page.powerdistributionvcright13
X060-2,430465,Power Distribution Vcright - 1/3,43.0,,interactive.page.powerdistributionvcright13
X060-1,430466,Power Distribution Vcright - 1/3,43.0,,interactive.page.powerdistributionvcright13
X050-27,430467,Power Distribution Vcright - 1/3,43.0,,interactive.page.powerdistributionvcright13
X050-50,430468,Power Distribution Vcright - 1/3,43.0,,interactive.page.powerdistributionvcright13
X057-16,430469,Power Distribution Vcright - 1/3,43.0,,interactive.page.powerdistributionvcright13
X057-17,430470,Power Distribution Vcright - 1/3,43.0,,interactive.page.powerdistributionvcright13
X057-5,430471,Power Distribution Vcright - 1/3,43.0,,interactive.page.powerdistributionvcright13
X057-4,430472,Power Distribution Vcright - 1/3,43.0,,interactive.page.powerdistributionvcright13
X059-35,430473,Power Distribution Vcright - 1/3,43.0,,interactive.page.powerdistributionvcright13
X059-36,430474,Power Distribution Vcright - 1/3,43.0,,interactive.page.powerdistributionvcright13
X059-33,430475,Power Distribution Vcright - 1/3,43.0,,interactive.page.powerdistributionvcright13
X059-32,430476,Power Distribution Vcright - 1/3,43.0,,interactive.page.powerdistributionvcright13
X050-23,430477,Power Distribution Vcright - 1/3,43.0,,interactive.page.powerdistributionvcright13
X050-37,430478,Power Distribution Vcright - 1/3,43.0,,interactive.page.powerdistributionvcright13
X050-36,430479,Power Distribution Vcright - 1/3,43.0,,interactive.page.powerdistributionvcright13
X050-32,430480,Power Distribution Vcright - 1/3,43.0,,interactive.page.powerdistributionvcright13
X050-13,430481,Power Distribution Vcright - 1/3,43.0,,interactive.page.powerdistributionvcright13
X050-12,430482,Power Distribution Vcright - 1/3,43.0,,interactive.page.powerdistributionvcright13
X059-16,430483,Power Distribution Vcright - 1/3,43.0,,interactive.page.powerdistributionvcright13
X050-62,430484,Power Distribution Vcright - 1/3,43.0,,interactive.page.powerdistributionvcright13
X050-63,430485,Power Distribution Vcright - 1/3,43.0,,interactive.page.powerdistributionvcright13
X059-20,430486,Power Distribution Vcright - 1/3,43.0,,interactive.page.powerdistributionvcright13
X050-45,430487,Power Distribution Vcright - 1/3,43.0,,interactive.page.powerdistributionvcright13
X050-39,430488,Power Distribution Vcright - 1/3,43.0,,interactive.page.powerdistributionvcright13
X050-20,430489,Power Distribution Vcright - 1/3,43.0,,interactive.page.powerdistributionvcright13
X051-45,430490,Power Distribution Vcright - 1/3,43.0,,interactive.page.powerdistributionvcright13
X050-31,430491,Power Distribution Vcright - 1/3,43.0,,interactive.page.powerdistributionvcright13
X050-54,430492,Power Distribution Vcright - 1/3,43.0,,interactive.page.powerdistributionvcright13
X059-19,430493,Power Distribution Vcright - 1/3,43.0,,interactive.page.powerdistributionvcright13
X059-18,430494,Power Distribution Vcright - 1/3,43.0,,interactive.page.powerdistributionvcright13
X057-1,430495,Power Distribution Vcright - 1/3,43.0,,interactive.page.powerdistributionvcright13
X057-14,430496,Power Distribution Vcright - 1/3,43.0,,interactive.page.powerdistributionvcright13
X059-14,430497,Power Distribution Vcright - 1/3,43.0,,interactive.page.powerdistributionvcright13
X057-2,430498,Power Distribution Vcright - 1/3,43.0,,interactive.page.powerdistributionvcright13
X055-33,430499,Power Distribution Vcright - 1/3,43.0,,interactive.page.powerdistributionvcright13
X057-26,430500,Power Distribution Vcright - 1/3,43.0,,interactive.page.powerdistributionvcright13
X050-19,430501,Power Distribution Vcright - 1/3,43.0,,interactive.page.powerdistributionvcright13
X457-3,430502,Power Distribution Vcright - 1/3,43.0,,interactive.page.powerdistributionvcright13
X457-4,430503,Power Distribution Vcright - 1/3,43.0,,interactive.page.powerdistributionvcright13
X918F-1,430504,Power Distribution Vcright - 1/3,43.0,,interactive.page.powerdistributionvcright13
X918M-1,430505,Power Distribution Vcright - 1/3,43.0,,interactive.page.powerdistributionvcright13
X167-6,430506,Power Distribution Vcright - 1/3,43.0,,interactive.page.powerdistributionvcright13
X167-1,430507,Power Distribution Vcright - 1/3,43.0,,interactive.page.powerdistributionvcright13
X167A-1,430508,Power Distribution Vcright - 1/3,43.0,,interactive.page.powerdistributionvcright13
X167A-6,430509,Power Distribution Vcright - 1/3,43.0,,interactive.page.powerdistributionvcright13
X078-1,430510,Power Distribution Vcright - 1/3,43.0,,interactive.page.powerdistributionvcright13
X078-2,430511,Power Distribution Vcright - 1/3,43.0,,interactive.page.powerdistributionvcright13
X077-1,430512,Power Distribution Vcright - 1/3,43.0,,interactive.page.powerdistributionvcright13
X077-2,430513,Power Distribution Vcright - 1/3,43.0,,interactive.page.powerdistributionvcright13
X162A-1,430514,Power Distribution Vcright - 1/3,43.0,,interactive.page.powerdistributionvcright13
X162A-2,430515,Power Distribution Vcright - 1/3,43.0,,interactive.page.powerdistributionvcright13
X162B-1,430516,Power Distribution Vcright - 1/3,43.0,,interactive.page.powerdistributionvcright13
X162B-2,430517,Power Distribution Vcright - 1/3,43.0,,interactive.page.powerdistributionvcright13
154AF-5,430518,Power Distribution Vcright - 1/3,43.0,,interactive.page.powerdistributionvcright13
154AF-6,430519,Power Distribution Vcright - 1/3,43.0,,interactive.page.powerdistributionvcright13
X163A-1,430520,Power Distribution Vcright - 1/3,43.0,,interactive.page.powerdistributionvcright13
X163A-2,430521,Power Distribution Vcright - 1/3,43.0,,interactive.page.powerdistributionvcright13
X163B-1,430522,Power Distribution Vcright - 1/3,43.0,,interactive.page.powerdistributionvcright13
X163B-2,430523,Power Distribution Vcright - 1/3,43.0,,interactive.page.powerdistributionvcright13
155AF-5,430524,Power Distribution Vcright - 1/3,43.0,,interactive.page.powerdistributionvcright13
155AF-6,430525,Power Distribution Vcright - 1/3,43.0,,interactive.page.powerdistributionvcright13
X926F-13,430788,Power Distribution Vcright - 1/3,43.0,,interactive.page.powerdistributionvcright13
X954F-20,430789,Power Distribution Vcright - 1/3,43.0,,interactive.page.powerdistributionvcright13
X954F-15,430790,Power Distribution Vcright - 1/3,43.0,,interactive.page.powerdistributionvcright13
X970F-6,430791,Power Distribution Vcright - 1/3,43.0,,interactive.page.powerdistributionvcright13
X936M-10,430792,Power Distribution Vcright - 1/3,43.0,,interactive.page.powerdistributionvcright13
X962M-3,430793,Power Distribution Vcright - 1/3,43.0,,interactive.page.powerdistributionvcright13
X936F-10,430794,Power Distribution Vcright - 1/3,43.0,,interactive.page.powerdistributionvcright13
X926M-12,430795,Power Distribution Vcright - 1/3,43.0,,interactive.page.powerdistributionvcright13
X954M-11,430796,Power Distribution Vcright - 1/3,43.0,,interactive.page.powerdistributionvcright13
X954M-18,430797,Power Distribution Vcright - 1/3,43.0,,interactive.page.powerdistributionvcright13
X970M-6,430798,Power Distribution Vcright - 1/3,43.0,,interactive.page.powerdistributionvcright13
X954M-14,430799,Power Distribution Vcright - 1/3,43.0,,interactive.page.powerdistributionvcright13
X954M-15,430800,Power Distribution Vcright - 1/3,43.0,,interactive.page.powerdistributionvcright13
X935F-1,430801,Power Distribution Vcright - 1/3,43.0,,interactive.page.powerdistributionvcright13
X954F-14,430802,Power Distribution Vcright - 1/3,43.0,,interactive.page.powerdistributionvcright13
X935M-2,430803,Power Distribution Vcright - 1/3,43.0,,interactive.page.powerdistributionvcright13
X954F-11,430804,Power Distribution Vcright - 1/3,43.0,,interactive.page.powerdistributionvcright13
X954M-3,430805,Power Distribution Vcright - 1/3,43.0,,interactive.page.powerdistributionvcright13
X954M-20,430806,Power Distribution Vcright - 1/3,43.0,,interactive.page.powerdistributionvcright13
X954F-18,430807,Power Distribution Vcright - 1/3,43.0,,interactive.page.powerdistributionvcright13
X936F-5,430808,Power Distribution Vcright - 1/3,43.0,,interactive.page.powerdistributionvcright13
X926F-12,430809,Power Distribution Vcright - 1/3,43.0,,interactive.page.powerdistributionvcright13
X935M-1,430810,Power Distribution Vcright - 1/3,43.0,,interactive.page.powerdistributionvcright13
X926M-13,430811,Power Distribution Vcright - 1/3,43.0,,interactive.page.powerdistributionvcright13
X962F-3,430812,Power Distribution Vcright - 1/3,43.0,,interactive.page.powerdistributionvcright13
X936M-5,430813,Power Distribution Vcright - 1/3,43.0,,interactive.page.powerdistributionvcright13
X935F-2,430814,Power Distribution Vcright - 1/3,43.0,,interactive.page.powerdistributionvcright13
X954F-3,430815,Power Distribution Vcright - 1/3,43.0,,interactive.page.powerdistributionvcright13
X908M-15,430816,Power Distribution Vcright - 1/3,43.0,,interactive.page.powerdistributionvcright13
X908F-15,430817,Power Distribution Vcright - 1/3,43.0,,interactive.page.powerdistributionvcright13
Z1-EXL92,440365,Power Distribution Vcright - 2/3,44.0,,interactive.page.powerdistributionvcright23
Ambient Light - Front Right Door,440490,Power Distribution Vcright - 2/3,44.0,interactive.device.ambientlightfrontrightdoor,interactive.page.powerdistributionvcright23
Ambient Light - Rear Right Door,440491,Power Distribution Vcright - 2/3,44.0,interactive.device.ambientlightrearrightdoor,interactive.page.powerdistributionvcright23
Blind Spot Indicator RH,440492,Power Distribution Vcright - 2/3,44.0,interactive.device.blindspotindicatorrh,interactive.page.powerdistributionvcright23
Door Map Pocket LED Front Right,440493,Power Distribution Vcright - 2/3,44.0,interactive.device.doormappocketledfrontright,interactive.page.powerdistributionvcright23
Door Map Pocket LED Rear Right,440494,Power Distribution Vcright - 2/3,44.0,interactive.device.doormappocketledrearright,interactive.page.powerdistributionvcright23
Exterior Open Switch Rear Right,440495,Power Distribution Vcright - 2/3,44.0,interactive.device.exterioropenswitchrearright,interactive.page.powerdistributionvcright23
Humidity and Glass Temp,440496,Power Distribution Vcright - 2/3,44.0,interactive.device.humidityandglasstemp,interactive.page.powerdistributionvcright23
Interior Open Switch Front Right,440497,Power Distribution Vcright - 2/3,44.0,interactive.device.interioropenswitchfrontright,interactive.page.powerdistributionvcright23
Interior Open Switch Rear Right,440498,Power Distribution Vcright - 2/3,44.0,interactive.device.interioropenswitchrearright,interactive.page.powerdistributionvcright23
License Plate Light Left,440499,Power Distribution Vcright - 2/3,44.0,interactive.device.licenseplatelightleft,interactive.page.powerdistributionvcright23
License Plate Light Right,440500,Power Distribution Vcright - 2/3,44.0,interactive.device.licenseplatelightright,interactive.page.powerdistributionvcright23
Mirror - Rear View - Electrochromatic,440501,Power Distribution Vcright - 2/3,44.0,interactive.device.mirrorrearviewelectrochromatic,interactive.page.powerdistributionvcright23
Puddle LED Front Right,440502,Power Distribution Vcright - 2/3,44.0,interactive.device.puddleledfrontright,interactive.page.powerdistributionvcright23
Puddle LED Rear Right,440503,Power Distribution Vcright - 2/3,44.0,interactive.device.puddleledrearright,interactive.page.powerdistributionvcright23
Radar Interior,440504,Power Distribution Vcright - 2/3,44.0,interactive.device.radarinterior,interactive.page.powerdistributionvcright23
Rear Fascia Lamp LH,440505,Power Distribution Vcright - 2/3,44.0,interactive.device.rearfascialamplh,interactive.page.powerdistributionvcright23
Rear Fascia Lamp RH,440506,Power Distribution Vcright - 2/3,44.0,interactive.device.rearfascialamprh,interactive.page.powerdistributionvcright23
Window Lift Motor Rear Right,440507,Power Distribution Vcright - 2/3,44.0,interactive.device.windowliftmotorrearright,interactive.page.powerdistributionvcright23
Window Switch Driver Front Right,440508,Power Distribution Vcright - 2/3,44.0,interactive.device.windowswitchdriverfrontright,interactive.page.powerdistributionvcright23
Window Switch Pass Front Right,440509,Power Distribution Vcright - 2/3,44.0,interactive.device.windowswitchpassfrontright,interactive.page.powerdistributionvcright23
Window Switch RR,440510,Power Distribution Vcright - 2/3,44.0,interactive.device.windowswitchrr,interactive.page.powerdistributionvcright23
Park Brake Caliper RH - EPB side,440511,Power Distribution Vcright - 2/3,44.0,interactive.device.parkbrakecaliperrhepbside,interactive.page.powerdistributionvcright23
Mirror Right Premium,440512,Power Distribution Vcright - 2/3,44.0,interactive.device.mirrorrightpremium,interactive.page.powerdistributionvcright23
EPB and Adaptive Damper Valve RR,440513,Power Distribution Vcright - 2/3,44.0,interactive.device.epbandadaptivedampervalverr,interactive.page.powerdistributionvcright23
2R Heat Pad Backrest Right,440514,Power Distribution Vcright - 2/3,44.0,interactive.device.2rheatpadbackrestright,interactive.page.powerdistributionvcright23
EPB Right,440515,Power Distribution Vcright - 2/3,44.0,interactive.device.epbright,interactive.page.powerdistributionvcright23
Latch Front Right,440516,Power Distribution Vcright - 2/3,44.0,interactive.device.latchfrontright,interactive.page.powerdistributionvcright23
Window Lift Motor Front Right,440517,Power Distribution Vcright - 2/3,44.0,interactive.device.windowliftmotorfrontright,interactive.page.powerdistributionvcright23
Exterior Open Switch Front Right,440518,Power Distribution Vcright - 2/3,44.0,interactive.device.exterioropenswitchfrontright,interactive.page.powerdistributionvcright23
Drive Unit Oil Pump Rear,440519,Power Distribution Vcright - 2/3,44.0,interactive.device.driveunitoilpumprear,interactive.page.powerdistributionvcright23
Body Controller Right,440520,Power Distribution Vcright - 2/3,44.0,interactive.device.bodycontrollerright,interactive.page.powerdistributionvcright23
X408-1,440552,Power Distribution Vcright - 2/3,44.0,,interactive.page.powerdistributionvcright23
X464-1,440553,Power Distribution Vcright - 2/3,44.0,,interactive.page.powerdistributionvcright23
X409-1,440554,Power Distribution Vcright - 2/3,44.0,,interactive.page.powerdistributionvcright23
X400-1,440555,Power Distribution Vcright - 2/3,44.0,,interactive.page.powerdistributionvcright23
X465-1,440556,Power Distribution Vcright - 2/3,44.0,,interactive.page.powerdistributionvcright23
X455-4,440557,Power Distribution Vcright - 2/3,44.0,,interactive.page.powerdistributionvcright23
X303-1,440558,Power Distribution Vcright - 2/3,44.0,,interactive.page.powerdistributionvcright23
X396-2,440559,Power Distribution Vcright - 2/3,44.0,,interactive.page.powerdistributionvcright23
X456-2,440560,Power Distribution Vcright - 2/3,44.0,,interactive.page.powerdistributionvcright23
X279-1,440561,Power Distribution Vcright - 2/3,44.0,,interactive.page.powerdistributionvcright23
X278-1,440562,Power Distribution Vcright - 2/3,44.0,,interactive.page.powerdistributionvcright23
X129-1,440563,Power Distribution Vcright - 2/3,44.0,,interactive.page.powerdistributionvcright23
X401-1,440564,Power Distribution Vcright - 2/3,44.0,,interactive.page.powerdistributionvcright23
X466-1,440565,Power Distribution Vcright - 2/3,44.0,,interactive.page.powerdistributionvcright23
X486-3,440566,Power Distribution Vcright - 2/3,44.0,,interactive.page.powerdistributionvcright23
X264-1,440567,Power Distribution Vcright - 2/3,44.0,,interactive.page.powerdistributionvcright23
X264-2,440568,Power Distribution Vcright - 2/3,44.0,,interactive.page.powerdistributionvcright23
X264-4,440569,Power Distribution Vcright - 2/3,44.0,,interactive.page.powerdistributionvcright23
X264-5,440570,Power Distribution Vcright - 2/3,44.0,,interactive.page.powerdistributionvcright23
X264-6,440571,Power Distribution Vcright - 2/3,44.0,,interactive.page.powerdistributionvcright23
X265-1,440572,Power Distribution Vcright - 2/3,44.0,,interactive.page.powerdistributionvcright23
X265-2,440573,Power Distribution Vcright - 2/3,44.0,,interactive.page.powerdistributionvcright23
X265-4,440574,Power Distribution Vcright - 2/3,44.0,,interactive.page.powerdistributionvcright23
X265-5,440575,Power Distribution Vcright - 2/3,44.0,,interactive.page.powerdistributionvcright23
X265-6,440576,Power Distribution Vcright - 2/3,44.0,,interactive.page.powerdistributionvcright23
X265-7,440577,Power Distribution Vcright - 2/3,44.0,,interactive.page.powerdistributionvcright23
X463-1,440578,Power Distribution Vcright - 2/3,44.0,,interactive.page.powerdistributionvcright23
X463-5,440579,Power Distribution Vcright - 2/3,44.0,,interactive.page.powerdistributionvcright23
X395-5,440580,Power Distribution Vcright - 2/3,44.0,,interactive.page.powerdistributionvcright23
X399-1,440581,Power Distribution Vcright - 2/3,44.0,,interactive.page.powerdistributionvcright23
X462-1,440582,Power Distribution Vcright - 2/3,44.0,,interactive.page.powerdistributionvcright23
X164-1,440583,Power Distribution Vcright - 2/3,44.0,,interactive.page.powerdistributionvcright23
X164-2,440584,Power Distribution Vcright - 2/3,44.0,,interactive.page.powerdistributionvcright23
X406-1,440585,Power Distribution Vcright - 2/3,44.0,,interactive.page.powerdistributionvcright23
X406-14,440586,Power Distribution Vcright - 2/3,44.0,,interactive.page.powerdistributionvcright23
X406-10,440587,Power Distribution Vcright - 2/3,44.0,,interactive.page.powerdistributionvcright23
X406-8,440588,Power Distribution Vcright - 2/3,44.0,,interactive.page.powerdistributionvcright23
X406-9,440589,Power Distribution Vcright - 2/3,44.0,,interactive.page.powerdistributionvcright23
X406-3,440590,Power Distribution Vcright - 2/3,44.0,,interactive.page.powerdistributionvcright23
X406-2,440591,Power Distribution Vcright - 2/3,44.0,,interactive.page.powerdistributionvcright23
X406-4,440592,Power Distribution Vcright - 2/3,44.0,,interactive.page.powerdistributionvcright23
X163A-3,440593,Power Distribution Vcright - 2/3,44.0,,interactive.page.powerdistributionvcright23
X163A-4,440594,Power Distribution Vcright - 2/3,44.0,,interactive.page.powerdistributionvcright23
X163B-3,440595,Power Distribution Vcright - 2/3,44.0,,interactive.page.powerdistributionvcright23
X163B-4,440596,Power Distribution Vcright - 2/3,44.0,,interactive.page.powerdistributionvcright23
X677-2,440597,Power Distribution Vcright - 2/3,44.0,,interactive.page.powerdistributionvcright23
X163-1,440598,Power Distribution Vcright - 2/3,44.0,,interactive.page.powerdistributionvcright23
X163-2,440599,Power Distribution Vcright - 2/3,44.0,,interactive.page.powerdistributionvcright23
X410-4,440600,Power Distribution Vcright - 2/3,44.0,,interactive.page.powerdistributionvcright23
X410-3,440601,Power Distribution Vcright - 2/3,44.0,,interactive.page.powerdistributionvcright23
X403-1,440602,Power Distribution Vcright - 2/3,44.0,,interactive.page.powerdistributionvcright23
X403-5,440603,Power Distribution Vcright - 2/3,44.0,,interactive.page.powerdistributionvcright23
X397-4,440604,Power Distribution Vcright - 2/3,44.0,,interactive.page.powerdistributionvcright23
X092-1,440605,Power Distribution Vcright - 2/3,44.0,,interactive.page.powerdistributionvcright23
X053B-22,440606,Power Distribution Vcright - 2/3,44.0,,interactive.page.powerdistributionvcright23
X053B-23,440607,Power Distribution Vcright - 2/3,44.0,,interactive.page.powerdistributionvcright23
X053B-14,440608,Power Distribution Vcright - 2/3,44.0,,interactive.page.powerdistributionvcright23
X053B-13,440609,Power Distribution Vcright - 2/3,44.0,,interactive.page.powerdistributionvcright23
X053B-12,440610,Power Distribution Vcright - 2/3,44.0,,interactive.page.powerdistributionvcright23
X053B-11,440611,Power Distribution Vcright - 2/3,44.0,,interactive.page.powerdistributionvcright23
X053B-8,440612,Power Distribution Vcright - 2/3,44.0,,interactive.page.powerdistributionvcright23
X053B-10,440613,Power Distribution Vcright - 2/3,44.0,,interactive.page.powerdistributionvcright23
X053B-9,440614,Power Distribution Vcright - 2/3,44.0,,interactive.page.powerdistributionvcright23
X053A-21,440615,Power Distribution Vcright - 2/3,44.0,,interactive.page.powerdistributionvcright23
X053A-1,440616,Power Distribution Vcright - 2/3,44.0,,interactive.page.powerdistributionvcright23
X053A-2,440617,Power Distribution Vcright - 2/3,44.0,,interactive.page.powerdistributionvcright23
X053B-21,440618,Power Distribution Vcright - 2/3,44.0,,interactive.page.powerdistributionvcright23
X053A-4,440619,Power Distribution Vcright - 2/3,44.0,,interactive.page.powerdistributionvcright23
X053A-3,440620,Power Distribution Vcright - 2/3,44.0,,interactive.page.powerdistributionvcright23
X053A-8,440621,Power Distribution Vcright - 2/3,44.0,,interactive.page.powerdistributionvcright23
X051-11,440622,Power Distribution Vcright - 2/3,44.0,,interactive.page.powerdistributionvcright23
X051-22,440623,Power Distribution Vcright - 2/3,44.0,,interactive.page.powerdistributionvcright23
X051-25,440624,Power Distribution Vcright - 2/3,44.0,,interactive.page.powerdistributionvcright23
X051-21,440625,Power Distribution Vcright - 2/3,44.0,,interactive.page.powerdistributionvcright23
X051-1,440626,Power Distribution Vcright - 2/3,44.0,,interactive.page.powerdistributionvcright23
X051-2,440627,Power Distribution Vcright - 2/3,44.0,,interactive.page.powerdistributionvcright23
X051-26,440628,Power Distribution Vcright - 2/3,44.0,,interactive.page.powerdistributionvcright23
X053A-9,440629,Power Distribution Vcright - 2/3,44.0,,interactive.page.powerdistributionvcright23
X053A-14,440630,Power Distribution Vcright - 2/3,44.0,,interactive.page.powerdistributionvcright23
X053A-15,440631,Power Distribution Vcright - 2/3,44.0,,interactive.page.powerdistributionvcright23
X051-6,440632,Power Distribution Vcright - 2/3,44.0,,interactive.page.powerdistributionvcright23
X051-44,440633,Power Distribution Vcright - 2/3,44.0,,interactive.page.powerdistributionvcright23
X051-17,440634,Power Distribution Vcright - 2/3,44.0,,interactive.page.powerdistributionvcright23
X051-4,440635,Power Distribution Vcright - 2/3,44.0,,interactive.page.powerdistributionvcright23
X051-5,440636,Power Distribution Vcright - 2/3,44.0,,interactive.page.powerdistributionvcright23
X051-38,440637,Power Distribution Vcright - 2/3,44.0,,interactive.page.powerdistributionvcright23
X051-10,440638,Power Distribution Vcright - 2/3,44.0,,interactive.page.powerdistributionvcright23
X051-3,440639,Power Distribution Vcright - 2/3,44.0,,interactive.page.powerdistributionvcright23
X051-7,440640,Power Distribution Vcright - 2/3,44.0,,interactive.page.powerdistributionvcright23
X051-24,440641,Power Distribution Vcright - 2/3,44.0,,interactive.page.powerdistributionvcright23
X051-39,440642,Power Distribution Vcright - 2/3,44.0,,interactive.page.powerdistributionvcright23
X051-9,440643,Power Distribution Vcright - 2/3,44.0,,interactive.page.powerdistributionvcright23
X051-41,440644,Power Distribution Vcright - 2/3,44.0,,interactive.page.powerdistributionvcright23
X050-47,440645,Power Distribution Vcright - 2/3,44.0,,interactive.page.powerdistributionvcright23
X923F-4,440970,Power Distribution Vcright - 2/3,44.0,,interactive.page.powerdistributionvcright23
X923M-5,440971,Power Distribution Vcright - 2/3,44.0,,interactive.page.powerdistributionvcright23
X923M-19,440972,Power Distribution Vcright - 2/3,44.0,,interactive.page.powerdistributionvcright23
X923F-14,440973,Power Distribution Vcright - 2/3,44.0,,interactive.page.powerdistributionvcright23
X923F-8,440974,Power Distribution Vcright - 2/3,44.0,,interactive.page.powerdistributionvcright23
X923M-14,440975,Power Distribution Vcright - 2/3,44.0,,interactive.page.powerdistributionvcright23
X923M-10,440976,Power Distribution Vcright - 2/3,44.0,,interactive.page.powerdistributionvcright23
X923M-4,440977,Power Distribution Vcright - 2/3,44.0,,interactive.page.powerdistributionvcright23
X923F-5,440978,Power Distribution Vcright - 2/3,44.0,,interactive.page.powerdistributionvcright23
X923F-10,440979,Power Distribution Vcright - 2/3,44.0,,interactive.page.powerdistributionvcright23
X923F-19,440980,Power Distribution Vcright - 2/3,44.0,,interactive.page.powerdistributionvcright23
X923M-8,440981,Power Distribution Vcright - 2/3,44.0,,interactive.page.powerdistributionvcright23
X927M-10,440982,Power Distribution Vcright - 2/3,44.0,,interactive.page.powerdistributionvcright23
X927F-10,440983,Power Distribution Vcright - 2/3,44.0,,interactive.page.powerdistributionvcright23
X927M-8,440984,Power Distribution Vcright - 2/3,44.0,,interactive.page.powerdistributionvcright23
X927F-8,440985,Power Distribution Vcright - 2/3,44.0,,interactive.page.powerdistributionvcright23
X927M-5,440986,Power Distribution Vcright - 2/3,44.0,,interactive.page.powerdistributionvcright23
X927F-5,440987,Power Distribution Vcright - 2/3,44.0,,interactive.page.powerdistributionvcright23
X927M-19,440988,Power Distribution Vcright - 2/3,44.0,,interactive.page.powerdistributionvcright23
X927F-19,440989,Power Distribution Vcright - 2/3,44.0,,interactive.page.powerdistributionvcright23
X927M-14,440990,Power Distribution Vcright - 2/3,44.0,,interactive.page.powerdistributionvcright23
X927F-14,440991,Power Distribution Vcright - 2/3,44.0,,interactive.page.powerdistributionvcright23
X926F-22,440992,Power Distribution Vcright - 2/3,44.0,,interactive.page.powerdistributionvcright23
X926M-16,440993,Power Distribution Vcright - 2/3,44.0,,interactive.page.powerdistributionvcright23
X926M-25,440994,Power Distribution Vcright - 2/3,44.0,,interactive.page.powerdistributionvcright23
X926M-22,440995,Power Distribution Vcright - 2/3,44.0,,interactive.page.powerdistributionvcright23
X926F-1,440996,Power Distribution Vcright - 2/3,44.0,,interactive.page.powerdistributionvcright23
X926F-15,440997,Power Distribution Vcright - 2/3,44.0,,interactive.page.powerdistributionvcright23
X926M-1,440998,Power Distribution Vcright - 2/3,44.0,,interactive.page.powerdistributionvcright23
X926F-23,440999,Power Distribution Vcright - 2/3,44.0,,interactive.page.powerdistributionvcright23
X926M-15,441000,Power Distribution Vcright - 2/3,44.0,,interactive.page.powerdistributionvcright23
X926M-9,441001,Power Distribution Vcright - 2/3,44.0,,interactive.page.powerdistributionvcright23
X926F-24,441002,Power Distribution Vcright - 2/3,44.0,,interactive.page.powerdistributionvcright23
X926M-23,441003,Power Distribution Vcright - 2/3,44.0,,interactive.page.powerdistributionvcright23
X926F-16,441004,Power Distribution Vcright - 2/3,44.0,,interactive.page.powerdistributionvcright23
X926F-9,441005,Power Distribution Vcright - 2/3,44.0,,interactive.page.powerdistributionvcright23
X926F-25,441006,Power Distribution Vcright - 2/3,44.0,,interactive.page.powerdistributionvcright23
X926M-24,441007,Power Distribution Vcright - 2/3,44.0,,interactive.page.powerdistributionvcright23
X954M-7,441008,Power Distribution Vcright - 2/3,44.0,,interactive.page.powerdistributionvcright23
X949F-10,441009,Power Distribution Vcright - 2/3,44.0,,interactive.page.powerdistributionvcright23
X962F-7,441010,Power Distribution Vcright - 2/3,44.0,,interactive.page.powerdistributionvcright23
X935F-10,441011,Power Distribution Vcright - 2/3,44.0,,interactive.page.powerdistributionvcright23
X949F-4,441012,Power Distribution Vcright - 2/3,44.0,,interactive.page.powerdistributionvcright23
X949M-5,441013,Power Distribution Vcright - 2/3,44.0,,interactive.page.powerdistributionvcright23
X949F-5,441014,Power Distribution Vcright - 2/3,44.0,,interactive.page.powerdistributionvcright23
X949F-3,441015,Power Distribution Vcright - 2/3,44.0,,interactive.page.powerdistributionvcright23
X949M-4,441016,Power Distribution Vcright - 2/3,44.0,,interactive.page.powerdistributionvcright23
X935M-10,441017,Power Distribution Vcright - 2/3,44.0,,interactive.page.powerdistributionvcright23
X962F-1,441018,Power Distribution Vcright - 2/3,44.0,,interactive.page.powerdistributionvcright23
X949M-3,441019,Power Distribution Vcright - 2/3,44.0,,interactive.page.powerdistributionvcright23
X949M-1,441020,Power Distribution Vcright - 2/3,44.0,,interactive.page.powerdistributionvcright23
X954F-7,441021,Power Distribution Vcright - 2/3,44.0,,interactive.page.powerdistributionvcright23
X949F-1,441022,Power Distribution Vcright - 2/3,44.0,,interactive.page.powerdistributionvcright23
X962M-1,441023,Power Distribution Vcright - 2/3,44.0,,interactive.page.powerdistributionvcright23
X949M-10,441024,Power Distribution Vcright - 2/3,44.0,,interactive.page.powerdistributionvcright23
X952F-10,441025,Power Distribution Vcright - 2/3,44.0,,interactive.page.powerdistributionvcright23
X952M-10,441026,Power Distribution Vcright - 2/3,44.0,,interactive.page.powerdistributionvcright23
X962M-7,441027,Power Distribution Vcright - 2/3,44.0,,interactive.page.powerdistributionvcright23
Cabin Thermistors,450219,Power Distribution Vcright - 3/3,45.0,interactive.device.cabinthermistors,interactive.page.powerdistributionvcright33
Footwell LED Front Right,450220,Power Distribution Vcright - 3/3,45.0,interactive.device.footwellledfrontright,interactive.page.powerdistributionvcright33
Glove Box - LED,450221,Power Distribution Vcright - 3/3,45.0,interactive.device.gloveboxled,interactive.page.powerdistributionvcright33
Glove Box - Magnetic Latches,450222,Power Distribution Vcright - 3/3,45.0,interactive.device.gloveboxmagneticlatches,interactive.page.powerdistributionvcright33
Vertical Vanes Left,450223,Power Distribution Vcright - 3/3,45.0,interactive.device.verticalvanesleft,interactive.page.powerdistributionvcright33
Seat Track Motor Front Right,450224,Power Distribution Vcright - 3/3,45.0,interactive.device.seattrackmotorfrontright,interactive.page.powerdistributionvcright33
Ventilation Fan Backrest Front Right,450225,Power Distribution Vcright - 3/3,45.0,interactive.device.ventilationfanbackrestfrontright,interactive.page.powerdistributionvcright33
Ventilation Fan Cushion Front Right,450226,Power Distribution Vcright - 3/3,45.0,interactive.device.ventilationfancushionfrontright,interactive.page.powerdistributionvcright33
Seat Lift Motor Front Right,450227,Power Distribution Vcright - 3/3,45.0,interactive.device.seatliftmotorfrontright,interactive.page.powerdistributionvcright33
Seat Backrest Pitch Front Right,450228,Power Distribution Vcright - 3/3,45.0,interactive.device.seatbackrestpitchfrontright,interactive.page.powerdistributionvcright33
Lumbar Front Right,450229,Power Distribution Vcright - 3/3,45.0,interactive.device.lumbarfrontright,interactive.page.powerdistributionvcright33
Heat Pad Cushion Front Right,450230,Power Distribution Vcright - 3/3,45.0,interactive.device.heatpadcushionfrontright,interactive.page.powerdistributionvcright33
Seat Tilt Motor Front Right,450231,Power Distribution Vcright - 3/3,45.0,interactive.device.seattiltmotorfrontright,interactive.page.powerdistributionvcright33
Occupant Classification System (OCS),450232,Power Distribution Vcright - 3/3,45.0,interactive.device.occupantclassificationsystemocs,interactive.page.powerdistributionvcright33
Lateral Vanes Left,450233,Power Distribution Vcright - 3/3,45.0,interactive.device.lateralvanesleft,interactive.page.powerdistributionvcright33
Heat Pad Backrest Front Right,450234,Power Distribution Vcright - 3/3,45.0,interactive.device.heatpadbackrestfrontright,interactive.page.powerdistributionvcright33
Body Controller Right,450235,Power Distribution Vcright - 3/3,45.0,interactive.device.bodycontrollerright,interactive.page.powerdistributionvcright33
X542-3,450253,Power Distribution Vcright - 3/3,45.0,,interactive.page.powerdistributionvcright33
X542-4,450254,Power Distribution Vcright - 3/3,45.0,,interactive.page.powerdistributionvcright33
X281-1,450255,Power Distribution Vcright - 3/3,45.0,,interactive.page.powerdistributionvcright33
X188-1,450256,Power Distribution Vcright - 3/3,45.0,,interactive.page.powerdistributionvcright33
X186-1,450257,Power Distribution Vcright - 3/3,45.0,,interactive.page.powerdistributionvcright33
X546-3,450258,Power Distribution Vcright - 3/3,45.0,,interactive.page.powerdistributionvcright33
X546-4,450259,Power Distribution Vcright - 3/3,45.0,,interactive.page.powerdistributionvcright33
X546-7,450260,Power Distribution Vcright - 3/3,45.0,,interactive.page.powerdistributionvcright33
X614R-5,450261,Power Distribution Vcright - 3/3,45.0,,interactive.page.powerdistributionvcright33
X614R-1,450262,Power Distribution Vcright - 3/3,45.0,,interactive.page.powerdistributionvcright33
X626R-1,450263,Power Distribution Vcright - 3/3,45.0,,interactive.page.powerdistributionvcright33
X625R-1,450264,Power Distribution Vcright - 3/3,45.0,,interactive.page.powerdistributionvcright33
X618R-3,450265,Power Distribution Vcright - 3/3,45.0,,interactive.page.powerdistributionvcright33
X618R-1,450266,Power Distribution Vcright - 3/3,45.0,,interactive.page.powerdistributionvcright33
X613R-3,450267,Power Distribution Vcright - 3/3,45.0,,interactive.page.powerdistributionvcright33
X613R-1,450268,Power Distribution Vcright - 3/3,45.0,,interactive.page.powerdistributionvcright33
X619R-1,450269,Power Distribution Vcright - 3/3,45.0,,interactive.page.powerdistributionvcright33
X617R-2,450270,Power Distribution Vcright - 3/3,45.0,,interactive.page.powerdistributionvcright33
X621R-3,450271,Power Distribution Vcright - 3/3,45.0,,interactive.page.powerdistributionvcright33
X621R-1,450272,Power Distribution Vcright - 3/3,45.0,,interactive.page.powerdistributionvcright33
X653-1,450273,Power Distribution Vcright - 3/3,45.0,,interactive.page.powerdistributionvcright33
X559-4,450274,Power Distribution Vcright - 3/3,45.0,,interactive.page.powerdistributionvcright33
X559-3,450275,Power Distribution Vcright - 3/3,45.0,,interactive.page.powerdistributionvcright33
X559-7,450276,Power Distribution Vcright - 3/3,45.0,,interactive.page.powerdistributionvcright33
X616R-2,450277,Power Distribution Vcright - 3/3,45.0,,interactive.page.powerdistributionvcright33
X052-26,450278,Power Distribution Vcright - 3/3,45.0,,interactive.page.powerdistributionvcright33
X052-27,450279,Power Distribution Vcright - 3/3,45.0,,interactive.page.powerdistributionvcright33
X052-29,450280,Power Distribution Vcright - 3/3,45.0,,interactive.page.powerdistributionvcright33
X052-30,450281,Power Distribution Vcright - 3/3,45.0,,interactive.page.powerdistributionvcright33
X052-34,450282,Power Distribution Vcright - 3/3,45.0,,interactive.page.powerdistributionvcright33
X052-46,450283,Power Distribution Vcright - 3/3,45.0,,interactive.page.powerdistributionvcright33
X052-47,450284,Power Distribution Vcright - 3/3,45.0,,interactive.page.powerdistributionvcright33
X052-51,450285,Power Distribution Vcright - 3/3,45.0,,interactive.page.powerdistributionvcright33
X052-52,450286,Power Distribution Vcright - 3/3,45.0,,interactive.page.powerdistributionvcright33
X052-49,450287,Power Distribution Vcright - 3/3,45.0,,interactive.page.powerdistributionvcright33
X052-50,450288,Power Distribution Vcright - 3/3,45.0,,interactive.page.powerdistributionvcright33
X055-27,450289,Power Distribution Vcright - 3/3,45.0,,interactive.page.powerdistributionvcright33
X055-26,450290,Power Distribution Vcright - 3/3,45.0,,interactive.page.powerdistributionvcright33
X055-19,450291,Power Distribution Vcright - 3/3,45.0,,interactive.page.powerdistributionvcright33
X055-17,450292,Power Distribution Vcright - 3/3,45.0,,interactive.page.powerdistributionvcright33
X055-15,450293,Power Distribution Vcright - 3/3,45.0,,interactive.page.powerdistributionvcright33
X055-13,450294,Power Distribution Vcright - 3/3,45.0,,interactive.page.powerdistributionvcright33
X055-14,450295,Power Distribution Vcright - 3/3,45.0,,interactive.page.powerdistributionvcright33
X055-12,450296,Power Distribution Vcright - 3/3,45.0,,interactive.page.powerdistributionvcright33
X052-9,450297,Power Distribution Vcright - 3/3,45.0,,interactive.page.powerdistributionvcright33
X052-20,450298,Power Distribution Vcright - 3/3,45.0,,interactive.page.powerdistributionvcright33
X052-10,450299,Power Distribution Vcright - 3/3,45.0,,interactive.page.powerdistributionvcright33
X055-28,450300,Power Distribution Vcright - 3/3,45.0,,interactive.page.powerdistributionvcright33
X055-29,450301,Power Distribution Vcright - 3/3,45.0,,interactive.page.powerdistributionvcright33
X055-2,450302,Power Distribution Vcright - 3/3,45.0,,interactive.page.powerdistributionvcright33
X990M-8,450436,Power Distribution Vcright - 3/3,45.0,,interactive.page.powerdistributionvcright33
X990F-11,450437,Power Distribution Vcright - 3/3,45.0,,interactive.page.powerdistributionvcright33
X990M-1,450438,Power Distribution Vcright - 3/3,45.0,,interactive.page.powerdistributionvcright33
X990F-8,450439,Power Distribution Vcright - 3/3,45.0,,interactive.page.powerdistributionvcright33
X990F-1,450440,Power Distribution Vcright - 3/3,45.0,,interactive.page.powerdistributionvcright33
X990M-11,450441,Power Distribution Vcright - 3/3,45.0,,interactive.page.powerdistributionvcright33
X990M-5,450442,Power Distribution Vcright - 3/3,45.0,,interactive.page.powerdistributionvcright33
X990F-5,450443,Power Distribution Vcright - 3/3,45.0,,interactive.page.powerdistributionvcright33
X990M-12,450444,Power Distribution Vcright - 3/3,45.0,,interactive.page.powerdistributionvcright33
X990F-12,450445,Power Distribution Vcright - 3/3,45.0,,interactive.page.powerdistributionvcright33
X990M-2,450446,Power Distribution Vcright - 3/3,45.0,,interactive.page.powerdistributionvcright33
X990F-2,450447,Power Distribution Vcright - 3/3,45.0,,interactive.page.powerdistributionvcright33
Body Controller Right,460342,Restraints Control Module Airbags,46.0,interactive.device.bodycontrollerright,interactive.page.restraintscontrolmoduleairbags
Body Controller Left,460343,Restraints Control Module Airbags,46.0,interactive.device.bodycontrollerleft,interactive.page.restraintscontrolmoduleairbags
Restraints Controller,460344,Restraints Control Module Airbags,46.0,interactive.device.restraintscontroller,interactive.page.restraintscontrolmoduleairbags
Body Controller Left,460345,Restraints Control Module Airbags,46.0,interactive.device.bodycontrollerleft,interactive.page.restraintscontrolmoduleairbags
Airbag - Curtain - Left,460346,Restraints Control Module Airbags,46.0,interactive.device.airbagcurtainleft,interactive.page.restraintscontrolmoduleairbags
Airbag - Curtain - Right,460347,Restraints Control Module Airbags,46.0,interactive.device.airbagcurtainright,interactive.page.restraintscontrolmoduleairbags
Airbag - Driver Inboard FL,460348,Restraints Control Module Airbags,46.0,interactive.device.airbagdriverinboardfl,interactive.page.restraintscontrolmoduleairbags
Airbag - Driver Inboard FR,460349,Restraints Control Module Airbags,46.0,interactive.device.airbagdriverinboardfr,interactive.page.restraintscontrolmoduleairbags
Airbag - Driver Knee,460350,Restraints Control Module Airbags,46.0,interactive.device.airbagdriverknee,interactive.page.restraintscontrolmoduleairbags
Airbag - Driver,460351,Restraints Control Module Airbags,46.0,interactive.device.airbagdriver,interactive.page.restraintscontrolmoduleairbags
Airbag - Passenger Knee,460352,Restraints Control Module Airbags,46.0,interactive.device.airbagpassengerknee,interactive.page.restraintscontrolmoduleairbags
Airbag - Passenger,460353,Restraints Control Module Airbags,46.0,interactive.device.airbagpassenger,interactive.page.restraintscontrolmoduleairbags
Airbag - Side Seat FL,460354,Restraints Control Module Airbags,46.0,interactive.device.airbagsideseatfl,interactive.page.restraintscontrolmoduleairbags
Airbag - Side Seat FR,460355,Restraints Control Module Airbags,46.0,interactive.device.airbagsideseatfr,interactive.page.restraintscontrolmoduleairbags
Pyrotechnic Hood Lifter - LH,460356,Restraints Control Module Airbags,46.0,interactive.device.pyrotechnichoodlifterlh,interactive.page.restraintscontrolmoduleairbags
Pyrotechnic Hood Lifter - RH,460357,Restraints Control Module Airbags,46.0,interactive.device.pyrotechnichoodlifterrh,interactive.page.restraintscontrolmoduleairbags
Steering Column Control Module (SCCM),460358,Restraints Control Module Airbags,46.0,interactive.device.steeringcolumncontrolmodulesccm,interactive.page.restraintscontrolmoduleairbags
Body Controller Right,460359,Restraints Control Module Airbags,46.0,interactive.device.bodycontrollerright,interactive.page.restraintscontrolmoduleairbags
X055-7,460378,Restraints Control Module Airbags,46.0,,interactive.page.restraintscontrolmoduleairbags
X055-6,460379,Restraints Control Module Airbags,46.0,,interactive.page.restraintscontrolmoduleairbags
X052-1,460380,Restraints Control Module Airbags,46.0,,interactive.page.restraintscontrolmoduleairbags
X052-2,460381,Restraints Control Module Airbags,46.0,,interactive.page.restraintscontrolmoduleairbags
X035-1,460382,Restraints Control Module Airbags,46.0,,interactive.page.restraintscontrolmoduleairbags
X035-2,460383,Restraints Control Module Airbags,46.0,,interactive.page.restraintscontrolmoduleairbags
X032-8,460384,Restraints Control Module Airbags,46.0,,interactive.page.restraintscontrolmoduleairbags
X032-7,460385,Restraints Control Module Airbags,46.0,,interactive.page.restraintscontrolmoduleairbags
X200-17,460386,Restraints Control Module Airbags,46.0,,interactive.page.restraintscontrolmoduleairbags
X200-16,460387,Restraints Control Module Airbags,46.0,,interactive.page.restraintscontrolmoduleairbags
X200-21,460388,Restraints Control Module Airbags,46.0,,interactive.page.restraintscontrolmoduleairbags
X200-20,460389,Restraints Control Module Airbags,46.0,,interactive.page.restraintscontrolmoduleairbags
X200-9,460390,Restraints Control Module Airbags,46.0,,interactive.page.restraintscontrolmoduleairbags
X200-10,460391,Restraints Control Module Airbags,46.0,,interactive.page.restraintscontrolmoduleairbags
X200-14,460392,Restraints Control Module Airbags,46.0,,interactive.page.restraintscontrolmoduleairbags
X200-15,460393,Restraints Control Module Airbags,46.0,,interactive.page.restraintscontrolmoduleairbags
X200-18,460394,Restraints Control Module Airbags,46.0,,interactive.page.restraintscontrolmoduleairbags
X200-19,460395,Restraints Control Module Airbags,46.0,,interactive.page.restraintscontrolmoduleairbags
X200-5,460396,Restraints Control Module Airbags,46.0,,interactive.page.restraintscontrolmoduleairbags
X200-6,460397,Restraints Control Module Airbags,46.0,,interactive.page.restraintscontrolmoduleairbags
X200-25,460398,Restraints Control Module Airbags,46.0,,interactive.page.restraintscontrolmoduleairbags
X200-24,460399,Restraints Control Module Airbags,46.0,,interactive.page.restraintscontrolmoduleairbags
X200-22,460400,Restraints Control Module Airbags,46.0,,interactive.page.restraintscontrolmoduleairbags
X200-23,460401,Restraints Control Module Airbags,46.0,,interactive.page.restraintscontrolmoduleairbags
X201-12,460402,Restraints Control Module Airbags,46.0,,interactive.page.restraintscontrolmoduleairbags
X201-11,460403,Restraints Control Module Airbags,46.0,,interactive.page.restraintscontrolmoduleairbags
X201-9,460404,Restraints Control Module Airbags,46.0,,interactive.page.restraintscontrolmoduleairbags
X201-10,460405,Restraints Control Module Airbags,46.0,,interactive.page.restraintscontrolmoduleairbags
X200-4,460406,Restraints Control Module Airbags,46.0,,interactive.page.restraintscontrolmoduleairbags
X200-3,460407,Restraints Control Module Airbags,46.0,,interactive.page.restraintscontrolmoduleairbags
X200-1,460408,Restraints Control Module Airbags,46.0,,interactive.page.restraintscontrolmoduleairbags
X200-2,460409,Restraints Control Module Airbags,46.0,,interactive.page.restraintscontrolmoduleairbags
X200-8,460410,Restraints Control Module Airbags,46.0,,interactive.page.restraintscontrolmoduleairbags
X200-7,460411,Restraints Control Module Airbags,46.0,,interactive.page.restraintscontrolmoduleairbags
X201-7,460412,Restraints Control Module Airbags,46.0,,interactive.page.restraintscontrolmoduleairbags
X201-8,460413,Restraints Control Module Airbags,46.0,,interactive.page.restraintscontrolmoduleairbags
X201-6,460414,Restraints Control Module Airbags,46.0,,interactive.page.restraintscontrolmoduleairbags
X201-5,460415,Restraints Control Module Airbags,46.0,,interactive.page.restraintscontrolmoduleairbags
X035-16,460416,Restraints Control Module Airbags,46.0,,interactive.page.restraintscontrolmoduleairbags
X035-32,460417,Restraints Control Module Airbags,46.0,,interactive.page.restraintscontrolmoduleairbags
X032-25,460418,Restraints Control Module Airbags,46.0,,interactive.page.restraintscontrolmoduleairbags
X032-24,460419,Restraints Control Module Airbags,46.0,,interactive.page.restraintscontrolmoduleairbags
X225-1,460420,Restraints Control Module Airbags,46.0,,interactive.page.restraintscontrolmoduleairbags
X225-2,460421,Restraints Control Module Airbags,46.0,,interactive.page.restraintscontrolmoduleairbags
X226-1,460422,Restraints Control Module Airbags,46.0,,interactive.page.restraintscontrolmoduleairbags
X226-2,460423,Restraints Control Module Airbags,46.0,,interactive.page.restraintscontrolmoduleairbags
X244-2,460424,Restraints Control Module Airbags,46.0,,interactive.page.restraintscontrolmoduleairbags
X244-1,460425,Restraints Control Module Airbags,46.0,,interactive.page.restraintscontrolmoduleairbags
X245-1,460426,Restraints Control Module Airbags,46.0,,interactive.page.restraintscontrolmoduleairbags
X245-2,460427,Restraints Control Module Airbags,46.0,,interactive.page.restraintscontrolmoduleairbags
X232-1,460428,Restraints Control Module Airbags,46.0,,interactive.page.restraintscontrolmoduleairbags
X232-2,460429,Restraints Control Module Airbags,46.0,,interactive.page.restraintscontrolmoduleairbags
X227-1,460430,Restraints Control Module Airbags,46.0,,interactive.page.restraintscontrolmoduleairbags
X227-2,460431,Restraints Control Module Airbags,46.0,,interactive.page.restraintscontrolmoduleairbags
X227-3,460432,Restraints Control Module Airbags,46.0,,interactive.page.restraintscontrolmoduleairbags
X227-4,460433,Restraints Control Module Airbags,46.0,,interactive.page.restraintscontrolmoduleairbags
X227-5,460434,Restraints Control Module Airbags,46.0,,interactive.page.restraintscontrolmoduleairbags
X227-6,460435,Restraints Control Module Airbags,46.0,,interactive.page.restraintscontrolmoduleairbags
X233-1,460436,Restraints Control Module Airbags,46.0,,interactive.page.restraintscontrolmoduleairbags
X233-2,460437,Restraints Control Module Airbags,46.0,,interactive.page.restraintscontrolmoduleairbags
X229-1,460438,Restraints Control Module Airbags,46.0,,interactive.page.restraintscontrolmoduleairbags
X229-2,460439,Restraints Control Module Airbags,46.0,,interactive.page.restraintscontrolmoduleairbags
X230-1,460440,Restraints Control Module Airbags,46.0,,interactive.page.restraintscontrolmoduleairbags
X230-2,460441,Restraints Control Module Airbags,46.0,,interactive.page.restraintscontrolmoduleairbags
X231-1,460442,Restraints Control Module Airbags,46.0,,interactive.page.restraintscontrolmoduleairbags
X231-2,460443,Restraints Control Module Airbags,46.0,,interactive.page.restraintscontrolmoduleairbags
X237-1,460444,Restraints Control Module Airbags,46.0,,interactive.page.restraintscontrolmoduleairbags
X237-2,460445,Restraints Control Module Airbags,46.0,,interactive.page.restraintscontrolmoduleairbags
X238-1,460446,Restraints Control Module Airbags,46.0,,interactive.page.restraintscontrolmoduleairbags
X238-2,460447,Restraints Control Module Airbags,46.0,,interactive.page.restraintscontrolmoduleairbags
X250-2,460448,Restraints Control Module Airbags,46.0,,interactive.page.restraintscontrolmoduleairbags
X250-1,460449,Restraints Control Module Airbags,46.0,,interactive.page.restraintscontrolmoduleairbags
X251-1,460450,Restraints Control Module Airbags,46.0,,interactive.page.restraintscontrolmoduleairbags
X251-2,460451,Restraints Control Module Airbags,46.0,,interactive.page.restraintscontrolmoduleairbags
X180-8,460452,Restraints Control Module Airbags,46.0,,interactive.page.restraintscontrolmoduleairbags
X180-9,460453,Restraints Control Module Airbags,46.0,,interactive.page.restraintscontrolmoduleairbags
X180-10,460454,Restraints Control Module Airbags,46.0,,interactive.page.restraintscontrolmoduleairbags
X180-11,460455,Restraints Control Module Airbags,46.0,,interactive.page.restraintscontrolmoduleairbags
X180-12,460456,Restraints Control Module Airbags,46.0,,interactive.page.restraintscontrolmoduleairbags
X180-13,460457,Restraints Control Module Airbags,46.0,,interactive.page.restraintscontrolmoduleairbags
X183-1,460458,Restraints Control Module Airbags,46.0,,interactive.page.restraintscontrolmoduleairbags
X183-2,460459,Restraints Control Module Airbags,46.0,,interactive.page.restraintscontrolmoduleairbags
X183-3,460460,Restraints Control Module Airbags,46.0,,interactive.page.restraintscontrolmoduleairbags
X183-4,460461,Restraints Control Module Airbags,46.0,,interactive.page.restraintscontrolmoduleairbags
X183-5,460462,Restraints Control Module Airbags,46.0,,interactive.page.restraintscontrolmoduleairbags
X183-6,460463,Restraints Control Module Airbags,46.0,,interactive.page.restraintscontrolmoduleairbags
X055-8,460464,Restraints Control Module Airbags,46.0,,interactive.page.restraintscontrolmoduleairbags
X055-9,460465,Restraints Control Module Airbags,46.0,,interactive.page.restraintscontrolmoduleairbags
X052-14,460466,Restraints Control Module Airbags,46.0,,interactive.page.restraintscontrolmoduleairbags
X052-15,460467,Restraints Control Module Airbags,46.0,,interactive.page.restraintscontrolmoduleairbags
X936M-2,460667,Restraints Control Module Airbags,46.0,,interactive.page.restraintscontrolmoduleairbags
X936F-3,460668,Restraints Control Module Airbags,46.0,,interactive.page.restraintscontrolmoduleairbags
X936F-2,460669,Restraints Control Module Airbags,46.0,,interactive.page.restraintscontrolmoduleairbags
X909F-9,460670,Restraints Control Module Airbags,46.0,,interactive.page.restraintscontrolmoduleairbags
X909M-18,460671,Restraints Control Module Airbags,46.0,,interactive.page.restraintscontrolmoduleairbags
X909M-10,460672,Restraints Control Module Airbags,46.0,,interactive.page.restraintscontrolmoduleairbags
X909M-19,460673,Restraints Control Module Airbags,46.0,,interactive.page.restraintscontrolmoduleairbags
X909F-18,460674,Restraints Control Module Airbags,46.0,,interactive.page.restraintscontrolmoduleairbags
X909M-9,460675,Restraints Control Module Airbags,46.0,,interactive.page.restraintscontrolmoduleairbags
X909F-19,460676,Restraints Control Module Airbags,46.0,,interactive.page.restraintscontrolmoduleairbags
X909F-10,460677,Restraints Control Module Airbags,46.0,,interactive.page.restraintscontrolmoduleairbags
X936M-3,460678,Restraints Control Module Airbags,46.0,,interactive.page.restraintscontrolmoduleairbags
MCU (LHD),470233,Restraints Control Module Seatbelts,47.0,interactive.device.mculhd,interactive.page.restraintscontrolmoduleseatbelts
MCU (RHD),470234,Restraints Control Module Seatbelts,47.0,interactive.device.mcurhd,interactive.page.restraintscontrolmoduleseatbelts
HV Battery,470235,Restraints Control Module Seatbelts,47.0,interactive.device.hvbattery,interactive.page.restraintscontrolmoduleseatbelts
Body Controller Right,470236,Restraints Control Module Seatbelts,47.0,interactive.device.bodycontrollerright,interactive.page.restraintscontrolmoduleseatbelts
Restraints Controller,470237,Restraints Control Module Seatbelts,47.0,interactive.device.restraintscontroller,interactive.page.restraintscontrolmoduleseatbelts
Body Controller Left,470238,Restraints Control Module Seatbelts,47.0,interactive.device.bodycontrollerleft,interactive.page.restraintscontrolmoduleseatbelts
Lap Pretensioner - FL,470239,Restraints Control Module Seatbelts,47.0,interactive.device.lappretensionerfl,interactive.page.restraintscontrolmoduleseatbelts
Lap Pretensioner - FR,470240,Restraints Control Module Seatbelts,47.0,interactive.device.lappretensionerfr,interactive.page.restraintscontrolmoduleseatbelts
Retractor - FL,470241,Restraints Control Module Seatbelts,47.0,interactive.device.retractorfl,interactive.page.restraintscontrolmoduleseatbelts
Retractor - FR,470242,Restraints Control Module Seatbelts,47.0,interactive.device.retractorfr,interactive.page.restraintscontrolmoduleseatbelts
Retractor - RL,470243,Restraints Control Module Seatbelts,47.0,interactive.device.retractorrl,interactive.page.restraintscontrolmoduleseatbelts
Retractor - RR,470244,Restraints Control Module Seatbelts,47.0,interactive.device.retractorrr,interactive.page.restraintscontrolmoduleseatbelts
Body Controller Right,470245,Restraints Control Module Seatbelts,47.0,interactive.device.bodycontrollerright,interactive.page.restraintscontrolmoduleseatbelts
X173-7,470259,Restraints Control Module Seatbelts,47.0,,interactive.page.restraintscontrolmoduleseatbelts
X173A-7,470260,Restraints Control Module Seatbelts,47.0,,interactive.page.restraintscontrolmoduleseatbelts
X098-13,470261,Restraints Control Module Seatbelts,47.0,,interactive.page.restraintscontrolmoduleseatbelts
X055-34,470262,Restraints Control Module Seatbelts,47.0,,interactive.page.restraintscontrolmoduleseatbelts
X051-37,470263,Restraints Control Module Seatbelts,47.0,,interactive.page.restraintscontrolmoduleseatbelts
X200-35,470264,Restraints Control Module Seatbelts,47.0,,interactive.page.restraintscontrolmoduleseatbelts
X201-1,470265,Restraints Control Module Seatbelts,47.0,,interactive.page.restraintscontrolmoduleseatbelts
X201-2,470266,Restraints Control Module Seatbelts,47.0,,interactive.page.restraintscontrolmoduleseatbelts
X201-3,470267,Restraints Control Module Seatbelts,47.0,,interactive.page.restraintscontrolmoduleseatbelts
X201-4,470268,Restraints Control Module Seatbelts,47.0,,interactive.page.restraintscontrolmoduleseatbelts
X201-15,470269,Restraints Control Module Seatbelts,47.0,,interactive.page.restraintscontrolmoduleseatbelts
X201-16,470270,Restraints Control Module Seatbelts,47.0,,interactive.page.restraintscontrolmoduleseatbelts
X201-17,470271,Restraints Control Module Seatbelts,47.0,,interactive.page.restraintscontrolmoduleseatbelts
X201-18,470272,Restraints Control Module Seatbelts,47.0,,interactive.page.restraintscontrolmoduleseatbelts
X201-56,470273,Restraints Control Module Seatbelts,47.0,,interactive.page.restraintscontrolmoduleseatbelts
X201-22,470274,Restraints Control Module Seatbelts,47.0,,interactive.page.restraintscontrolmoduleseatbelts
X201-21,470275,Restraints Control Module Seatbelts,47.0,,interactive.page.restraintscontrolmoduleseatbelts
X201-19,470276,Restraints Control Module Seatbelts,47.0,,interactive.page.restraintscontrolmoduleseatbelts
X201-20,470277,Restraints Control Module Seatbelts,47.0,,interactive.page.restraintscontrolmoduleseatbelts
X201-71,470278,Restraints Control Module Seatbelts,47.0,,interactive.page.restraintscontrolmoduleseatbelts
X201-72,470279,Restraints Control Module Seatbelts,47.0,,interactive.page.restraintscontrolmoduleseatbelts
X200-32,470280,Restraints Control Module Seatbelts,47.0,,interactive.page.restraintscontrolmoduleseatbelts
X200-31,470281,Restraints Control Module Seatbelts,47.0,,interactive.page.restraintscontrolmoduleseatbelts
X200-33,470282,Restraints Control Module Seatbelts,47.0,,interactive.page.restraintscontrolmoduleseatbelts
X200-34,470283,Restraints Control Module Seatbelts,47.0,,interactive.page.restraintscontrolmoduleseatbelts
X035-17,470284,Restraints Control Module Seatbelts,47.0,,interactive.page.restraintscontrolmoduleseatbelts
X035-18,470285,Restraints Control Module Seatbelts,47.0,,interactive.page.restraintscontrolmoduleseatbelts
X032-2,470286,Restraints Control Module Seatbelts,47.0,,interactive.page.restraintscontrolmoduleseatbelts
X032-1,470287,Restraints Control Module Seatbelts,47.0,,interactive.page.restraintscontrolmoduleseatbelts
X215-1,470288,Restraints Control Module Seatbelts,47.0,,interactive.page.restraintscontrolmoduleseatbelts
X215-2,470289,Restraints Control Module Seatbelts,47.0,,interactive.page.restraintscontrolmoduleseatbelts
X216-1,470290,Restraints Control Module Seatbelts,47.0,,interactive.page.restraintscontrolmoduleseatbelts
X216-2,470291,Restraints Control Module Seatbelts,47.0,,interactive.page.restraintscontrolmoduleseatbelts
X217-1,470292,Restraints Control Module Seatbelts,47.0,,interactive.page.restraintscontrolmoduleseatbelts
X217-2,470293,Restraints Control Module Seatbelts,47.0,,interactive.page.restraintscontrolmoduleseatbelts
X221-1,470294,Restraints Control Module Seatbelts,47.0,,interactive.page.restraintscontrolmoduleseatbelts
X221-2,470295,Restraints Control Module Seatbelts,47.0,,interactive.page.restraintscontrolmoduleseatbelts
X218-1,470296,Restraints Control Module Seatbelts,47.0,,interactive.page.restraintscontrolmoduleseatbelts
X218-2,470297,Restraints Control Module Seatbelts,47.0,,interactive.page.restraintscontrolmoduleseatbelts
X222-1,470298,Restraints Control Module Seatbelts,47.0,,interactive.page.restraintscontrolmoduleseatbelts
X222-2,470299,Restraints Control Module Seatbelts,47.0,,interactive.page.restraintscontrolmoduleseatbelts
X213-1,470300,Restraints Control Module Seatbelts,47.0,,interactive.page.restraintscontrolmoduleseatbelts
X213-2,470301,Restraints Control Module Seatbelts,47.0,,interactive.page.restraintscontrolmoduleseatbelts
X219-1,470302,Restraints Control Module Seatbelts,47.0,,interactive.page.restraintscontrolmoduleseatbelts
X219-2,470303,Restraints Control Module Seatbelts,47.0,,interactive.page.restraintscontrolmoduleseatbelts
X220-1,470304,Restraints Control Module Seatbelts,47.0,,interactive.page.restraintscontrolmoduleseatbelts
X220-2,470305,Restraints Control Module Seatbelts,47.0,,interactive.page.restraintscontrolmoduleseatbelts
X055-10,470306,Restraints Control Module Seatbelts,47.0,,interactive.page.restraintscontrolmoduleseatbelts
X055-11,470307,Restraints Control Module Seatbelts,47.0,,interactive.page.restraintscontrolmoduleseatbelts
X052-7,470308,Restraints Control Module Seatbelts,47.0,,interactive.page.restraintscontrolmoduleseatbelts
X052-8,470309,Restraints Control Module Seatbelts,47.0,,interactive.page.restraintscontrolmoduleseatbelts
X059-4,470310,Restraints Control Module Seatbelts,47.0,,interactive.page.restraintscontrolmoduleseatbelts
X059-3,470311,Restraints Control Module Seatbelts,47.0,,interactive.page.restraintscontrolmoduleseatbelts
X936F-25,470457,Restraints Control Module Seatbelts,47.0,,interactive.page.restraintscontrolmoduleseatbelts
X936M-25,470458,Restraints Control Module Seatbelts,47.0,,interactive.page.restraintscontrolmoduleseatbelts
X908F-2,470459,Restraints Control Module Seatbelts,47.0,,interactive.page.restraintscontrolmoduleseatbelts
X936F-12,470460,Restraints Control Module Seatbelts,47.0,,interactive.page.restraintscontrolmoduleseatbelts
X936M-12,470461,Restraints Control Module Seatbelts,47.0,,interactive.page.restraintscontrolmoduleseatbelts
X908M-2,470462,Restraints Control Module Seatbelts,47.0,,interactive.page.restraintscontrolmoduleseatbelts
X936F-24,470463,Restraints Control Module Seatbelts,47.0,,interactive.page.restraintscontrolmoduleseatbelts
X936M-24,470464,Restraints Control Module Seatbelts,47.0,,interactive.page.restraintscontrolmoduleseatbelts
X935M-17,470465,Restraints Control Module Seatbelts,47.0,,interactive.page.restraintscontrolmoduleseatbelts
X935F-28,470466,Restraints Control Module Seatbelts,47.0,,interactive.page.restraintscontrolmoduleseatbelts
X935F-17,470467,Restraints Control Module Seatbelts,47.0,,interactive.page.restraintscontrolmoduleseatbelts
X935M-28,470468,Restraints Control Module Seatbelts,47.0,,interactive.page.restraintscontrolmoduleseatbelts
X935F-18,470469,Restraints Control Module Seatbelts,47.0,,interactive.page.restraintscontrolmoduleseatbelts
X935M-18,470470,Restraints Control Module Seatbelts,47.0,,interactive.page.restraintscontrolmoduleseatbelts
X936F-13,470471,Restraints Control Module Seatbelts,47.0,,interactive.page.restraintscontrolmoduleseatbelts
X936M-13,470472,Restraints Control Module Seatbelts,47.0,,interactive.page.restraintscontrolmoduleseatbelts
Restraints Controller,480339,Restraints Control Module Sensors,48.0,interactive.device.restraintscontroller,interactive.page.restraintscontrolmodulesensors
Body Controller Left,480340,Restraints Control Module Sensors,48.0,interactive.device.bodycontrollerleft,interactive.page.restraintscontrolmodulesensors
Body Controller Left,480341,Restraints Control Module Sensors,48.0,interactive.device.bodycontrollerleft,interactive.page.restraintscontrolmodulesensors
Impact Sensor - B-Pillar Left,480342,Restraints Control Module Sensors,48.0,interactive.device.impactsensorbpillarleft,interactive.page.restraintscontrolmodulesensors
Impact Sensor - B-Pillar Right,480343,Restraints Control Module Sensors,48.0,interactive.device.impactsensorbpillarright,interactive.page.restraintscontrolmodulesensors
Impact Sensor - FEM Bracket Left,480344,Restraints Control Module Sensors,48.0,interactive.device.impactsensorfembracketleft,interactive.page.restraintscontrolmodulesensors
Impact Sensor - FEM Bracket Right,480345,Restraints Control Module Sensors,48.0,interactive.device.impactsensorfembracketright,interactive.page.restraintscontrolmodulesensors
Impact Sensor - Front Mid,480346,Restraints Control Module Sensors,48.0,interactive.device.impactsensorfrontmid,interactive.page.restraintscontrolmodulesensors
Pressure Sensor - FL Door,480347,Restraints Control Module Sensors,48.0,interactive.device.pressuresensorfldoor,interactive.page.restraintscontrolmodulesensors
Pressure Sensor - FR Door,480348,Restraints Control Module Sensors,48.0,interactive.device.pressuresensorfrdoor,interactive.page.restraintscontrolmodulesensors
Pressure Sensor - RL Door,480349,Restraints Control Module Sensors,48.0,interactive.device.pressuresensorrldoor,interactive.page.restraintscontrolmodulesensors
Pressure Sensor - RR Door,480350,Restraints Control Module Sensors,48.0,interactive.device.pressuresensorrrdoor,interactive.page.restraintscontrolmodulesensors
Pressure Tube - LH,480351,Restraints Control Module Sensors,48.0,interactive.device.pressuretubelh,interactive.page.restraintscontrolmodulesensors
Pressure Tube - RH,480352,Restraints Control Module Sensors,48.0,interactive.device.pressuretuberh,interactive.page.restraintscontrolmodulesensors
Pyrotechnic Hood Lifter - LH,480353,Restraints Control Module Sensors,48.0,interactive.device.pyrotechnichoodlifterlh,interactive.page.restraintscontrolmodulesensors
Pyrotechnic Hood Lifter - RH,480354,Restraints Control Module Sensors,48.0,interactive.device.pyrotechnichoodlifterrh,interactive.page.restraintscontrolmodulesensors
Body Controller Right,480355,Restraints Control Module Sensors,48.0,interactive.device.bodycontrollerright,interactive.page.restraintscontrolmodulesensors
X200-52,480373,Restraints Control Module Sensors,48.0,,interactive.page.restraintscontrolmodulesensors
X200-51,480374,Restraints Control Module Sensors,48.0,,interactive.page.restraintscontrolmodulesensors
X200-38,480375,Restraints Control Module Sensors,48.0,,interactive.page.restraintscontrolmodulesensors
X200-39,480376,Restraints Control Module Sensors,48.0,,interactive.page.restraintscontrolmodulesensors
X201-39,480377,Restraints Control Module Sensors,48.0,,interactive.page.restraintscontrolmodulesensors
X201-40,480378,Restraints Control Module Sensors,48.0,,interactive.page.restraintscontrolmodulesensors
X201-38,480379,Restraints Control Module Sensors,48.0,,interactive.page.restraintscontrolmodulesensors
X201-37,480380,Restraints Control Module Sensors,48.0,,interactive.page.restraintscontrolmodulesensors
X200-45,480381,Restraints Control Module Sensors,48.0,,interactive.page.restraintscontrolmodulesensors
X200-46,480382,Restraints Control Module Sensors,48.0,,interactive.page.restraintscontrolmodulesensors
X200-44,480383,Restraints Control Module Sensors,48.0,,interactive.page.restraintscontrolmodulesensors
X200-43,480384,Restraints Control Module Sensors,48.0,,interactive.page.restraintscontrolmodulesensors
X201-45,480385,Restraints Control Module Sensors,48.0,,interactive.page.restraintscontrolmodulesensors
X201-46,480386,Restraints Control Module Sensors,48.0,,interactive.page.restraintscontrolmodulesensors
X200-47,480387,Restraints Control Module Sensors,48.0,,interactive.page.restraintscontrolmodulesensors
X200-48,480388,Restraints Control Module Sensors,48.0,,interactive.page.restraintscontrolmodulesensors
X200-49,480389,Restraints Control Module Sensors,48.0,,interactive.page.restraintscontrolmodulesensors
X200-50,480390,Restraints Control Module Sensors,48.0,,interactive.page.restraintscontrolmodulesensors
X201-5,480391,Restraints Control Module Sensors,48.0,,interactive.page.restraintscontrolmodulesensors
X201-6,480392,Restraints Control Module Sensors,48.0,,interactive.page.restraintscontrolmodulesensors
X201-7,480393,Restraints Control Module Sensors,48.0,,interactive.page.restraintscontrolmodulesensors
X201-8,480394,Restraints Control Module Sensors,48.0,,interactive.page.restraintscontrolmodulesensors
X201-41,480395,Restraints Control Module Sensors,48.0,,interactive.page.restraintscontrolmodulesensors
X201-42,480396,Restraints Control Module Sensors,48.0,,interactive.page.restraintscontrolmodulesensors
X201-43,480397,Restraints Control Module Sensors,48.0,,interactive.page.restraintscontrolmodulesensors
X201-44,480398,Restraints Control Module Sensors,48.0,,interactive.page.restraintscontrolmodulesensors
X037-7,480399,Restraints Control Module Sensors,48.0,,interactive.page.restraintscontrolmodulesensors
X037-8,480400,Restraints Control Module Sensors,48.0,,interactive.page.restraintscontrolmodulesensors
X037-20,480401,Restraints Control Module Sensors,48.0,,interactive.page.restraintscontrolmodulesensors
X037-21,480402,Restraints Control Module Sensors,48.0,,interactive.page.restraintscontrolmodulesensors
X035-4,480403,Restraints Control Module Sensors,48.0,,interactive.page.restraintscontrolmodulesensors
X035-7,480404,Restraints Control Module Sensors,48.0,,interactive.page.restraintscontrolmodulesensors
X035-23,480405,Restraints Control Module Sensors,48.0,,interactive.page.restraintscontrolmodulesensors
X035-8,480406,Restraints Control Module Sensors,48.0,,interactive.page.restraintscontrolmodulesensors
X037-18,480407,Restraints Control Module Sensors,48.0,,interactive.page.restraintscontrolmodulesensors
X037-19,480408,Restraints Control Module Sensors,48.0,,interactive.page.restraintscontrolmodulesensors
X035-21,480409,Restraints Control Module Sensors,48.0,,interactive.page.restraintscontrolmodulesensors
X035-6,480410,Restraints Control Module Sensors,48.0,,interactive.page.restraintscontrolmodulesensors
X033B-14,480411,Restraints Control Module Sensors,48.0,,interactive.page.restraintscontrolmodulesensors
X033B-13,480412,Restraints Control Module Sensors,48.0,,interactive.page.restraintscontrolmodulesensors
X035-26,480413,Restraints Control Module Sensors,48.0,,interactive.page.restraintscontrolmodulesensors
X035-27,480414,Restraints Control Module Sensors,48.0,,interactive.page.restraintscontrolmodulesensors
X035-9,480415,Restraints Control Module Sensors,48.0,,interactive.page.restraintscontrolmodulesensors
X035-25,480416,Restraints Control Module Sensors,48.0,,interactive.page.restraintscontrolmodulesensors
X037-24,480417,Restraints Control Module Sensors,48.0,,interactive.page.restraintscontrolmodulesensors
X037-25,480418,Restraints Control Module Sensors,48.0,,interactive.page.restraintscontrolmodulesensors
X206-1,480419,Restraints Control Module Sensors,48.0,,interactive.page.restraintscontrolmodulesensors
X206-2,480420,Restraints Control Module Sensors,48.0,,interactive.page.restraintscontrolmodulesensors
X207-1,480421,Restraints Control Module Sensors,48.0,,interactive.page.restraintscontrolmodulesensors
X207-2,480422,Restraints Control Module Sensors,48.0,,interactive.page.restraintscontrolmodulesensors
X202-2,480423,Restraints Control Module Sensors,48.0,,interactive.page.restraintscontrolmodulesensors
X202-1,480424,Restraints Control Module Sensors,48.0,,interactive.page.restraintscontrolmodulesensors
X203-1,480425,Restraints Control Module Sensors,48.0,,interactive.page.restraintscontrolmodulesensors
X203-2,480426,Restraints Control Module Sensors,48.0,,interactive.page.restraintscontrolmodulesensors
X210-1,480427,Restraints Control Module Sensors,48.0,,interactive.page.restraintscontrolmodulesensors
X210-2,480428,Restraints Control Module Sensors,48.0,,interactive.page.restraintscontrolmodulesensors
X204-2,480429,Restraints Control Module Sensors,48.0,,interactive.page.restraintscontrolmodulesensors
X204-1,480430,Restraints Control Module Sensors,48.0,,interactive.page.restraintscontrolmodulesensors
X205-1,480431,Restraints Control Module Sensors,48.0,,interactive.page.restraintscontrolmodulesensors
X205-2,480432,Restraints Control Module Sensors,48.0,,interactive.page.restraintscontrolmodulesensors
X208-1,480433,Restraints Control Module Sensors,48.0,,interactive.page.restraintscontrolmodulesensors
X208-2,480434,Restraints Control Module Sensors,48.0,,interactive.page.restraintscontrolmodulesensors
X209-1,480435,Restraints Control Module Sensors,48.0,,interactive.page.restraintscontrolmodulesensors
X209-2,480436,Restraints Control Module Sensors,48.0,,interactive.page.restraintscontrolmodulesensors
X252-1,480437,Restraints Control Module Sensors,48.0,,interactive.page.restraintscontrolmodulesensors
X252-2,480438,Restraints Control Module Sensors,48.0,,interactive.page.restraintscontrolmodulesensors
X253-1,480439,Restraints Control Module Sensors,48.0,,interactive.page.restraintscontrolmodulesensors
X253-2,480440,Restraints Control Module Sensors,48.0,,interactive.page.restraintscontrolmodulesensors
X250-2,480441,Restraints Control Module Sensors,48.0,,interactive.page.restraintscontrolmodulesensors
X250-1,480442,Restraints Control Module Sensors,48.0,,interactive.page.restraintscontrolmodulesensors
X251-1,480443,Restraints Control Module Sensors,48.0,,interactive.page.restraintscontrolmodulesensors
X251-2,480444,Restraints Control Module Sensors,48.0,,interactive.page.restraintscontrolmodulesensors
X053B-18,480445,Restraints Control Module Sensors,48.0,,interactive.page.restraintscontrolmodulesensors
X053B-19,480446,Restraints Control Module Sensors,48.0,,interactive.page.restraintscontrolmodulesensors
X055-1,480447,Restraints Control Module Sensors,48.0,,interactive.page.restraintscontrolmodulesensors
X055-18,480448,Restraints Control Module Sensors,48.0,,interactive.page.restraintscontrolmodulesensors
X924M-21,480659,Restraints Control Module Sensors,48.0,,interactive.page.restraintscontrolmodulesensors
X924F-21,480660,Restraints Control Module Sensors,48.0,,interactive.page.restraintscontrolmodulesensors
X936F-17,480661,Restraints Control Module Sensors,48.0,,interactive.page.restraintscontrolmodulesensors
X936M-17,480662,Restraints Control Module Sensors,48.0,,interactive.page.restraintscontrolmodulesensors
X936F-16,480663,Restraints Control Module Sensors,48.0,,interactive.page.restraintscontrolmodulesensors
X936M-16,480664,Restraints Control Module Sensors,48.0,,interactive.page.restraintscontrolmodulesensors
X924F-20,480665,Restraints Control Module Sensors,48.0,,interactive.page.restraintscontrolmodulesensors
X909M-19,480666,Restraints Control Module Sensors,48.0,,interactive.page.restraintscontrolmodulesensors
X935F-12,480667,Restraints Control Module Sensors,48.0,,interactive.page.restraintscontrolmodulesensors
X909F-5,480668,Restraints Control Module Sensors,48.0,,interactive.page.restraintscontrolmodulesensors
X909M-4,480669,Restraints Control Module Sensors,48.0,,interactive.page.restraintscontrolmodulesensors
X909M-10,480670,Restraints Control Module Sensors,48.0,,interactive.page.restraintscontrolmodulesensors
X909F-4,480671,Restraints Control Module Sensors,48.0,,interactive.page.restraintscontrolmodulesensors
X935F-11,480672,Restraints Control Module Sensors,48.0,,interactive.page.restraintscontrolmodulesensors
X909M-9,480673,Restraints Control Module Sensors,48.0,,interactive.page.restraintscontrolmodulesensors
X909M-5,480674,Restraints Control Module Sensors,48.0,,interactive.page.restraintscontrolmodulesensors
X909M-18,480675,Restraints Control Module Sensors,48.0,,interactive.page.restraintscontrolmodulesensors
X926F-20,480676,Restraints Control Module Sensors,48.0,,interactive.page.restraintscontrolmodulesensors
X926M-20,480677,Restraints Control Module Sensors,48.0,,interactive.page.restraintscontrolmodulesensors
X926F-21,480678,Restraints Control Module Sensors,48.0,,interactive.page.restraintscontrolmodulesensors
X926M-21,480679,Restraints Control Module Sensors,48.0,,interactive.page.restraintscontrolmodulesensors
X924M-20,480680,Restraints Control Module Sensors,48.0,,interactive.page.restraintscontrolmodulesensors
X905F-6,480681,Restraints Control Module Sensors,48.0,,interactive.page.restraintscontrolmodulesensors
X905M-6,480682,Restraints Control Module Sensors,48.0,,interactive.page.restraintscontrolmodulesensors
X905F-5,480683,Restraints Control Module Sensors,48.0,,interactive.page.restraintscontrolmodulesensors
X905M-5,480684,Restraints Control Module Sensors,48.0,,interactive.page.restraintscontrolmodulesensors
X935M-12,480685,Restraints Control Module Sensors,48.0,,interactive.page.restraintscontrolmodulesensors
X909F-9,480686,Restraints Control Module Sensors,48.0,,interactive.page.restraintscontrolmodulesensors
X935M-11,480687,Restraints Control Module Sensors,48.0,,interactive.page.restraintscontrolmodulesensors
X909F-10,480688,Restraints Control Module Sensors,48.0,,interactive.page.restraintscontrolmodulesensors
X909F-18,480689,Restraints Control Module Sensors,48.0,,interactive.page.restraintscontrolmodulesensors
X909F-19,480690,Restraints Control Module Sensors,48.0,,interactive.page.restraintscontrolmodulesensors
Antenna - FM/DAB,490275,Rf Special Cables Lhd,49.0,interactive.device.antennafmdab,interactive.page.rfspecialcableslhd
Liftgate External Switch & BUC,490276,Rf Special Cables Lhd,49.0,interactive.device.liftgateexternalswitchbuc,interactive.page.rfspecialcableslhd
Camera - Interior,490277,Rf Special Cables Lhd,49.0,interactive.device.camerainterior,interactive.page.rfspecialcableslhd
Camera - B-Pillar Right,490278,Rf Special Cables Lhd,49.0,interactive.device.camerabpillarright,interactive.page.rfspecialcableslhd
Rear Display,490279,Rf Special Cables Lhd,49.0,interactive.device.reardisplay,interactive.page.rfspecialcableslhd
Center Display,490280,Rf Special Cables Lhd,49.0,interactive.device.centerdisplay,interactive.page.rfspecialcableslhd
Camera - Side Repeater Left,490281,Rf Special Cables Lhd,49.0,interactive.device.camerasiderepeaterleft,interactive.page.rfspecialcableslhd
TCU,490282,Rf Special Cables Lhd,49.0,,interactive.page.rfspecialcableslhd
Glove Box USB Port,490283,Rf Special Cables Lhd,49.0,interactive.device.gloveboxusbport,interactive.page.rfspecialcableslhd
Camera - Main Far-Field Forward,490284,Rf Special Cables Lhd,49.0,interactive.device.cameramainfarfieldforward,interactive.page.rfspecialcableslhd
Camera - B-Pillar Left,490285,Rf Special Cables Lhd,49.0,interactive.device.camerabpillarleft,interactive.page.rfspecialcableslhd
Camera - Wide Far-Field Forward,490286,Rf Special Cables Lhd,49.0,interactive.device.camerawidefarfieldforward,interactive.page.rfspecialcableslhd
Camera - Side Repeater Right,490287,Rf Special Cables Lhd,49.0,interactive.device.camerasiderepeaterright,interactive.page.rfspecialcableslhd
MCU (LHD),490288,Rf Special Cables Lhd,49.0,interactive.device.mculhd,interactive.page.rfspecialcableslhd
Autopilot ECU (LHD),490289,Rf Special Cables Lhd,49.0,interactive.device.autopiloteculhd,interactive.page.rfspecialcableslhd
Camera - Front Fascia,490290,Rf Special Cables Lhd,49.0,interactive.device.camerafrontfascia,interactive.page.rfspecialcableslhd
Antenna - GPS,490291,Rf Special Cables Lhd,49.0,interactive.device.antennagps,interactive.page.rfspecialcableslhd
Radio Tuner,490292,Rf Special Cables Lhd,49.0,interactive.device.radiotuner,interactive.page.rfspecialcableslhd
X845-1,490311,Rf Special Cables Lhd,49.0,,interactive.page.rfspecialcableslhd
X867-1,490312,Rf Special Cables Lhd,49.0,,interactive.page.rfspecialcableslhd
X880-1,490313,Rf Special Cables Lhd,49.0,,interactive.page.rfspecialcableslhd
X817-1,490314,Rf Special Cables Lhd,49.0,,interactive.page.rfspecialcableslhd
X857-1,490315,Rf Special Cables Lhd,49.0,,interactive.page.rfspecialcableslhd
X857-2,490316,Rf Special Cables Lhd,49.0,,interactive.page.rfspecialcableslhd
X857-H,490317,Rf Special Cables Lhd,49.0,,interactive.page.rfspecialcableslhd
G006-1,490318,Rf Special Cables Lhd,49.0,,interactive.page.rfspecialcableslhd
X189-1,490319,Rf Special Cables Lhd,49.0,,interactive.page.rfspecialcableslhd
X189-2,490320,Rf Special Cables Lhd,49.0,,interactive.page.rfspecialcableslhd
X189-3,490321,Rf Special Cables Lhd,49.0,,interactive.page.rfspecialcableslhd
X189-4,490322,Rf Special Cables Lhd,49.0,,interactive.page.rfspecialcableslhd
X189-5,490323,Rf Special Cables Lhd,49.0,,interactive.page.rfspecialcableslhd
X189-6,490324,Rf Special Cables Lhd,49.0,,interactive.page.rfspecialcableslhd
X189-7,490325,Rf Special Cables Lhd,49.0,,interactive.page.rfspecialcableslhd
X189-8,490326,Rf Special Cables Lhd,49.0,,interactive.page.rfspecialcableslhd
X861-1,490327,Rf Special Cables Lhd,49.0,,interactive.page.rfspecialcableslhd
X861-2,490328,Rf Special Cables Lhd,49.0,,interactive.page.rfspecialcableslhd
X861-H,490329,Rf Special Cables Lhd,49.0,,interactive.page.rfspecialcableslhd
X823-1,490330,Rf Special Cables Lhd,49.0,,interactive.page.rfspecialcableslhd
X825-H,490331,Rf Special Cables Lhd,49.0,,interactive.page.rfspecialcableslhd
X607-5,490332,Rf Special Cables Lhd,49.0,,interactive.page.rfspecialcableslhd
X853-1,490333,Rf Special Cables Lhd,49.0,,interactive.page.rfspecialcableslhd
X898-1,490334,Rf Special Cables Lhd,49.0,,interactive.page.rfspecialcableslhd
X816-1,490335,Rf Special Cables Lhd,49.0,,interactive.page.rfspecialcableslhd
X896-1,490336,Rf Special Cables Lhd,49.0,,interactive.page.rfspecialcableslhd
X824-1,490337,Rf Special Cables Lhd,49.0,,interactive.page.rfspecialcableslhd
X852-1,490338,Rf Special Cables Lhd,49.0,,interactive.page.rfspecialcableslhd
X858-H,490339,Rf Special Cables Lhd,49.0,,interactive.page.rfspecialcableslhd
X858-1,490340,Rf Special Cables Lhd,49.0,,interactive.page.rfspecialcableslhd
X858-2,490341,Rf Special Cables Lhd,49.0,,interactive.page.rfspecialcableslhd
X850-H,490342,Rf Special Cables Lhd,49.0,,interactive.page.rfspecialcableslhd
X860-H,490343,Rf Special Cables Lhd,49.0,,interactive.page.rfspecialcableslhd
X860-2,490344,Rf Special Cables Lhd,49.0,,interactive.page.rfspecialcableslhd
X860-1,490345,Rf Special Cables Lhd,49.0,,interactive.page.rfspecialcableslhd
X176-7,490346,Rf Special Cables Lhd,49.0,,interactive.page.rfspecialcableslhd
X176-8,490347,Rf Special Cables Lhd,49.0,,interactive.page.rfspecialcableslhd
X176-4,490348,Rf Special Cables Lhd,49.0,,interactive.page.rfspecialcableslhd
X176-3,490349,Rf Special Cables Lhd,49.0,,interactive.page.rfspecialcableslhd
X176-6,490350,Rf Special Cables Lhd,49.0,,interactive.page.rfspecialcableslhd
X176-5,490351,Rf Special Cables Lhd,49.0,,interactive.page.rfspecialcableslhd
X176-2,490352,Rf Special Cables Lhd,49.0,,interactive.page.rfspecialcableslhd
X176-1,490353,Rf Special Cables Lhd,49.0,,interactive.page.rfspecialcableslhd
X171-14,490354,Rf Special Cables Lhd,49.0,,interactive.page.rfspecialcableslhd
X833-H,490355,Rf Special Cables Lhd,49.0,,interactive.page.rfspecialcableslhd
X849-H,490356,Rf Special Cables Lhd,49.0,,interactive.page.rfspecialcableslhd
X851-H,490357,Rf Special Cables Lhd,49.0,,interactive.page.rfspecialcableslhd
X854-H,490358,Rf Special Cables Lhd,49.0,,interactive.page.rfspecialcableslhd
X801-1,490359,Rf Special Cables Lhd,49.0,,interactive.page.rfspecialcableslhd
X838-1,490360,Rf Special Cables Lhd,49.0,,interactive.page.rfspecialcableslhd
X838-2,490361,Rf Special Cables Lhd,49.0,,interactive.page.rfspecialcableslhd
X838-3,490362,Rf Special Cables Lhd,49.0,,interactive.page.rfspecialcableslhd
X838-4,490363,Rf Special Cables Lhd,49.0,,interactive.page.rfspecialcableslhd
X891-1,490364,Rf Special Cables Lhd,49.0,,interactive.page.rfspecialcableslhd
X891-2,490365,Rf Special Cables Lhd,49.0,,interactive.page.rfspecialcableslhd
X870-1,490366,Rf Special Cables Lhd,49.0,,interactive.page.rfspecialcableslhd
X870-2,490367,Rf Special Cables Lhd,49.0,,interactive.page.rfspecialcableslhd
X892-1,490368,Rf Special Cables Lhd,49.0,,interactive.page.rfspecialcableslhd
X895-1,490369,Rf Special Cables Lhd,49.0,,interactive.page.rfspecialcableslhd
X834-1,490370,Rf Special Cables Lhd,49.0,,interactive.page.rfspecialcableslhd
X818-1,490371,Rf Special Cables Lhd,49.0,,interactive.page.rfspecialcableslhd
G031-14,490496,Rf Special Cables Lhd,49.0,,interactive.page.rfspecialcableslhd
X886M-1,490555,Rf Special Cables Lhd,49.0,,interactive.page.rfspecialcableslhd
X886F-1,490556,Rf Special Cables Lhd,49.0,,interactive.page.rfspecialcableslhd
X822F-1,490557,Rf Special Cables Lhd,49.0,,interactive.page.rfspecialcableslhd
X822M-1,490558,Rf Special Cables Lhd,49.0,,interactive.page.rfspecialcableslhd
X885M-1,490559,Rf Special Cables Lhd,49.0,,interactive.page.rfspecialcableslhd
X885F-1,490560,Rf Special Cables Lhd,49.0,,interactive.page.rfspecialcableslhd
X866F-1,490561,Rf Special Cables Lhd,49.0,,interactive.page.rfspecialcableslhd
X866M-1,490562,Rf Special Cables Lhd,49.0,,interactive.page.rfspecialcableslhd
X876F-1,490563,Rf Special Cables Lhd,49.0,,interactive.page.rfspecialcableslhd
X876M-1,490564,Rf Special Cables Lhd,49.0,,interactive.page.rfspecialcableslhd
X876F-2,490565,Rf Special Cables Lhd,49.0,,interactive.page.rfspecialcableslhd
X876M-2,490566,Rf Special Cables Lhd,49.0,,interactive.page.rfspecialcableslhd
X876F-H,490567,Rf Special Cables Lhd,49.0,,interactive.page.rfspecialcableslhd
X876M-H,490568,Rf Special Cables Lhd,49.0,,interactive.page.rfspecialcableslhd
X886M-4,490569,Rf Special Cables Lhd,49.0,,interactive.page.rfspecialcableslhd
X886F-4,490570,Rf Special Cables Lhd,49.0,,interactive.page.rfspecialcableslhd
X886M-3,490571,Rf Special Cables Lhd,49.0,,interactive.page.rfspecialcableslhd
X886F-3,490572,Rf Special Cables Lhd,49.0,,interactive.page.rfspecialcableslhd
X887M-1,490573,Rf Special Cables Lhd,49.0,,interactive.page.rfspecialcableslhd
X887F-1,490574,Rf Special Cables Lhd,49.0,,interactive.page.rfspecialcableslhd
X930F-2,490575,Rf Special Cables Lhd,49.0,,interactive.page.rfspecialcableslhd
X930M-2,490576,Rf Special Cables Lhd,49.0,,interactive.page.rfspecialcableslhd
Liftgate External Switch & BUC,500263,Rf Special Cables Rhd,50.0,interactive.device.liftgateexternalswitchbuc,interactive.page.rfspecialcablesrhd
Camera - Interior,500264,Rf Special Cables Rhd,50.0,interactive.device.camerainterior,interactive.page.rfspecialcablesrhd
Autopilot ECU (RHD),500265,Rf Special Cables Rhd,50.0,interactive.device.autopilotecurhd,interactive.page.rfspecialcablesrhd
Camera - B-Pillar Right,500266,Rf Special Cables Rhd,50.0,interactive.device.camerabpillarright,interactive.page.rfspecialcablesrhd
Rear Display,500267,Rf Special Cables Rhd,50.0,interactive.device.reardisplay,interactive.page.rfspecialcablesrhd
Center Display,500268,Rf Special Cables Rhd,50.0,interactive.device.centerdisplay,interactive.page.rfspecialcablesrhd
Camera - Side Repeater Left,500269,Rf Special Cables Rhd,50.0,interactive.device.camerasiderepeaterleft,interactive.page.rfspecialcablesrhd
TCU,500270,Rf Special Cables Rhd,50.0,,interactive.page.rfspecialcablesrhd
Glove Box USB Port,500271,Rf Special Cables Rhd,50.0,interactive.device.gloveboxusbport,interactive.page.rfspecialcablesrhd
Camera - Main Far-Field Forward,500272,Rf Special Cables Rhd,50.0,interactive.device.cameramainfarfieldforward,interactive.page.rfspecialcablesrhd
Camera - B-Pillar Left,500273,Rf Special Cables Rhd,50.0,interactive.device.camerabpillarleft,interactive.page.rfspecialcablesrhd
Camera - Wide Far-Field Forward,500274,Rf Special Cables Rhd,50.0,interactive.device.camerawidefarfieldforward,interactive.page.rfspecialcablesrhd
MCU (RHD),500275,Rf Special Cables Rhd,50.0,interactive.device.mcurhd,interactive.page.rfspecialcablesrhd
Camera - Side Repeater Right,500276,Rf Special Cables Rhd,50.0,interactive.device.camerasiderepeaterright,interactive.page.rfspecialcablesrhd
Camera - Front Fascia,500277,Rf Special Cables Rhd,50.0,interactive.device.camerafrontfascia,interactive.page.rfspecialcablesrhd
Antenna - GPS,500278,Rf Special Cables Rhd,50.0,interactive.device.antennagps,interactive.page.rfspecialcablesrhd
X867-1,500295,Rf Special Cables Rhd,50.0,,interactive.page.rfspecialcablesrhd
X880-1,500296,Rf Special Cables Rhd,50.0,,interactive.page.rfspecialcablesrhd
X851A-H,500297,Rf Special Cables Rhd,50.0,,interactive.page.rfspecialcablesrhd
X854A-H,500298,Rf Special Cables Rhd,50.0,,interactive.page.rfspecialcablesrhd
X801A-1,500299,Rf Special Cables Rhd,50.0,,interactive.page.rfspecialcablesrhd
X838A-1,500300,Rf Special Cables Rhd,50.0,,interactive.page.rfspecialcablesrhd
X838A-2,500301,Rf Special Cables Rhd,50.0,,interactive.page.rfspecialcablesrhd
X838A-3,500302,Rf Special Cables Rhd,50.0,,interactive.page.rfspecialcablesrhd
X838A-4,500303,Rf Special Cables Rhd,50.0,,interactive.page.rfspecialcablesrhd
X891A-1,500304,Rf Special Cables Rhd,50.0,,interactive.page.rfspecialcablesrhd
X891A-2,500305,Rf Special Cables Rhd,50.0,,interactive.page.rfspecialcablesrhd
X870A-1,500306,Rf Special Cables Rhd,50.0,,interactive.page.rfspecialcablesrhd
X870A-2,500307,Rf Special Cables Rhd,50.0,,interactive.page.rfspecialcablesrhd
X892A-1,500308,Rf Special Cables Rhd,50.0,,interactive.page.rfspecialcablesrhd
X817-1,500309,Rf Special Cables Rhd,50.0,,interactive.page.rfspecialcablesrhd
X857-1,500310,Rf Special Cables Rhd,50.0,,interactive.page.rfspecialcablesrhd
X857-2,500311,Rf Special Cables Rhd,50.0,,interactive.page.rfspecialcablesrhd
X857-H,500312,Rf Special Cables Rhd,50.0,,interactive.page.rfspecialcablesrhd
G006-1,500313,Rf Special Cables Rhd,50.0,,interactive.page.rfspecialcablesrhd
X189-1,500314,Rf Special Cables Rhd,50.0,,interactive.page.rfspecialcablesrhd
X189-2,500315,Rf Special Cables Rhd,50.0,,interactive.page.rfspecialcablesrhd
X189-3,500316,Rf Special Cables Rhd,50.0,,interactive.page.rfspecialcablesrhd
X189-4,500317,Rf Special Cables Rhd,50.0,,interactive.page.rfspecialcablesrhd
X189-5,500318,Rf Special Cables Rhd,50.0,,interactive.page.rfspecialcablesrhd
X189-6,500319,Rf Special Cables Rhd,50.0,,interactive.page.rfspecialcablesrhd
X189-7,500320,Rf Special Cables Rhd,50.0,,interactive.page.rfspecialcablesrhd
X189-8,500321,Rf Special Cables Rhd,50.0,,interactive.page.rfspecialcablesrhd
X861-1,500322,Rf Special Cables Rhd,50.0,,interactive.page.rfspecialcablesrhd
X861-2,500323,Rf Special Cables Rhd,50.0,,interactive.page.rfspecialcablesrhd
X861-H,500324,Rf Special Cables Rhd,50.0,,interactive.page.rfspecialcablesrhd
X823-1,500325,Rf Special Cables Rhd,50.0,,interactive.page.rfspecialcablesrhd
X825-H,500326,Rf Special Cables Rhd,50.0,,interactive.page.rfspecialcablesrhd
X607-5,500327,Rf Special Cables Rhd,50.0,,interactive.page.rfspecialcablesrhd
X853-1,500328,Rf Special Cables Rhd,50.0,,interactive.page.rfspecialcablesrhd
X898-1,500329,Rf Special Cables Rhd,50.0,,interactive.page.rfspecialcablesrhd
X816-1,500330,Rf Special Cables Rhd,50.0,,interactive.page.rfspecialcablesrhd
X896-1,500331,Rf Special Cables Rhd,50.0,,interactive.page.rfspecialcablesrhd
X833A-H,500332,Rf Special Cables Rhd,50.0,,interactive.page.rfspecialcablesrhd
X852A-1,500333,Rf Special Cables Rhd,50.0,,interactive.page.rfspecialcablesrhd
X858A-1,500334,Rf Special Cables Rhd,50.0,,interactive.page.rfspecialcablesrhd
X858A-2,500335,Rf Special Cables Rhd,50.0,,interactive.page.rfspecialcablesrhd
X858A-H,500336,Rf Special Cables Rhd,50.0,,interactive.page.rfspecialcablesrhd
X850A-H,500337,Rf Special Cables Rhd,50.0,,interactive.page.rfspecialcablesrhd
X176A-1,500338,Rf Special Cables Rhd,50.0,,interactive.page.rfspecialcablesrhd
X176A-2,500339,Rf Special Cables Rhd,50.0,,interactive.page.rfspecialcablesrhd
X176A-3,500340,Rf Special Cables Rhd,50.0,,interactive.page.rfspecialcablesrhd
X176A-4,500341,Rf Special Cables Rhd,50.0,,interactive.page.rfspecialcablesrhd
X176A-5,500342,Rf Special Cables Rhd,50.0,,interactive.page.rfspecialcablesrhd
X176A-6,500343,Rf Special Cables Rhd,50.0,,interactive.page.rfspecialcablesrhd
X176A-7,500344,Rf Special Cables Rhd,50.0,,interactive.page.rfspecialcablesrhd
X176A-8,500345,Rf Special Cables Rhd,50.0,,interactive.page.rfspecialcablesrhd
X860A-1,500346,Rf Special Cables Rhd,50.0,,interactive.page.rfspecialcablesrhd
X860A-2,500347,Rf Special Cables Rhd,50.0,,interactive.page.rfspecialcablesrhd
X860A-H,500348,Rf Special Cables Rhd,50.0,,interactive.page.rfspecialcablesrhd
X171A-14,500349,Rf Special Cables Rhd,50.0,,interactive.page.rfspecialcablesrhd
X849A-H,500350,Rf Special Cables Rhd,50.0,,interactive.page.rfspecialcablesrhd
X824-1,500351,Rf Special Cables Rhd,50.0,,interactive.page.rfspecialcablesrhd
X895-1,500352,Rf Special Cables Rhd,50.0,,interactive.page.rfspecialcablesrhd
X834-1,500353,Rf Special Cables Rhd,50.0,,interactive.page.rfspecialcablesrhd
G031-14,500473,Rf Special Cables Rhd,50.0,,interactive.page.rfspecialcablesrhd
X886M-1,500528,Rf Special Cables Rhd,50.0,,interactive.page.rfspecialcablesrhd
X886F-1,500529,Rf Special Cables Rhd,50.0,,interactive.page.rfspecialcablesrhd
X822F-1,500530,Rf Special Cables Rhd,50.0,,interactive.page.rfspecialcablesrhd
X822M-1,500531,Rf Special Cables Rhd,50.0,,interactive.page.rfspecialcablesrhd
X885M-1,500532,Rf Special Cables Rhd,50.0,,interactive.page.rfspecialcablesrhd
X885F-1,500533,Rf Special Cables Rhd,50.0,,interactive.page.rfspecialcablesrhd
X866F-1,500534,Rf Special Cables Rhd,50.0,,interactive.page.rfspecialcablesrhd
X866M-1,500535,Rf Special Cables Rhd,50.0,,interactive.page.rfspecialcablesrhd
X876F-1,500536,Rf Special Cables Rhd,50.0,,interactive.page.rfspecialcablesrhd
X876M-1,500537,Rf Special Cables Rhd,50.0,,interactive.page.rfspecialcablesrhd
X876F-2,500538,Rf Special Cables Rhd,50.0,,interactive.page.rfspecialcablesrhd
X876M-2,500539,Rf Special Cables Rhd,50.0,,interactive.page.rfspecialcablesrhd
X876F-H,500540,Rf Special Cables Rhd,50.0,,interactive.page.rfspecialcablesrhd
X876M-H,500541,Rf Special Cables Rhd,50.0,,interactive.page.rfspecialcablesrhd
X886M-4,500542,Rf Special Cables Rhd,50.0,,interactive.page.rfspecialcablesrhd
X886F-4,500543,Rf Special Cables Rhd,50.0,,interactive.page.rfspecialcablesrhd
X886M-3,500544,Rf Special Cables Rhd,50.0,,interactive.page.rfspecialcablesrhd
X886F-3,500545,Rf Special Cables Rhd,50.0,,interactive.page.rfspecialcablesrhd
X887M-1,500546,Rf Special Cables Rhd,50.0,,interactive.page.rfspecialcablesrhd
X887F-1,500547,Rf Special Cables Rhd,50.0,,interactive.page.rfspecialcablesrhd
X930F-2,500548,Rf Special Cables Rhd,50.0,,interactive.page.rfspecialcablesrhd
X930M-2,500549,Rf Special Cables Rhd,50.0,,interactive.page.rfspecialcablesrhd
Z1-SCL80,510226,Seats 1r Left,51.0,,interactive.page.seats1rleft
Heat Pad Backrest Front Left,510307,Seats 1r Left,51.0,interactive.device.heatpadbackrestfrontleft,interactive.page.seats1rleft
Ventilation Fan Backrest Front Left,510308,Seats 1r Left,51.0,interactive.device.ventilationfanbackrestfrontleft,interactive.page.seats1rleft
Lumbar Front Left,510309,Seats 1r Left,51.0,interactive.device.lumbarfrontleft,interactive.page.seats1rleft
Ventilation Fan Cushion Front Left,510310,Seats 1r Left,51.0,interactive.device.ventilationfancushionfrontleft,interactive.page.seats1rleft
Lumbar Front Left,510311,Seats 1r Left,51.0,interactive.device.lumbarfrontleft,interactive.page.seats1rleft
Seat Tilt Motor Front Left,510312,Seats 1r Left,51.0,interactive.device.seattiltmotorfrontleft,interactive.page.seats1rleft
Seat Track Motor Front Left,510313,Seats 1r Left,51.0,interactive.device.seattrackmotorfrontleft,interactive.page.seats1rleft
Seat Lift Motor Front Left,510314,Seats 1r Left,51.0,interactive.device.seatliftmotorfrontleft,interactive.page.seats1rleft
Heat Pad Cushion Front Left,510315,Seats 1r Left,51.0,interactive.device.heatpadcushionfrontleft,interactive.page.seats1rleft
Seatbelt Buckle Switch Front Left,510316,Seats 1r Left,51.0,interactive.device.seatbeltbuckleswitchfrontleft,interactive.page.seats1rleft
Seat Backrest Pitch Front Left,510317,Seats 1r Left,51.0,interactive.device.seatbackrestpitchfrontleft,interactive.page.seats1rleft
Occupancy Sensor Front Left,510318,Seats 1r Left,51.0,interactive.device.occupancysensorfrontleft,interactive.page.seats1rleft
Seat Switchpack Front Left,510319,Seats 1r Left,51.0,interactive.device.seatswitchpackfrontleft,interactive.page.seats1rleft
Body Controller Left,510320,Seats 1r Left,51.0,interactive.device.bodycontrollerleft,interactive.page.seats1rleft
Integrated Lumbar Front Left,510321,Seats 1r Left,51.0,interactive.device.integratedlumbarfrontleft,interactive.page.seats1rleft
X616L-1,510337,Seats 1r Left,51.0,,interactive.page.seats1rleft
X616L-2,510338,Seats 1r Left,51.0,,interactive.page.seats1rleft
X626L-1,510339,Seats 1r Left,51.0,,interactive.page.seats1rleft
X626L-2,510340,Seats 1r Left,51.0,,interactive.page.seats1rleft
X626L-3,510341,Seats 1r Left,51.0,,interactive.page.seats1rleft
X619L-1,510342,Seats 1r Left,51.0,,interactive.page.seats1rleft
X619L-2,510343,Seats 1r Left,51.0,,interactive.page.seats1rleft
X619L-3,510344,Seats 1r Left,51.0,,interactive.page.seats1rleft
X619L-4,510345,Seats 1r Left,51.0,,interactive.page.seats1rleft
X619L-6,510346,Seats 1r Left,51.0,,interactive.page.seats1rleft
X625L-1,510347,Seats 1r Left,51.0,,interactive.page.seats1rleft
X625L-2,510348,Seats 1r Left,51.0,,interactive.page.seats1rleft
X625L-3,510349,Seats 1r Left,51.0,,interactive.page.seats1rleft
X620L-1,510350,Seats 1r Left,51.0,,interactive.page.seats1rleft
X620L-3,510351,Seats 1r Left,51.0,,interactive.page.seats1rleft
X621L-1,510352,Seats 1r Left,51.0,,interactive.page.seats1rleft
X621L-2,510353,Seats 1r Left,51.0,,interactive.page.seats1rleft
X621L-3,510354,Seats 1r Left,51.0,,interactive.page.seats1rleft
X621L-4,510355,Seats 1r Left,51.0,,interactive.page.seats1rleft
X614L-1,510356,Seats 1r Left,51.0,,interactive.page.seats1rleft
X614L-2,510357,Seats 1r Left,51.0,,interactive.page.seats1rleft
X614L-4,510358,Seats 1r Left,51.0,,interactive.page.seats1rleft
X614L-5,510359,Seats 1r Left,51.0,,interactive.page.seats1rleft
X618L-1,510360,Seats 1r Left,51.0,,interactive.page.seats1rleft
X618L-2,510361,Seats 1r Left,51.0,,interactive.page.seats1rleft
X618L-3,510362,Seats 1r Left,51.0,,interactive.page.seats1rleft
X618L-4,510363,Seats 1r Left,51.0,,interactive.page.seats1rleft
X617L-1,510364,Seats 1r Left,51.0,,interactive.page.seats1rleft
X617L-2,510365,Seats 1r Left,51.0,,interactive.page.seats1rleft
X617L-3,510366,Seats 1r Left,51.0,,interactive.page.seats1rleft
X617L-4,510367,Seats 1r Left,51.0,,interactive.page.seats1rleft
X610-1,510368,Seats 1r Left,51.0,,interactive.page.seats1rleft
X610-2,510369,Seats 1r Left,51.0,,interactive.page.seats1rleft
X613L-1,510370,Seats 1r Left,51.0,,interactive.page.seats1rleft
X613L-2,510371,Seats 1r Left,51.0,,interactive.page.seats1rleft
X613L-3,510372,Seats 1r Left,51.0,,interactive.page.seats1rleft
X613L-4,510373,Seats 1r Left,51.0,,interactive.page.seats1rleft
X622L-1,510374,Seats 1r Left,51.0,,interactive.page.seats1rleft
X622L-2,510375,Seats 1r Left,51.0,,interactive.page.seats1rleft
X631-1,510376,Seats 1r Left,51.0,,interactive.page.seats1rleft
X631-2,510377,Seats 1r Left,51.0,,interactive.page.seats1rleft
X631-3,510378,Seats 1r Left,51.0,,interactive.page.seats1rleft
X631-4,510379,Seats 1r Left,51.0,,interactive.page.seats1rleft
X032-31,510380,Seats 1r Left,51.0,,interactive.page.seats1rleft
X032-26,510381,Seats 1r Left,51.0,,interactive.page.seats1rleft
X032-32,510382,Seats 1r Left,51.0,,interactive.page.seats1rleft
X032-48,510383,Seats 1r Left,51.0,,interactive.page.seats1rleft
X032-22,510384,Seats 1r Left,51.0,,interactive.page.seats1rleft
X032-9,510385,Seats 1r Left,51.0,,interactive.page.seats1rleft
X032-10,510386,Seats 1r Left,51.0,,interactive.page.seats1rleft
X032-4,510387,Seats 1r Left,51.0,,interactive.page.seats1rleft
X032-34,510388,Seats 1r Left,51.0,,interactive.page.seats1rleft
X032-33,510389,Seats 1r Left,51.0,,interactive.page.seats1rleft
X032-3,510390,Seats 1r Left,51.0,,interactive.page.seats1rleft
X032-6,510391,Seats 1r Left,51.0,,interactive.page.seats1rleft
X032-12,510392,Seats 1r Left,51.0,,interactive.page.seats1rleft
X032-13,510393,Seats 1r Left,51.0,,interactive.page.seats1rleft
X032-5,510394,Seats 1r Left,51.0,,interactive.page.seats1rleft
X032-36,510395,Seats 1r Left,51.0,,interactive.page.seats1rleft
X032-37,510396,Seats 1r Left,51.0,,interactive.page.seats1rleft
X032-47,510397,Seats 1r Left,51.0,,interactive.page.seats1rleft
X032-42,510398,Seats 1r Left,51.0,,interactive.page.seats1rleft
X032-44,510399,Seats 1r Left,51.0,,interactive.page.seats1rleft
X032-43,510400,Seats 1r Left,51.0,,interactive.page.seats1rleft
X032-27,510401,Seats 1r Left,51.0,,interactive.page.seats1rleft
X032-41,510402,Seats 1r Left,51.0,,interactive.page.seats1rleft
X032-49,510403,Seats 1r Left,51.0,,interactive.page.seats1rleft
X032-18,510404,Seats 1r Left,51.0,,interactive.page.seats1rleft
X032-35,510405,Seats 1r Left,51.0,,interactive.page.seats1rleft
X032-16,510406,Seats 1r Left,51.0,,interactive.page.seats1rleft
X032-11,510407,Seats 1r Left,51.0,,interactive.page.seats1rleft
X032-39,510408,Seats 1r Left,51.0,,interactive.page.seats1rleft
X620L-1,510409,Seats 1r Left,51.0,,interactive.page.seats1rleft
X620L-2,510410,Seats 1r Left,51.0,,interactive.page.seats1rleft
X620L-3,510411,Seats 1r Left,51.0,,interactive.page.seats1rleft
Z1-SCR80,520236,Seats 1r Right,52.0,,interactive.page.seats1rright
Seat Track Position Sensor Front Right,520321,Seats 1r Right,52.0,interactive.device.seattrackpositionsensorfrontright,interactive.page.seats1rright
Seat Lift Motor Front Right,520322,Seats 1r Right,52.0,interactive.device.seatliftmotorfrontright,interactive.page.seats1rright
Seat Backrest Pitch Front Right,520323,Seats 1r Right,52.0,interactive.device.seatbackrestpitchfrontright,interactive.page.seats1rright
Heat Pad Backrest Front Right,520324,Seats 1r Right,52.0,interactive.device.heatpadbackrestfrontright,interactive.page.seats1rright
Seatbelt Buckle Switch Front Right,520325,Seats 1r Right,52.0,interactive.device.seatbeltbuckleswitchfrontright,interactive.page.seats1rright
Occupancy Sensor Front Right,520326,Seats 1r Right,52.0,interactive.device.occupancysensorfrontright,interactive.page.seats1rright
Ventilation Fan Backrest Front Right,520327,Seats 1r Right,52.0,interactive.device.ventilationfanbackrestfrontright,interactive.page.seats1rright
Ventilation Fan Cushion Front Right,520328,Seats 1r Right,52.0,interactive.device.ventilationfancushionfrontright,interactive.page.seats1rright
Lumbar Front Right,520329,Seats 1r Right,52.0,interactive.device.lumbarfrontright,interactive.page.seats1rright
Occupant Classification System (OCS),520330,Seats 1r Right,52.0,interactive.device.occupantclassificationsystemocs,interactive.page.seats1rright
Seat Switchpack Front Right,520331,Seats 1r Right,52.0,interactive.device.seatswitchpackfrontright,interactive.page.seats1rright
Heat Pad Cushion Front Right,520332,Seats 1r Right,52.0,interactive.device.heatpadcushionfrontright,interactive.page.seats1rright
Seat Track Motor Front Right,520333,Seats 1r Right,52.0,interactive.device.seattrackmotorfrontright,interactive.page.seats1rright
Seat Tilt Motor Front Right,520334,Seats 1r Right,52.0,interactive.device.seattiltmotorfrontright,interactive.page.seats1rright
Body Controller Right,520335,Seats 1r Right,52.0,interactive.device.bodycontrollerright,interactive.page.seats1rright
Lumbar Front Right,520336,Seats 1r Right,52.0,interactive.device.lumbarfrontright,interactive.page.seats1rright
X624-1,520353,Seats 1r Right,52.0,,interactive.page.seats1rright
X624-2,520354,Seats 1r Right,52.0,,interactive.page.seats1rright
X618R-1,520355,Seats 1r Right,52.0,,interactive.page.seats1rright
X618R-2,520356,Seats 1r Right,52.0,,interactive.page.seats1rright
X618R-3,520357,Seats 1r Right,52.0,,interactive.page.seats1rright
X618R-4,520358,Seats 1r Right,52.0,,interactive.page.seats1rright
X613R-1,520359,Seats 1r Right,52.0,,interactive.page.seats1rright
X613R-2,520360,Seats 1r Right,52.0,,interactive.page.seats1rright
X613R-3,520361,Seats 1r Right,52.0,,interactive.page.seats1rright
X613R-4,520362,Seats 1r Right,52.0,,interactive.page.seats1rright
X616R-1,520363,Seats 1r Right,52.0,,interactive.page.seats1rright
X616R-2,520364,Seats 1r Right,52.0,,interactive.page.seats1rright
X640-1,520365,Seats 1r Right,52.0,,interactive.page.seats1rright
X640-2,520366,Seats 1r Right,52.0,,interactive.page.seats1rright
X622R-1,520367,Seats 1r Right,52.0,,interactive.page.seats1rright
X622R-2,520368,Seats 1r Right,52.0,,interactive.page.seats1rright
X626R-1,520369,Seats 1r Right,52.0,,interactive.page.seats1rright
X626R-2,520370,Seats 1r Right,52.0,,interactive.page.seats1rright
X626R-3,520371,Seats 1r Right,52.0,,interactive.page.seats1rright
X625R-1,520372,Seats 1r Right,52.0,,interactive.page.seats1rright
X625R-2,520373,Seats 1r Right,52.0,,interactive.page.seats1rright
X625R-3,520374,Seats 1r Right,52.0,,interactive.page.seats1rright
X620R-1,520375,Seats 1r Right,52.0,,interactive.page.seats1rright
X620R-3,520376,Seats 1r Right,52.0,,interactive.page.seats1rright
X653-1,520377,Seats 1r Right,52.0,,interactive.page.seats1rright
X653-2,520378,Seats 1r Right,52.0,,interactive.page.seats1rright
X653-3,520379,Seats 1r Right,52.0,,interactive.page.seats1rright
X661-1,520380,Seats 1r Right,52.0,,interactive.page.seats1rright
X661-2,520381,Seats 1r Right,52.0,,interactive.page.seats1rright
X661-3,520382,Seats 1r Right,52.0,,interactive.page.seats1rright
X661-4,520383,Seats 1r Right,52.0,,interactive.page.seats1rright
X617R-1,520384,Seats 1r Right,52.0,,interactive.page.seats1rright
X617R-2,520385,Seats 1r Right,52.0,,interactive.page.seats1rright
X617R-3,520386,Seats 1r Right,52.0,,interactive.page.seats1rright
X617R-4,520387,Seats 1r Right,52.0,,interactive.page.seats1rright
X614R-1,520388,Seats 1r Right,52.0,,interactive.page.seats1rright
X614R-2,520389,Seats 1r Right,52.0,,interactive.page.seats1rright
X614R-4,520390,Seats 1r Right,52.0,,interactive.page.seats1rright
X614R-5,520391,Seats 1r Right,52.0,,interactive.page.seats1rright
X621R-4,520392,Seats 1r Right,52.0,,interactive.page.seats1rright
X621R-3,520393,Seats 1r Right,52.0,,interactive.page.seats1rright
X621R-2,520394,Seats 1r Right,52.0,,interactive.page.seats1rright
X621R-1,520395,Seats 1r Right,52.0,,interactive.page.seats1rright
X052-52,520396,Seats 1r Right,52.0,,interactive.page.seats1rright
X052-13,520397,Seats 1r Right,52.0,,interactive.page.seats1rright
X052-51,520398,Seats 1r Right,52.0,,interactive.page.seats1rright
X052-35,520399,Seats 1r Right,52.0,,interactive.page.seats1rright
X052-17,520400,Seats 1r Right,52.0,,interactive.page.seats1rright
X052-30,520401,Seats 1r Right,52.0,,interactive.page.seats1rright
X052-29,520402,Seats 1r Right,52.0,,interactive.page.seats1rright
X052-5,520403,Seats 1r Right,52.0,,interactive.page.seats1rright
X052-49,520404,Seats 1r Right,52.0,,interactive.page.seats1rright
X052-50,520405,Seats 1r Right,52.0,,interactive.page.seats1rright
X052-6,520406,Seats 1r Right,52.0,,interactive.page.seats1rright
X052-3,520407,Seats 1r Right,52.0,,interactive.page.seats1rright
X052-27,520408,Seats 1r Right,52.0,,interactive.page.seats1rright
X052-26,520409,Seats 1r Right,52.0,,interactive.page.seats1rright
X052-4,520410,Seats 1r Right,52.0,,interactive.page.seats1rright
X052-47,520411,Seats 1r Right,52.0,,interactive.page.seats1rright
X052-46,520412,Seats 1r Right,52.0,,interactive.page.seats1rright
X052-36,520413,Seats 1r Right,52.0,,interactive.page.seats1rright
X052-41,520414,Seats 1r Right,52.0,,interactive.page.seats1rright
X052-39,520415,Seats 1r Right,52.0,,interactive.page.seats1rright
X052-40,520416,Seats 1r Right,52.0,,interactive.page.seats1rright
X052-12,520417,Seats 1r Right,52.0,,interactive.page.seats1rright
X052-42,520418,Seats 1r Right,52.0,,interactive.page.seats1rright
X052-32,520419,Seats 1r Right,52.0,,interactive.page.seats1rright
X052-33,520420,Seats 1r Right,52.0,,interactive.page.seats1rright
X052-34,520421,Seats 1r Right,52.0,,interactive.page.seats1rright
X052-21,520422,Seats 1r Right,52.0,,interactive.page.seats1rright
X052-20,520423,Seats 1r Right,52.0,,interactive.page.seats1rright
X052-18,520424,Seats 1r Right,52.0,,interactive.page.seats1rright
X052-9,520425,Seats 1r Right,52.0,,interactive.page.seats1rright
X052-16,520426,Seats 1r Right,52.0,,interactive.page.seats1rright
X052-10,520427,Seats 1r Right,52.0,,interactive.page.seats1rright
X052-11,520428,Seats 1r Right,52.0,,interactive.page.seats1rright
X052-19,520429,Seats 1r Right,52.0,,interactive.page.seats1rright
X619R-1,520430,Seats 1r Right,52.0,,interactive.page.seats1rright
X619R-2,520431,Seats 1r Right,52.0,,interactive.page.seats1rright
X619R-3,520432,Seats 1r Right,52.0,,interactive.page.seats1rright
X619R-4,520433,Seats 1r Right,52.0,,interactive.page.seats1rright
X619R-6,520434,Seats 1r Right,52.0,,interactive.page.seats1rright
2R Seatbelt Buckle Switch Right and Center,530140,Seats 2r,53.0,interactive.device.2rseatbeltbuckleswitchrightandcenter,interactive.page.seats2r
2R Seatbelt Buckle Switch Left,530141,Seats 2r,53.0,interactive.device.2rseatbeltbuckleswitchleft,interactive.page.seats2r
2R Occupancy Sensor,530142,Seats 2r,53.0,interactive.device.2roccupancysensor,interactive.page.seats2r
2R Heat Pad Backrest Right,530143,Seats 2r,53.0,interactive.device.2rheatpadbackrestright,interactive.page.seats2r
2R Heat Pad Cushion,530144,Seats 2r,53.0,interactive.device.2rheatpadcushion,interactive.page.seats2r
2R Heat Pad Backrest Left,530145,Seats 2r,53.0,interactive.device.2rheatpadbackrestleft,interactive.page.seats2r
Body Controller Right,530146,Seats 2r,53.0,interactive.device.bodycontrollerright,interactive.page.seats2r
Body Controller Left,530147,Seats 2r,53.0,interactive.device.bodycontrollerleft,interactive.page.seats2r
X674-1,530156,Seats 2r,53.0,,interactive.page.seats2r
X674-2,530157,Seats 2r,53.0,,interactive.page.seats2r
X674-3,530158,Seats 2r,53.0,,interactive.page.seats2r
X674-4,530159,Seats 2r,53.0,,interactive.page.seats2r
X673-2,530160,Seats 2r,53.0,,interactive.page.seats2r
X673-1,530161,Seats 2r,53.0,,interactive.page.seats2r
X685-1,530162,Seats 2r,53.0,,interactive.page.seats2r
X685-2,530163,Seats 2r,53.0,,interactive.page.seats2r
X685-3,530164,Seats 2r,53.0,,interactive.page.seats2r
X685-4,530165,Seats 2r,53.0,,interactive.page.seats2r
X677-1,530166,Seats 2r,53.0,,interactive.page.seats2r
X677-2,530167,Seats 2r,53.0,,interactive.page.seats2r
X686-1,530168,Seats 2r,53.0,,interactive.page.seats2r
X686-3,530169,Seats 2r,53.0,,interactive.page.seats2r
X686-7,530170,Seats 2r,53.0,,interactive.page.seats2r
X686-9,530171,Seats 2r,53.0,,interactive.page.seats2r
X686-10,530172,Seats 2r,53.0,,interactive.page.seats2r
X686-12,530173,Seats 2r,53.0,,interactive.page.seats2r
X676-2,530174,Seats 2r,53.0,,interactive.page.seats2r
X676-1,530175,Seats 2r,53.0,,interactive.page.seats2r
X051-40,530176,Seats 2r,53.0,,interactive.page.seats2r
X051-17,530177,Seats 2r,53.0,,interactive.page.seats2r
X050-14,530178,Seats 2r,53.0,,interactive.page.seats2r
X030A-19,530179,Seats 2r,53.0,,interactive.page.seats2r
X039-11,530180,Seats 2r,53.0,,interactive.page.seats2r
X030A-32,530181,Seats 2r,53.0,,interactive.page.seats2r
X030A-31,530182,Seats 2r,53.0,,interactive.page.seats2r
X031-27,530183,Seats 2r,53.0,,interactive.page.seats2r
X030A-29,530184,Seats 2r,53.0,,interactive.page.seats2r
X031-26,530185,Seats 2r,53.0,,interactive.page.seats2r
X030A-5,530186,Seats 2r,53.0,,interactive.page.seats2r
X031-6,530187,Seats 2r,53.0,,interactive.page.seats2r
X031-16,530188,Seats 2r,53.0,,interactive.page.seats2r
X039-6,530189,Seats 2r,53.0,,interactive.page.seats2r
X031-40,530190,Seats 2r,53.0,,interactive.page.seats2r
X031-41,530191,Seats 2r,53.0,,interactive.page.seats2r
X039-5,530192,Seats 2r,53.0,,interactive.page.seats2r
G031-9,530240,Seats 2r,53.0,,interactive.page.seats2r
G031-11,530241,Seats 2r,53.0,,interactive.page.seats2r
G032-4,530242,Seats 2r,53.0,,interactive.page.seats2r
X935M-9,530280,Seats 2r,53.0,,interactive.page.seats2r
X935F-9,530281,Seats 2r,53.0,,interactive.page.seats2r
X935M-25,530282,Seats 2r,53.0,,interactive.page.seats2r
X935F-25,530283,Seats 2r,53.0,,interactive.page.seats2r
Autopilot ECU (RHD),540240,Security Controls,54.0,interactive.device.autopilotecurhd,interactive.page.securitycontrols
Autopilot ECU (LHD),540241,Security Controls,54.0,interactive.device.autopiloteculhd,interactive.page.securitycontrols
Inductive Charger,540242,Security Controls,54.0,interactive.device.inductivecharger,interactive.page.securitycontrols
Authentication and Heater Right B-Pillar,540243,Security Controls,54.0,interactive.device.authenticationandheaterrightbpillar,interactive.page.securitycontrols
Authentication Endpoint Interior,540244,Security Controls,54.0,interactive.device.authenticationendpointinterior,interactive.page.securitycontrols
Authentication Endpoint Rear Center,540245,Security Controls,54.0,interactive.device.authenticationendpointrearcenter,interactive.page.securitycontrols
Authentication and Heater Left B-Pillar,540246,Security Controls,54.0,interactive.device.authenticationandheaterleftbpillar,interactive.page.securitycontrols
Radar Interior,540247,Security Controls,54.0,interactive.device.radarinterior,interactive.page.securitycontrols
Body Controller Left,540248,Security Controls,54.0,interactive.device.bodycontrollerleft,interactive.page.securitycontrols
Body Controller Left,540249,Security Controls,54.0,interactive.device.bodycontrollerleft,interactive.page.securitycontrols
Body Controller Right,540250,Security Controls,54.0,interactive.device.bodycontrollerright,interactive.page.securitycontrols
X121A-17,540262,Security Controls,54.0,,interactive.page.securitycontrols
X121A-18,540263,Security Controls,54.0,,interactive.page.securitycontrols
X121-17,540264,Security Controls,54.0,,interactive.page.securitycontrols
X121-18,540265,Security Controls,54.0,,interactive.page.securitycontrols
X694-5,540266,Security Controls,54.0,,interactive.page.securitycontrols
X694-3,540267,Security Controls,54.0,,interactive.page.securitycontrols
X694-4,540268,Security Controls,54.0,,interactive.page.securitycontrols
X694-1,540269,Security Controls,54.0,,interactive.page.securitycontrols
X694-2,540270,Security Controls,54.0,,interactive.page.securitycontrols
X494-2,540271,Security Controls,54.0,,interactive.page.securitycontrols
X494-5,540272,Security Controls,54.0,,interactive.page.securitycontrols
X494-3,540273,Security Controls,54.0,,interactive.page.securitycontrols
X494-6,540274,Security Controls,54.0,,interactive.page.securitycontrols
X494-1,540275,Security Controls,54.0,,interactive.page.securitycontrols
X490-2,540276,Security Controls,54.0,,interactive.page.securitycontrols
X490-4,540277,Security Controls,54.0,,interactive.page.securitycontrols
X490-1,540278,Security Controls,54.0,,interactive.page.securitycontrols
X490-3,540279,Security Controls,54.0,,interactive.page.securitycontrols
X497-1,540280,Security Controls,54.0,,interactive.page.securitycontrols
X497-2,540281,Security Controls,54.0,,interactive.page.securitycontrols
X497-3,540282,Security Controls,54.0,,interactive.page.securitycontrols
X497-4,540283,Security Controls,54.0,,interactive.page.securitycontrols
X493-2,540284,Security Controls,54.0,,interactive.page.securitycontrols
X493-5,540285,Security Controls,54.0,,interactive.page.securitycontrols
X493-3,540286,Security Controls,54.0,,interactive.page.securitycontrols
X493-6,540287,Security Controls,54.0,,interactive.page.securitycontrols
X493-1,540288,Security Controls,54.0,,interactive.page.securitycontrols
X486-3,540289,Security Controls,54.0,,interactive.page.securitycontrols
X486-4,540290,Security Controls,54.0,,interactive.page.securitycontrols
X486-5,540291,Security Controls,54.0,,interactive.page.securitycontrols
X486-6,540292,Security Controls,54.0,,interactive.page.securitycontrols
X486-7,540293,Security Controls,54.0,,interactive.page.securitycontrols
X486-8,540294,Security Controls,54.0,,interactive.page.securitycontrols
X030A-21,540295,Security Controls,54.0,,interactive.page.securitycontrols
X030A-12,540296,Security Controls,54.0,,interactive.page.securitycontrols
X030A-25,540297,Security Controls,54.0,,interactive.page.securitycontrols
X039-18,540298,Security Controls,54.0,,interactive.page.securitycontrols
X039-19,540299,Security Controls,54.0,,interactive.page.securitycontrols
X039-25,540300,Security Controls,54.0,,interactive.page.securitycontrols
X039-17,540301,Security Controls,54.0,,interactive.page.securitycontrols
X039-16,540302,Security Controls,54.0,,interactive.page.securitycontrols
X039-23,540303,Security Controls,54.0,,interactive.page.securitycontrols
X039-24,540304,Security Controls,54.0,,interactive.page.securitycontrols
X039-28,540305,Security Controls,54.0,,interactive.page.securitycontrols
X039-29,540306,Security Controls,54.0,,interactive.page.securitycontrols
X039-20,540307,Security Controls,54.0,,interactive.page.securitycontrols
X039-21,540308,Security Controls,54.0,,interactive.page.securitycontrols
X030A-15,540309,Security Controls,54.0,,interactive.page.securitycontrols
X030A-16,540310,Security Controls,54.0,,interactive.page.securitycontrols
X051-10,540311,Security Controls,54.0,,interactive.page.securitycontrols
X051-45,540312,Security Controls,54.0,,interactive.page.securitycontrols
X050-20,540313,Security Controls,54.0,,interactive.page.securitycontrols
G031-8,540386,Security Controls,54.0,,interactive.page.securitycontrols
G031-7,540388,Security Controls,54.0,,interactive.page.securitycontrols
G032-14,540389,Security Controls,54.0,,interactive.page.securitycontrols
G031-6,540391,Security Controls,54.0,,interactive.page.securitycontrols
G041-9,540399,Security Controls,54.0,,interactive.page.securitycontrols
X935F-21,540449,Security Controls,54.0,,interactive.page.securitycontrols
X935M-10,540450,Security Controls,54.0,,interactive.page.securitycontrols
X935F-22,540451,Security Controls,54.0,,interactive.page.securitycontrols
X935M-21,540452,Security Controls,54.0,,interactive.page.securitycontrols
X935M-22,540453,Security Controls,54.0,,interactive.page.securitycontrols
X935F-10,540454,Security Controls,54.0,,interactive.page.securitycontrols
X909F-3,540455,Security Controls,54.0,,interactive.page.securitycontrols
X909M-2,540456,Security Controls,54.0,,interactive.page.securitycontrols
X909M-3,540457,Security Controls,54.0,,interactive.page.securitycontrols
X909F-2,540458,Security Controls,54.0,,interactive.page.securitycontrols
X930F-14,540459,Security Controls,54.0,,interactive.page.securitycontrols
X930M-14,540460,Security Controls,54.0,,interactive.page.securitycontrols
X930F-15,540461,Security Controls,54.0,,interactive.page.securitycontrols
X930M-15,540462,Security Controls,54.0,,interactive.page.securitycontrols
Z1-IPG01,550161,Steering,55.0,,interactive.page.steering
Z1-++CCH01,550162,Steering,55.0,,interactive.page.steering
Z1-++CCH01,550163,Steering,55.0,,interactive.page.steering
Z1-++CCH02,550164,Steering,55.0,,interactive.page.steering
Z1-++CCH02,550165,Steering,55.0,,interactive.page.steering
Steering Column Adjust,550228,Steering,55.0,interactive.device.steeringcolumnadjust,interactive.page.steering
Body Controller Left,550229,Steering,55.0,interactive.device.bodycontrollerleft,interactive.page.steering
EPAS (LHD),550230,Steering,55.0,interactive.device.epaslhd,interactive.page.steering
EPAS (RHD),550231,Steering,55.0,interactive.device.epasrhd,interactive.page.steering
Steering Column Control Module (SCCM),550232,Steering,55.0,interactive.device.steeringcolumncontrolmodulesccm,interactive.page.steering
Body Controller Front,550233,Steering,55.0,interactive.device.bodycontrollerfront,interactive.page.steering
X182-2,550240,Steering,55.0,,interactive.page.steering
X182-1,550241,Steering,55.0,,interactive.page.steering
X182-7,550242,Steering,55.0,,interactive.page.steering
X182-8,550243,Steering,55.0,,interactive.page.steering
X182-5,550244,Steering,55.0,,interactive.page.steering
X182-6,550245,Steering,55.0,,interactive.page.steering
X182-11,550246,Steering,55.0,,interactive.page.steering
X182-12,550247,Steering,55.0,,interactive.page.steering
X035-15,550248,Steering,55.0,,interactive.page.steering
X035-31,550249,Steering,55.0,,interactive.page.steering
X035-39,550250,Steering,55.0,,interactive.page.steering
X035-24,550251,Steering,55.0,,interactive.page.steering
X035-36,550252,Steering,55.0,,interactive.page.steering
X035-35,550253,Steering,55.0,,interactive.page.steering
X035-40,550254,Steering,55.0,,interactive.page.steering
X035-5,550255,Steering,55.0,,interactive.page.steering
X035-44,550256,Steering,55.0,,interactive.page.steering
X035-41,550257,Steering,55.0,,interactive.page.steering
X035-20,550258,Steering,55.0,,interactive.page.steering
X035-22,550259,Steering,55.0,,interactive.page.steering
X190-1,550260,Steering,55.0,,interactive.page.steering
X190-2,550261,Steering,55.0,,interactive.page.steering
X191-1,550262,Steering,55.0,,interactive.page.steering
X191-2,550263,Steering,55.0,,interactive.page.steering
X192-1,550264,Steering,55.0,,interactive.page.steering
X193-1,550265,Steering,55.0,,interactive.page.steering
X192-3,550266,Steering,55.0,,interactive.page.steering
X192-2,550267,Steering,55.0,,interactive.page.steering
X193-3,550268,Steering,55.0,,interactive.page.steering
X193-2,550269,Steering,55.0,,interactive.page.steering
X190A-1,550270,Steering,55.0,,interactive.page.steering
X191A-1,550271,Steering,55.0,,interactive.page.steering
X192A-1,550272,Steering,55.0,,interactive.page.steering
X193A-1,550273,Steering,55.0,,interactive.page.steering
X190A-2,550274,Steering,55.0,,interactive.page.steering
X191A-2,550275,Steering,55.0,,interactive.page.steering
X192A-2,550276,Steering,55.0,,interactive.page.steering
X192A-3,550277,Steering,55.0,,interactive.page.steering
X193A-2,550278,Steering,55.0,,interactive.page.steering
X193A-3,550279,Steering,55.0,,interactive.page.steering
X180-7,550280,Steering,55.0,,interactive.page.steering
X180-1,550281,Steering,55.0,,interactive.page.steering
X180-14,550282,Steering,55.0,,interactive.page.steering
X180-6,550283,Steering,55.0,,interactive.page.steering
X180-4,550284,Steering,55.0,,interactive.page.steering
X014-2,550285,Steering,55.0,,interactive.page.steering
X015-2,550286,Steering,55.0,,interactive.page.steering
X010-16,550287,Steering,55.0,,interactive.page.steering
X010-17,550288,Steering,55.0,,interactive.page.steering
X010-40,550289,Steering,55.0,,interactive.page.steering
X010-41,550290,Steering,55.0,,interactive.page.steering
G098,550357,Steering,55.0,,interactive.page.steering
G099,550358,Steering,55.0,,interactive.page.steering
Z1-TLC07,560116,Towing Interface,56.0,,interactive.page.towinginterface
"Trailer Socket, AU",560151,Towing Interface,56.0,interactive.device.trailersocketau,interactive.page.towinginterface
"Trailer Socket, NA",560152,Towing Interface,56.0,interactive.device.trailersocketna,interactive.page.towinginterface
"Trailer Socket, EU",560153,Towing Interface,56.0,interactive.device.trailersocketeu,interactive.page.towinginterface
Trailer Light Controller,560154,Towing Interface,56.0,interactive.device.trailerlightcontroller,interactive.page.towinginterface
Body Controller Left,560155,Towing Interface,56.0,interactive.device.bodycontrollerleft,interactive.page.towinginterface
X045-1,560161,Towing Interface,56.0,,interactive.page.towinginterface
X045-2,560162,Towing Interface,56.0,,interactive.page.towinginterface
X045-3,560163,Towing Interface,56.0,,interactive.page.towinginterface
X045-4,560164,Towing Interface,56.0,,interactive.page.towinginterface
X045-6,560165,Towing Interface,56.0,,interactive.page.towinginterface
X045-7,560166,Towing Interface,56.0,,interactive.page.towinginterface
X043-3,560167,Towing Interface,56.0,,interactive.page.towinginterface
X043-1,560168,Towing Interface,56.0,,interactive.page.towinginterface
X043-4,560169,Towing Interface,56.0,,interactive.page.towinginterface
X043-2,560170,Towing Interface,56.0,,interactive.page.towinginterface
X044-1,560171,Towing Interface,56.0,,interactive.page.towinginterface
X044-2,560172,Towing Interface,56.0,,interactive.page.towinginterface
X044-3,560173,Towing Interface,56.0,,interactive.page.towinginterface
X044-4,560174,Towing Interface,56.0,,interactive.page.towinginterface
X044-5,560175,Towing Interface,56.0,,interactive.page.towinginterface
X044-6,560176,Towing Interface,56.0,,interactive.page.towinginterface
X044-7,560177,Towing Interface,56.0,,interactive.page.towinginterface
X044-8,560178,Towing Interface,56.0,,interactive.page.towinginterface
X041-1,560179,Towing Interface,56.0,,interactive.page.towinginterface
X041-2,560180,Towing Interface,56.0,,interactive.page.towinginterface
X041-3,560181,Towing Interface,56.0,,interactive.page.towinginterface
X042-1,560182,Towing Interface,56.0,,interactive.page.towinginterface
X042-2,560183,Towing Interface,56.0,,interactive.page.towinginterface
X042-4,560184,Towing Interface,56.0,,interactive.page.towinginterface
X042-5,560185,Towing Interface,56.0,,interactive.page.towinginterface
X042-8,560186,Towing Interface,56.0,,interactive.page.towinginterface
X042-9,560187,Towing Interface,56.0,,interactive.page.towinginterface
X042-10,560188,Towing Interface,56.0,,interactive.page.towinginterface
X042-11,560189,Towing Interface,56.0,,interactive.page.towinginterface
X042-12,560190,Towing Interface,56.0,,interactive.page.towinginterface
X030B-11,560191,Towing Interface,56.0,,interactive.page.towinginterface
X030A-7,560192,Towing Interface,56.0,,interactive.page.towinginterface
G041-2,560238,Towing Interface,56.0,,interactive.page.towinginterface
